solid OpenSCAD_Model
  facet normal 0.05450568457673068 -0.9985134602742328 0
    outer loop
      vertex 8.037702485918999 10.7014235034585 0
      vertex 8.016791194677353 10.700282022356987 1
      vertex 8.016791194677353 10.700282022356987 0
    endloop
  endfacet
  facet normal 0.05450568457673068 -0.9985134602742328 0
    outer loop
      vertex 8.037702485918999 10.7014235034585 0
      vertex 8.037702485918999 10.7014235034585 1
      vertex 8.016791194677353 10.700282022356987 1
    endloop
  endfacet
  facet normal 0.09627108633839727 -0.9953551516595597 0
    outer loop
      vertex 8.058547630906105 10.70343965291977 0
      vertex 8.037702485918999 10.7014235034585 1
      vertex 8.037702485918999 10.7014235034585 0
    endloop
  endfacet
  facet normal 0.09627108633839727 -0.9953551516595597 0
    outer loop
      vertex 8.058547630906105 10.70343965291977 0
      vertex 8.058547630906105 10.70343965291977 1
      vertex 8.037702485918999 10.7014235034585 1
    endloop
  endfacet
  facet normal 0.1378682029933586 -0.9904505836251408 0
    outer loop
      vertex 8.079290062189102 10.706326946616173 0
      vertex 8.058547630906105 10.70343965291977 1
      vertex 8.058547630906105 10.70343965291977 0
    endloop
  endfacet
  facet normal 0.1378682029933586 -0.9904505836251408 0
    outer loop
      vertex 8.079290062189102 10.706326946616173 0
      vertex 8.079290062189102 10.706326946616173 1
      vertex 8.058547630906105 10.70343965291977 1
    endloop
  endfacet
  facet normal 0.17922270151297373 -0.9838085297772079 0
    outer loop
      vertex 8.099893391132355 10.710080303251743 0
      vertex 8.079290062189102 10.706326946616173 1
      vertex 8.079290062189102 10.706326946616173 0
    endloop
  endfacet
  facet normal 0.17922270151297373 -0.9838085297772079 0
    outer loop
      vertex 8.099893391132355 10.710080303251743 0
      vertex 8.099893391132355 10.710080303251743 1
      vertex 8.079290062189102 10.706326946616173 1
    endloop
  endfacet
  facet normal 0.22026303349929677 -0.9754405138570408 0
    outer loop
      vertex 8.120321474969387 10.714693143963814 0
      vertex 8.099893391132355 10.710080303251743 1
      vertex 8.099893391132355 10.710080303251743 0
    endloop
  endfacet
  facet normal 0.22026303349929677 -0.9754405138570408 0
    outer loop
      vertex 8.120321474969387 10.714693143963814 0
      vertex 8.120321474969387 10.714693143963814 1
      vertex 8.099893391132355 10.710080303251743 1
    endloop
  endfacet
  facet normal 0.2609170808284489 -0.9653612157798555 0
    outer loop
      vertex 8.140538468956947 10.720157377421856 0
      vertex 8.120321474969387 10.714693143963814 1
      vertex 8.120321474969387 10.714693143963814 0
    endloop
  endfacet
  facet normal 0.2609170808284489 -0.9653612157798555 0
    outer loop
      vertex 8.140538468956947 10.720157377421856 0
      vertex 8.140538468956947 10.720157377421856 1
      vertex 8.120321474969387 10.714693143963814 1
    endloop
  endfacet
  facet normal 0.30111337083897255 -0.9535883482415205 0
    outer loop
      vertex 8.160508923232555 10.726463422179222 0
      vertex 8.140538468956947 10.720157377421856 1
      vertex 8.140538468956947 10.720157377421856 0
    endloop
  endfacet
  facet normal 0.30111337083897255 -0.9535883482415205 0
    outer loop
      vertex 8.160508923232555 10.726463422179222 0
      vertex 8.160508923232555 10.726463422179222 1
      vertex 8.140538468956947 10.720157377421856 1
    endloop
  endfacet
  facet normal 0.3407816124476239 -0.9401424852742255 0
    outer loop
      vertex 8.180197782814503 10.733600214123726 0
      vertex 8.160508923232555 10.726463422179222 1
      vertex 8.160508923232555 10.726463422179222 0
    endloop
  endfacet
  facet normal 0.3407816124476239 -0.9401424852742255 0
    outer loop
      vertex 8.180197782814503 10.733600214123726 0
      vertex 8.180197782814503 10.733600214123726 1
      vertex 8.160508923232555 10.726463422179222 1
    endloop
  endfacet
  facet normal 0.3798517295827045 -0.9250473844798589 0
    outer loop
      vertex 8.199570514261723 10.741555228829384 0
      vertex 8.180197782814503 10.733600214123726 1
      vertex 8.180197782814503 10.733600214123726 0
    endloop
  endfacet
  facet normal 0.3798517295827045 -0.9250473844798589 0
    outer loop
      vertex 8.199570514261723 10.741555228829384 0
      vertex 8.199570514261723 10.741555228829384 1
      vertex 8.180197782814503 10.733600214123726 1
    endloop
  endfacet
  facet normal 0.4182552583263657 -0.9083295320985358 0
    outer loop
      vertex 8.218593128025532 10.750314503908157 0
      vertex 8.199570514261723 10.741555228829384 1
      vertex 8.199570514261723 10.741555228829384 0
    endloop
  endfacet
  facet normal 0.4182552583263657 -0.9083295320985358 0
    outer loop
      vertex 8.218593128025532 10.750314503908157 0
      vertex 8.218593128025532 10.750314503908157 1
      vertex 8.199570514261723 10.741555228829384 1
    endloop
  endfacet
  facet normal 0.4559254572572009 -0.8900179646640917 0
    outer loop
      vertex 8.237232252955437 10.759862683713436 0
      vertex 8.218593128025532 10.750314503908157 1
      vertex 8.218593128025532 10.750314503908157 0
    endloop
  endfacet
  facet normal 0.4559254572572009 -0.8900179646640917 0
    outer loop
      vertex 8.237232252955437 10.759862683713436 0
      vertex 8.237232252955437 10.759862683713436 1
      vertex 8.218593128025532 10.750314503908157 1
    endloop
  endfacet
  facet normal 0.49279558793101563 -0.8701451077353275 0
    outer loop
      vertex 8.255455203354359 10.770183019340038 0
      vertex 8.237232252955437 10.759862683713436 1
      vertex 8.237232252955437 10.759862683713436 0
    endloop
  endfacet
  facet normal 0.49279558793101563 -0.8701451077353275 0
    outer loop
      vertex 8.255455203354359 10.770183019340038 0
      vertex 8.255455203354359 10.770183019340038 1
      vertex 8.237232252955437 10.759862683713436 1
    endloop
  endfacet
  facet normal 0.5288009943918359 -0.8487458443669726 0
    outer loop
      vertex 8.273229993879795 10.781257390975952 0
      vertex 8.255455203354359 10.770183019340038 1
      vertex 8.255455203354359 10.770183019340038 0
    endloop
  endfacet
  facet normal 0.5288009943918359 -0.8487458443669726 0
    outer loop
      vertex 8.273229993879795 10.781257390975952 0
      vertex 8.273229993879795 10.781257390975952 1
      vertex 8.255455203354359 10.770183019340038 1
    endloop
  endfacet
  facet normal 0.5638790839072554 -0.8258573597976314 0
    outer loop
      vertex 8.290525443851948 10.793066382408142 0
      vertex 8.273229993879795 10.781257390975952 1
      vertex 8.273229993879795 10.781257390975952 0
    endloop
  endfacet
  facet normal 0.5638790839072554 -0.8258573597976314 0
    outer loop
      vertex 8.290525443851948 10.793066382408142 0
      vertex 8.290525443851948 10.793066382408142 1
      vertex 8.273229993879795 10.781257390975952 1
    endloop
  endfacet
  facet normal 0.5979679878524221 -0.8015199844693366 0
    outer loop
      vertex 8.307311214506626 10.805589281022549 0
      vertex 8.290525443851948 10.793066382408142 1
      vertex 8.290525443851948 10.793066382408142 0
    endloop
  endfacet
  facet normal 0.5979679878524221 -0.8015199844693366 0
    outer loop
      vertex 8.307311214506626 10.805589281022549 0
      vertex 8.307311214506626 10.805589281022549 1
      vertex 8.290525443851948 10.793066382408142 1
    endloop
  endfacet
  facet normal 0.6310074657166108 -0.7757767579722276 0
    outer loop
      vertex 8.323557861149311 10.818804107606411 0
      vertex 8.307311214506626 10.805589281022549 1
      vertex 8.307311214506626 10.805589281022549 0
    endloop
  endfacet
  facet normal 0.6310074657166108 -0.7757767579722276 0
    outer loop
      vertex 8.323557861149311 10.818804107606411 0
      vertex 8.323557861149311 10.818804107606411 1
      vertex 8.307311214506626 10.805589281022549 1
    endloop
  endfacet
  facet normal 0.6629401370694668 -0.7486724081080566 0
    outer loop
      vertex 8.339236870408058 10.832687675952911 0
      vertex 8.323557861149311 10.818804107606411 1
      vertex 8.323557861149311 10.818804107606411 0
    endloop
  endfacet
  facet normal 0.6629401370694668 -0.7486724081080566 0
    outer loop
      vertex 8.339236870408058 10.832687675952911 0
      vertex 8.339236870408058 10.832687675952911 1
      vertex 8.323557861149311 10.818804107606411 1
    endloop
  endfacet
  facet normal 0.6937094978772047 -0.7202549080394778 0
    outer loop
      vertex 8.354320749640465 10.847215630114079 0
      vertex 8.339236870408058 10.832687675952911 1
      vertex 8.339236870408058 10.832687675952911 0
    endloop
  endfacet
  facet normal 0.6937094978772047 -0.7202549080394778 0
    outer loop
      vertex 8.354320749640465 10.847215630114079 0
      vertex 8.354320749640465 10.847215630114079 1
      vertex 8.339236870408058 10.832687675952911 1
    endloop
  endfacet
  facet normal 0.7232624117496975 -0.6905733007798743 0
    outer loop
      vertex 8.36878302693367 10.862362496554852 0
      vertex 8.354320749640465 10.847215630114079 1
      vertex 8.354320749640465 10.847215630114079 0
    endloop
  endfacet
  facet normal 0.7232624117496975 -0.6905733007798743 0
    outer loop
      vertex 8.36878302693367 10.862362496554852 0
      vertex 8.36878302693367 10.862362496554852 1
      vertex 8.354320749640465 10.847215630114079 1
    endloop
  endfacet
  facet normal 0.751546156143268 -0.6596805099336183 0
    outer loop
      vertex 8.382598333060741 10.87810169160366 0
      vertex 8.36878302693367 10.862362496554852 1
      vertex 8.36878302693367 10.862362496554852 0
    endloop
  endfacet
  facet normal 0.751546156143268 -0.6596805099336183 0
    outer loop
      vertex 8.382598333060741 10.87810169160366 0
      vertex 8.382598333060741 10.87810169160366 1
      vertex 8.36878302693367 10.862362496554852 1
    endloop
  endfacet
  facet normal 0.7785117568922042 -0.6276300218923673 0
    outer loop
      vertex 8.395742423832417 10.894405610859394 0
      vertex 8.382598333060741 10.87810169160366 1
      vertex 8.382598333060741 10.87810169160366 0
    endloop
  endfacet
  facet normal 0.7785117568922042 -0.6276300218923673 0
    outer loop
      vertex 8.395742423832417 10.894405610859394 0
      vertex 8.395742423832417 10.894405610859394 1
      vertex 8.382598333060741 10.87810169160366 1
    endloop
  endfacet
  facet normal 0.8041109689898055 -0.594479225499324 0
    outer loop
      vertex 8.408192254602909 10.91124563664198 0
      vertex 8.395742423832417 10.894405610859394 1
      vertex 8.395742423832417 10.894405610859394 0
    endloop
  endfacet
  facet normal 0.8041109689898055 -0.594479225499324 0
    outer loop
      vertex 8.408192254602909 10.91124563664198 0
      vertex 8.408192254602909 10.91124563664198 1
      vertex 8.395742423832417 10.894405610859394 1
    endloop
  endfacet
  facet normal 0.8282997099779114 -0.5602852759536948 0
    outer loop
      vertex 8.41992598772049 10.92859224230051 0
      vertex 8.408192254602909 10.91124563664198 1
      vertex 8.408192254602909 10.91124563664198 0
    endloop
  endfacet
  facet normal 0.8282997099779114 -0.5602852759536948 0
    outer loop
      vertex 8.41992598772049 10.92859224230051 0
      vertex 8.41992598772049 10.92859224230051 1
      vertex 8.408192254602909 10.91124563664198 1
    endloop
  endfacet
  facet normal 0.8510357726290494 -0.5251077162884553 0
    outer loop
      vertex 8.430923014879227 10.94641499221325 0
      vertex 8.41992598772049 10.92859224230051 1
      vertex 8.41992598772049 10.92859224230051 0
    endloop
  endfacet
  facet normal 0.8510357726290494 -0.5251077162884553 0
    outer loop
      vertex 8.430923014879227 10.94641499221325 0
      vertex 8.430923014879227 10.94641499221325 1
      vertex 8.41992598772049 10.92859224230051 1
    endloop
  endfacet
  facet normal 0.8722783131048419 -0.4890097590917501 0
    outer loop
      vertex 8.441164061427116 10.96468260884285 0
      vertex 8.430923014879227 10.94641499221325 1
      vertex 8.430923014879227 10.94641499221325 0
    endloop
  endfacet
  facet normal 0.8722783131048419 -0.4890097590917501 0
    outer loop
      vertex 8.441164061427116 10.96468260884285 0
      vertex 8.441164061427116 10.96468260884285 1
      vertex 8.430923014879227 10.94641499221325 1
    endloop
  endfacet
  facet normal 0.891990802391722 -0.45205354599712205 0
    outer loop
      vertex 8.450631156563759 10.983363054692745 0
      vertex 8.441164061427116 10.96468260884285 1
      vertex 8.441164061427116 10.96468260884285 0
    endloop
  endfacet
  facet normal 0.891990802391722 -0.45205354599712205 0
    outer loop
      vertex 8.450631156563759 10.983363054692745 0
      vertex 8.450631156563759 10.983363054692745 1
      vertex 8.441164061427116 10.96468260884285 1
    endloop
  endfacet
  facet normal 0.9101385768803459 -0.4143039595203242 0
    outer loop
      vertex 8.459307685494423 11.00242356210947 0
      vertex 8.450631156563759 10.983363054692745 1
      vertex 8.450631156563759 10.983363054692745 0
    endloop
  endfacet
  facet normal 0.9101385768803459 -0.4143039595203242 0
    outer loop
      vertex 8.459307685494423 11.00242356210947 0
      vertex 8.459307685494423 11.00242356210947 1
      vertex 8.450631156563759 10.983363054692745 1
    endloop
  endfacet
  facet normal 0.9266894005022434 -0.3758280923464781 0
    outer loop
      vertex 8.46717843413353 11.021830677986145 0
      vertex 8.459307685494423 11.00242356210947 1
      vertex 8.459307685494423 11.00242356210947 0
    endloop
  endfacet
  facet normal 0.9266894005022434 -0.3758280923464781 0
    outer loop
      vertex 8.46717843413353 11.021830677986145 0
      vertex 8.46717843413353 11.021830677986145 1
      vertex 8.459307685494423 11.00242356210947 1
    endloop
  endfacet
  facet normal 0.9416145172315888 -0.33669288816178167 0
    outer loop
      vertex 8.474229596555233 11.041550360620022 0
      vertex 8.46717843413353 11.021830677986145 1
      vertex 8.46717843413353 11.021830677986145 0
    endloop
  endfacet
  facet normal 0.9416145172315888 -0.33669288816178167 0
    outer loop
      vertex 8.474229596555233 11.041550360620022 0
      vertex 8.474229596555233 11.041550360620022 1
      vertex 8.46717843413353 11.021830677986145 1
    endloop
  endfacet
  facet normal 0.9484591926949326 -0.31689928966862124 0
    outer loop
      vertex 8.572278834879398 11.335005424916744 0
      vertex 8.474229596555233 11.041550360620022 1
      vertex 8.474229596555233 11.041550360620022 0
    endloop
  endfacet
  facet normal 0.9484591926949326 -0.31689928966862124 0
    outer loop
      vertex 8.572278834879398 11.335005424916744 0
      vertex 8.572278834879398 11.335005424916744 1
      vertex 8.474229596555233 11.041550360620022 1
    endloop
  endfacet
  facet normal 0.9457446635450106 -0.324910805262205 0
    outer loop
      vertex 8.669236645102501 11.617228515446186 0
      vertex 8.572278834879398 11.335005424916744 1
      vertex 8.572278834879398 11.335005424916744 0
    endloop
  endfacet
  facet normal 0.9457446635450106 -0.324910805262205 0
    outer loop
      vertex 8.669236645102501 11.617228515446186 0
      vertex 8.669236645102501 11.617228515446186 1
      vertex 8.572278834879398 11.335005424916744 1
    endloop
  endfacet
  facet normal 0.9427302368079455 -0.33355614311242243 0
    outer loop
      vertex 8.765769995748997 11.890060871839523 0
      vertex 8.669236645102501 11.617228515446186 1
      vertex 8.669236645102501 11.617228515446186 0
    endloop
  endfacet
  facet normal 0.9427302368079455 -0.33355614311242243 0
    outer loop
      vertex 8.765769995748997 11.890060871839523 0
      vertex 8.765769995748997 11.890060871839523 1
      vertex 8.669236645102501 11.617228515446186 1
    endloop
  endfacet
  facet normal 0.9393779933091085 -0.3428833412205273 0
    outer loop
      vertex 8.861923307180405 12.153486631810665 0
      vertex 8.765769995748997 11.890060871839523 1
      vertex 8.765769995748997 11.890060871839523 0
    endloop
  endfacet
  facet normal 0.9393779933091085 -0.3428833412205273 0
    outer loop
      vertex 8.861923307180405 12.153486631810665 0
      vertex 8.861923307180405 12.153486631810665 1
      vertex 8.765769995748997 11.890060871839523 1
    endloop
  endfacet
  facet normal 0.9356442389093299 -0.3529445539964896 0
    outer loop
      vertex 8.95773809403181 12.40748843550682 0
      vertex 8.861923307180405 12.153486631810665 1
      vertex 8.861923307180405 12.153486631810665 0
    endloop
  endfacet
  facet normal 0.9356442389093299 -0.3529445539964896 0
    outer loop
      vertex 8.95773809403181 12.40748843550682 0
      vertex 8.95773809403181 12.40748843550682 1
      vertex 8.861923307180405 12.153486631810665 1
    endloop
  endfacet
  facet normal 0.9314785443355731 -0.36379626364557643 0
    outer loop
      vertex 9.05325223505497 12.652046672999859 0
      vertex 8.95773809403181 12.40748843550682 1
      vertex 8.95773809403181 12.40748843550682 0
    endloop
  endfacet
  facet normal 0.9314785443355731 -0.36379626364557643 0
    outer loop
      vertex 9.05325223505497 12.652046672999859 0
      vertex 9.05325223505497 12.652046672999859 1
      vertex 8.95773809403181 12.40748843550682 1
    endloop
  endfacet
  facet normal 0.9268226934511589 -0.3754992608567145 0
    outer loop
      vertex 9.148499332368374 12.887139469385147 0
      vertex 9.05325223505497 12.652046672999859 1
      vertex 9.05325223505497 12.652046672999859 0
    endloop
  endfacet
  facet normal 0.9268226934511589 -0.3754992608567145 0
    outer loop
      vertex 9.148499332368374 12.887139469385147 0
      vertex 9.148499332368374 12.887139469385147 1
      vertex 9.05325223505497 12.652046672999859 1
    endloop
  endfacet
  facet normal 0.9216091986972922 -0.38811916324311396 0
    outer loop
      vertex 9.243508078157902 13.112742692232132 0
      vertex 9.148499332368374 12.887139469385147 1
      vertex 9.148499332368374 12.887139469385147 0
    endloop
  endfacet
  facet normal 0.9216091986972922 -0.38811916324311396 0
    outer loop
      vertex 9.243508078157902 13.112742692232132 0
      vertex 9.243508078157902 13.112742692232132 1
      vertex 9.148499332368374 12.887139469385147 1
    endloop
  endfacet
  facet normal 0.9157599201304645 -0.40172598706412466 0
    outer loop
      vertex 9.338301464915276 13.328830242156982 0
      vertex 9.243508078157902 13.112742692232132 1
      vertex 9.243508078157902 13.112742692232132 0
    endloop
  endfacet
  facet normal 0.9157599201304645 -0.40172598706412466 0
    outer loop
      vertex 9.338301464915276 13.328830242156982 0
      vertex 9.338301464915276 13.328830242156982 1
      vertex 9.243508078157902 13.112742692232132 1
    endloop
  endfacet
  facet normal 0.9091840834227869 -0.4163944073239539 0
    outer loop
      vertex 9.43289539963007 13.535373121500015 0
      vertex 9.338301464915276 13.328830242156982 1
      vertex 9.338301464915276 13.328830242156982 0
    endloop
  endfacet
  facet normal 0.9091840834227869 -0.4163944073239539 0
    outer loop
      vertex 9.43289539963007 13.535373121500015 0
      vertex 9.43289539963007 13.535373121500015 1
      vertex 9.338301464915276 13.328830242156982 1
    endloop
  endfacet
  facet normal 0.9017762997615961 -0.4322030832702193 0
    outer loop
      vertex 9.527298256754875 13.732341311872005 0
      vertex 9.43289539963007 13.535373121500015 1
      vertex 9.43289539963007 13.535373121500015 0
    endloop
  endfacet
  facet normal 0.9017762997615961 -0.4322030832702193 0
    outer loop
      vertex 9.527298256754875 13.732341311872005 0
      vertex 9.527298256754875 13.732341311872005 1
      vertex 9.43289539963007 13.535373121500015 1
    endloop
  endfacet
  facet normal 0.8934140875785516 -0.44923409055433916 0
    outer loop
      vertex 9.62150875478983 13.919702395796776 0
      vertex 9.527298256754875 13.732341311872005 1
      vertex 9.527298256754875 13.732341311872005 0
    endloop
  endfacet
  facet normal 0.8934140875785516 -0.44923409055433916 0
    outer loop
      vertex 9.62150875478983 13.919702395796776 0
      vertex 9.62150875478983 13.919702395796776 1
      vertex 9.527298256754875 13.732341311872005 1
    endloop
  endfacet
  facet normal 0.8839551707743876 -0.46757165874464995 0
    outer loop
      vertex 9.71551538258791 14.097424127161503 0
      vertex 9.62150875478983 13.919702395796776 1
      vertex 9.62150875478983 13.919702395796776 0
    endloop
  endfacet
  facet normal 0.8839551707743876 -0.46757165874464995 0
    outer loop
      vertex 9.71551538258791 14.097424127161503 0
      vertex 9.71551538258791 14.097424127161503 1
      vertex 9.62150875478983 13.919702395796776 1
    endloop
  endfacet
  facet normal 0.8732344968374437 -0.4873002293587153 0
    outer loop
      vertex 9.809294082224369 14.265474110841751 0
      vertex 9.71551538258791 14.097424127161503 1
      vertex 9.71551538258791 14.097424127161503 0
    endloop
  endfacet
  facet normal 0.8732344968374437 -0.4873002293587153 0
    outer loop
      vertex 9.809294082224369 14.265474110841751 0
      vertex 9.809294082224369 14.265474110841751 1
      vertex 9.71551538258791 14.097424127161503 1
    endloop
  endfacet
  facet normal 0.8610609580797789 -0.5085017467725487 0
    outer loop
      vertex 9.90280744433403 14.423823036253452 0
      vertex 9.809294082224369 14.265474110841751 1
      vertex 9.809294082224369 14.265474110841751 0
    endloop
  endfacet
  facet normal 0.8610609580797789 -0.5085017467725487 0
    outer loop
      vertex 9.90280744433403 14.423823036253452 0
      vertex 9.90280744433403 14.423823036253452 1
      vertex 9.809294082224369 14.265474110841751 1
    endloop
  endfacet
  facet normal 0.847214017684037 -0.5312517371639098 0
    outer loop
      vertex 9.996001996099949 14.572445102036 0
      vertex 9.90280744433403 14.423823036253452 1
      vertex 9.90280744433403 14.423823036253452 0
    endloop
  endfacet
  facet normal 0.847214017684037 -0.5312517371639098 0
    outer loop
      vertex 9.996001996099949 14.572445102036 0
      vertex 9.996001996099949 14.572445102036 1
      vertex 9.90280744433403 14.423823036253452 1
    endloop
  endfacet
  facet normal 0.8314406884177753 -0.5556135182331114 0
    outer loop
      vertex 10.088807813823223 14.71132317185402 0
      vertex 9.996001996099949 14.572445102036 1
      vertex 9.996001996099949 14.572445102036 0
    endloop
  endfacet
  facet normal 0.8314406884177753 -0.5556135182331114 0
    outer loop
      vertex 10.088807813823223 14.71132317185402 0
      vertex 10.088807813823223 14.71132317185402 1
      vertex 9.996001996099949 14.572445102036 1
    endloop
  endfacet
  facet normal 0.8134527245124699 -0.5816310385315073 0
    outer loop
      vertex 10.18113649636507 14.840451456606388 0
      vertex 10.088807813823223 14.71132317185402 1
      vertex 10.088807813823223 14.71132317185402 0
    endloop
  endfacet
  facet normal 0.8134527245124699 -0.5816310385315073 0
    outer loop
      vertex 10.18113649636507 14.840451456606388 0
      vertex 10.18113649636507 14.840451456606388 1
      vertex 10.088807813823223 14.71132317185402 1
    endloop
  endfacet
  facet normal 0.7929254627855178 -0.6093186444434247 0
    outer loop
      vertex 10.272881723940372 14.959842398762703 0
      vertex 10.18113649636507 14.840451456606388 1
      vertex 10.18113649636507 14.840451456606388 0
    endloop
  endfacet
  facet normal 0.7929254627855178 -0.6093186444434247 0
    outer loop
      vertex 10.272881723940372 14.959842398762703 0
      vertex 10.272881723940372 14.959842398762703 1
      vertex 10.18113649636507 14.840451456606388 1
    endloop
  endfacet
  facet normal 0.7694982291914013 -0.6386489452518479 0
    outer loop
      vertex 10.363920405507088 15.069533497095108 0
      vertex 10.272881723940372 14.959842398762703 1
      vertex 10.272881723940372 14.959842398762703 0
    endloop
  endfacet
  facet normal 0.7694982291914013 -0.6386489452518479 0
    outer loop
      vertex 10.363920405507088 15.069533497095108 0
      vertex 10.363920405507088 15.069533497095108 1
      vertex 10.272881723940372 14.959842398762703 1
    endloop
  endfacet
  facet normal 0.7427789887495514 -0.6695366859793375 0
    outer loop
      vertex 10.454115308821201 15.169595047831535 0
      vertex 10.363920405507088 15.069533497095108 1
      vertex 10.363920405507088 15.069533497095108 0
    endloop
  endfacet
  facet normal 0.7427789887495514 -0.6695366859793375 0
    outer loop
      vertex 10.454115308821201 15.169595047831535 0
      vertex 10.454115308821201 15.169595047831535 1
      vertex 10.363920405507088 15.069533497095108 1
    endloop
  endfacet
  facet normal 0.7123534215526468 -0.7018209193250349 0
    outer loop
      vertex 10.54332184791565 15.260140344500542 0
      vertex 10.454115308821201 15.169595047831535 1
      vertex 10.454115308821201 15.169595047831535 0
    endloop
  endfacet
  facet normal 0.7123534215526468 -0.7018209193250349 0
    outer loop
      vertex 10.54332184791565 15.260140344500542 0
      vertex 10.54332184791565 15.260140344500542 1
      vertex 10.454115308821201 15.169595047831535 1
    endloop
  endfacet
  facet normal 0.6778015076921052 -0.7352449361745438 0
    outer loop
      vertex 10.63139921426773 15.341336376965046 0
      vertex 10.54332184791565 15.260140344500542 1
      vertex 10.54332184791565 15.260140344500542 0
    endloop
  endfacet
  facet normal 0.6778015076921052 -0.7352449361745438 0
    outer loop
      vertex 10.63139921426773 15.341336376965046 0
      vertex 10.63139921426773 15.341336376965046 1
      vertex 10.54332184791565 15.260140344500542 1
    endloop
  endfacet
  facet normal 0.6387233400351955 -0.7694364787909941 0
    outer loop
      vertex 10.718224607408047 15.413411729037762 0
      vertex 10.63139921426773 15.341336376965046 1
      vertex 10.63139921426773 15.341336376965046 0
    endloop
  endfacet
  facet normal 0.6387233400351955 -0.7694364787909941 0
    outer loop
      vertex 10.718224607408047 15.413411729037762 0
      vertex 10.718224607408047 15.413411729037762 1
      vertex 10.63139921426773 15.341336376965046 1
    endloop
  endfacet
  facet normal 0.5947752403139719 -0.8038920409541677 0
    outer loop
      vertex 10.803715094923973 15.476663537323475 0
      vertex 10.718224607408047 15.413411729037762 1
      vertex 10.718224607408047 15.413411729037762 0
    endloop
  endfacet
  facet normal 0.5947752403139719 -0.8038920409541677 0
    outer loop
      vertex 10.803715094923973 15.476663537323475 0
      vertex 10.803715094923973 15.476663537323475 1
      vertex 10.718224607408047 15.413411729037762 1
    endloop
  endfacet
  facet normal 0.5457174805628872 -0.8379692305855239 0
    outer loop
      vertex 10.88785244524479 15.531456984579563 0
      vertex 10.803715094923973 15.476663537323475 1
      vertex 10.803715094923973 15.476663537323475 0
    endloop
  endfacet
  facet normal 0.5457174805628872 -0.8379692305855239 0
    outer loop
      vertex 10.88785244524479 15.531456984579563 0
      vertex 10.88785244524479 15.531456984579563 1
      vertex 10.803715094923973 15.476663537323475 1
    endloop
  endfacet
  facet normal 0.49146842893423004 -0.8708953917439911 0
    outer loop
      vertex 10.970712579786777 15.578217066824436 0
      vertex 10.88785244524479 15.531456984579563 1
      vertex 10.88785244524479 15.531456984579563 0
    endloop
  endfacet
  facet normal 0.49146842893423004 -0.8708953917439911 0
    outer loop
      vertex 10.970712579786777 15.578217066824436 0
      vertex 10.970712579786777 15.578217066824436 1
      vertex 10.88785244524479 15.531456984579563 1
    endloop
  endfacet
  facet normal 0.43216137654558195 -0.9017962877625011 0
    outer loop
      vertex 11.052490465342999 15.617406897246838 0
      vertex 10.970712579786777 15.578217066824436 1
      vertex 10.970712579786777 15.578217066824436 0
    endloop
  endfacet
  facet normal 0.43216137654558195 -0.9017962877625011 0
    outer loop
      vertex 11.052490465342999 15.617406897246838 0
      vertex 11.052490465342999 15.617406897246838 1
      vertex 10.970712579786777 15.578217066824436 1
    endloop
  endfacet
  facet normal 0.3681914343332729 -0.9297500027876349 0
    outer loop
      vertex 11.13351932913065 15.649495236575603 0
      vertex 11.052490465342999 15.617406897246838 1
      vertex 11.052490465342999 15.617406897246838 0
    endloop
  endfacet
  facet normal 0.3681914343332729 -0.9297500027876349 0
    outer loop
      vertex 11.13351932913065 15.649495236575603 0
      vertex 11.13351932913065 15.649495236575603 1
      vertex 11.052490465342999 15.617406897246838 1
    endloop
  endfacet
  facet normal 0.300239025192304 -0.953863998561417 0
    outer loop
      vertex 11.214274026453495 15.67491365224123 0
      vertex 11.13351932913065 15.649495236575603 1
      vertex 11.13351932913065 15.649495236575603 0
    endloop
  endfacet
  facet normal 0.300239025192304 -0.953863998561417 0
    outer loop
      vertex 11.214274026453495 15.67491365224123 0
      vertex 11.214274026453495 15.67491365224123 1
      vertex 11.13351932913065 15.649495236575603 1
    endloop
  endfacet
  facet normal 0.22925905838144905 -0.9733654422415311 0
    outer loop
      vertex 11.295354656875134 15.694010764360428 0
      vertex 11.214274026453495 15.67491365224123 1
      vertex 11.214274026453495 15.67491365224123 0
    endloop
  endfacet
  facet normal 0.22925905838144905 -0.9733654422415311 0
    outer loop
      vertex 11.295354656875134 15.694010764360428 0
      vertex 11.295354656875134 15.694010764360428 1
      vertex 11.214274026453495 15.67491365224123 1
    endloop
  endfacet
  facet normal 0.156426683399319 -0.9876895730545551 0
    outer loop
      vertex 11.377450197935104 15.707012757658958 0
      vertex 11.295354656875134 15.694010764360428 1
      vertex 11.295354656875134 15.694010764360428 0
    endloop
  endfacet
  facet normal 0.156426683399319 -0.9876895730545551 0
    outer loop
      vertex 11.377450197935104 15.707012757658958 0
      vertex 11.377450197935104 15.707012757658958 1
      vertex 11.295354656875134 15.694010764360428 1
    endloop
  endfacet
  facet normal 0.08304657926571386 -0.9965456666266045 0
    outer loop
      vertex 11.46128635108471 15.713999196887016 0
      vertex 11.377450197935104 15.707012757658958 1
      vertex 11.377450197935104 15.707012757658958 0
    endloop
  endfacet
  facet normal 0.08304657926571386 -0.9965456666266045 0
    outer loop
      vertex 11.46128635108471 15.713999196887016 0
      vertex 11.46128635108471 15.713999196887016 1
      vertex 11.377450197935104 15.707012757658958 1
    endloop
  endfacet
  facet normal 0.010438098867573195 -0.9999455215620652 0
    outer loop
      vertex 11.547567807137966 15.714899860322475 0
      vertex 11.46128635108471 15.713999196887016 1
      vertex 11.46128635108471 15.713999196887016 0
    endloop
  endfacet
  facet normal 0.010438098867573195 -0.9999455215620652 0
    outer loop
      vertex 11.547567807137966 15.714899860322475 0
      vertex 11.547567807137966 15.714899860322475 1
      vertex 11.46128635108471 15.713999196887016 1
    endloop
  endfacet
  facet normal -0.060177828792833093 -0.9981876721948535 0
    outer loop
      vertex 11.636925332248211 15.709512755274773 0
      vertex 11.547567807137966 15.714899860322475 1
      vertex 11.547567807137966 15.714899860322475 0
    endloop
  endfacet
  facet normal -0.060177828792833093 -0.9981876721948535 0
    outer loop
      vertex 11.636925332248211 15.709512755274773 0
      vertex 11.636925332248211 15.709512755274773 1
      vertex 11.547567807137966 15.714899860322475 1
    endloop
  endfacet
  facet normal -0.12777109069645728 -0.9918036843963818 0
    outer loop
      vertex 11.729879029095173 15.697537809610367 0
      vertex 11.636925332248211 15.709512755274773 1
      vertex 11.636925332248211 15.709512755274773 0
    endloop
  endfacet
  facet normal -0.12777109069645728 -0.9918036843963818 0
    outer loop
      vertex 11.729879029095173 15.697537809610367 0
      vertex 11.729879029095173 15.697537809610367 1
      vertex 11.636925332248211 15.709512755274773 1
    endloop
  endfacet
  facet normal -0.191558658052449 -0.9814811666685943 0
    outer loop
      vertex 11.826819702982903 15.678617604076862 0
      vertex 11.729879029095173 15.697537809610367 1
      vertex 11.729879029095173 15.697537809610367 0
    endloop
  endfacet
  facet normal -0.191558658052449 -0.9814811666685943 0
    outer loop
      vertex 11.826819702982903 15.678617604076862 0
      vertex 11.826819702982903 15.678617604076862 1
      vertex 11.729879029095173 15.697537809610367 1
    endloop
  endfacet
  facet normal -0.2510209400643972 -0.9679816566697875 0
    outer loop
      vertex 11.928009510040283 15.652376651763916 0
      vertex 11.826819702982903 15.678617604076862 1
      vertex 11.826819702982903 15.678617604076862 0
    endloop
  endfacet
  facet normal -0.2510209400643972 -0.9679816566697875 0
    outer loop
      vertex 11.928009510040283 15.652376651763916 0
      vertex 11.928009510040283 15.652376651763916 1
      vertex 11.826819702982903 15.678617604076862 1
    endloop
  endfacet
  facet normal -0.3058858085345045 -0.9520682077126578 0
    outer loop
      vertex 12.033595368266106 15.618453435599804 0
      vertex 11.928009510040283 15.652376651763916 1
      vertex 11.928009510040283 15.652376651763916 0
    endloop
  endfacet
  facet normal -0.3058858085345045 -0.9520682077126578 0
    outer loop
      vertex 12.033595368266106 15.618453435599804 0
      vertex 12.033595368266106 15.618453435599804 1
      vertex 11.928009510040283 15.652376651763916 1
    endloop
  endfacet
  facet normal -0.3560905141805869 -0.9344514678198143 0
    outer loop
      vertex 12.14363145828247 15.576522089540958 0
      vertex 12.033595368266106 15.618453435599804 1
      vertex 12.033595368266106 15.618453435599804 0
    endloop
  endfacet
  facet normal -0.3560905141805869 -0.9344514678198143 0
    outer loop
      vertex 12.14363145828247 15.576522089540958 0
      vertex 12.14363145828247 15.576522089540958 1
      vertex 12.033595368266106 15.618453435599804 1
    endloop
  endfacet
  facet normal -0.40173456435689353 -0.9157561573917901 0
    outer loop
      vertex 12.25810293853283 15.52630440890789 0
      vertex 12.14363145828247 15.576522089540958 1
      vertex 12.14363145828247 15.576522089540958 0
    endloop
  endfacet
  facet normal -0.40173456435689353 -0.9157561573917901 0
    outer loop
      vertex 12.25810293853283 15.52630440890789 0
      vertex 12.25810293853283 15.52630440890789 1
      vertex 12.14363145828247 15.576522089540958 1
    endloop
  endfacet
  facet normal -0.4430312618088822 -0.8965061634255671 0
    outer loop
      vertex 12.376948773860931 15.4675737246871 0
      vertex 12.25810293853283 15.52630440890789 1
      vertex 12.25810293853283 15.52630440890789 0
    endloop
  endfacet
  facet normal -0.4430312618088822 -0.8965061634255671 0
    outer loop
      vertex 12.376948773860931 15.4675737246871 0
      vertex 12.376948773860931 15.4675737246871 1
      vertex 12.25810293853283 15.52630440890789 1
    endloop
  endfacet
  facet normal -0.480265848261285 -0.8771229759810585 0
    outer loop
      vertex 12.500080540776253 15.400153324007988 0
      vertex 12.376948773860931 15.4675737246871 1
      vertex 12.376948773860931 15.4675737246871 0
    endloop
  endfacet
  facet normal -0.480265848261285 -0.8771229759810585 0
    outer loop
      vertex 12.500080540776253 15.400153324007988 0
      vertex 12.500080540776253 15.400153324007988 1
      vertex 12.376948773860931 15.4675737246871 1
    endloop
  endfacet
  facet normal -0.5137616198930085 -0.8579329798561843 0
    outer loop
      vertex 12.627397656440735 15.323911182582378 0
      vertex 12.500080540776253 15.400153324007988 1
      vertex 12.500080540776253 15.400153324007988 0
    endloop
  endfacet
  facet normal -0.5137616198930085 -0.8579329798561843 0
    outer loop
      vertex 12.627397656440735 15.323911182582378 0
      vertex 12.627397656440735 15.323911182582378 1
      vertex 12.500080540776253 15.400153324007988 1
    endloop
  endfacet
  facet normal -0.5438544358329405 -0.8391795711436463 0
    outer loop
      vertex 12.75879780203104 15.238753542304039 0
      vertex 12.627397656440735 15.323911182582378 1
      vertex 12.627397656440735 15.323911182582378 0
    endloop
  endfacet
  facet normal -0.5438544358329405 -0.8391795711436463 0
    outer loop
      vertex 12.75879780203104 15.238753542304039 0
      vertex 12.75879780203104 15.238753542304039 1
      vertex 12.627397656440735 15.323911182582378 1
    endloop
  endfacet
  facet normal -0.570875708986027 -0.8210364942496168 0
    outer loop
      vertex 12.894183970987797 15.144618049263954 0
      vertex 12.75879780203104 15.238753542304039 1
      vertex 12.75879780203104 15.238753542304039 0
    endloop
  endfacet
  facet normal -0.570875708986027 -0.8210364942496168 0
    outer loop
      vertex 12.894183970987797 15.144618049263954 0
      vertex 12.894183970987797 15.144618049263954 1
      vertex 12.75879780203104 15.238753542304039 1
    endloop
  endfacet
  facet normal -0.5951405663710623 -0.8036216188353392 0
    outer loop
      vertex 13.033469140529633 15.041467197239399 0
      vertex 12.894183970987797 15.144618049263954 1
      vertex 12.894183970987797 15.144618049263954 0
    endloop
  endfacet
  facet normal -0.5951405663710623 -0.8036216188353392 0
    outer loop
      vertex 13.033469140529633 15.041467197239399 0
      vertex 13.033469140529633 15.041467197239399 1
      vertex 12.894183970987797 15.144618049263954 1
    endloop
  endfacet
  facet normal -0.6169420881223067 -0.7870085513533434 0
    outer loop
      vertex 13.176578089594841 14.929282985627651 0
      vertex 13.033469140529633 15.041467197239399 1
      vertex 13.033469140529633 15.041467197239399 0
    endloop
  endfacet
  facet normal -0.6169420881223067 -0.7870085513533434 0
    outer loop
      vertex 13.176578089594841 14.929282985627651 0
      vertex 13.176578089594841 14.929282985627651 1
      vertex 13.033469140529633 15.041467197239399 1
    endloop
  endfacet
  facet normal -0.6365476954138293 -0.7712373379598156 0
    outer loop
      vertex 13.323448032140732 14.808062553405762 0
      vertex 13.176578089594841 14.929282985627651 1
      vertex 13.176578089594841 14.929282985627651 0
    endloop
  endfacet
  facet normal -0.6365476954138293 -0.7712373379598156 0
    outer loop
      vertex 13.323448032140732 14.808062553405762 0
      vertex 13.323448032140732 14.808062553405762 1
      vertex 13.176578089594841 14.929282985627651 1
    endloop
  endfacet
  facet normal -0.6541987667621803 -0.7563226649829042 0
    outer loop
      vertex 13.474030695855618 14.677812598645687 0
      vertex 13.323448032140732 14.808062553405762 1
      vertex 13.323448032140732 14.808062553405762 0
    endloop
  endfacet
  facet normal -0.6541987667621803 -0.7563226649829042 0
    outer loop
      vertex 13.474030695855618 14.677812598645687 0
      vertex 13.474030695855618 14.677812598645687 1
      vertex 13.323448032140732 14.808062553405762 1
    endloop
  endfacet
  facet normal -0.6701110362674769 -0.7422608699591594 0
    outer loop
      vertex 13.62828814983368 14.538549400866032 0
      vertex 13.474030695855618 14.677812598645687 1
      vertex 13.474030695855618 14.677812598645687 0
    endloop
  endfacet
  facet normal -0.6701110362674769 -0.7422608699591594 0
    outer loop
      vertex 13.62828814983368 14.538549400866032 0
      vertex 13.62828814983368 14.538549400866032 1
      vertex 13.474030695855618 14.677812598645687 1
    endloop
  endfacet
  facet normal -0.6844762099330249 -0.7290351967057019 0
    outer loop
      vertex 13.786196045577526 14.390292912721634 0
      vertex 13.62828814983368 14.538549400866032 1
      vertex 13.62828814983368 14.538549400866032 0
    endloop
  endfacet
  facet normal -0.6844762099330249 -0.7290351967057019 0
    outer loop
      vertex 13.786196045577526 14.390292912721634 0
      vertex 13.786196045577526 14.390292912721634 1
      vertex 13.62828814983368 14.538549400866032 1
    endloop
  endfacet
  facet normal -0.6974640498457272 -0.7166197730824883 0
    outer loop
      vertex 13.94773917645216 14.233067937195301 0
      vertex 13.786196045577526 14.390292912721634 1
      vertex 13.786196045577526 14.390292912721634 0
    endloop
  endfacet
  facet normal -0.6974640498457272 -0.7166197730824883 0
    outer loop
      vertex 13.94773917645216 14.233067937195301 0
      vertex 13.94773917645216 14.233067937195301 1
      vertex 13.786196045577526 14.390292912721634 1
    endloop
  endfacet
  facet normal -0.7092240399890464 -0.7049831637008188 0
    outer loop
      vertex 14.112912096083164 14.066901408135891 0
      vertex 13.94773917645216 14.233067937195301 1
      vertex 13.94773917645216 14.233067937195301 0
    endloop
  endfacet
  facet normal -0.7092240399890464 -0.7049831637008188 0
    outer loop
      vertex 14.112912096083164 14.066901408135891 0
      vertex 14.112912096083164 14.066901408135891 1
      vertex 13.94773917645216 14.233067937195301 1
    endloop
  endfacet
  facet normal -0.7198883217144371 -0.6940899107890642 0
    outer loop
      vertex 14.281718507409096 13.891820684075356 0
      vertex 14.112912096083164 14.066901408135891 1
      vertex 14.112912096083164 14.066901408135891 0
    endloop
  endfacet
  facet normal -0.7198883217144371 -0.6940899107890642 0
    outer loop
      vertex 14.281718507409096 13.891820684075356 0
      vertex 14.281718507409096 13.891820684075356 1
      vertex 14.112912096083164 14.066901408135891 1
    endloop
  endfacet
  facet normal -0.7295727929140344 -0.6839031655429116 0
    outer loop
      vertex 14.45416846126318 13.707854881882668 0
      vertex 14.281718507409096 13.891820684075356 1
      vertex 14.281718507409096 13.891820684075356 0
    endloop
  endfacet
  facet normal -0.7295727929140344 -0.6839031655429116 0
    outer loop
      vertex 14.45416846126318 13.707854881882668 0
      vertex 14.45416846126318 13.707854881882668 1
      vertex 14.281718507409096 13.891820684075356 1
    endloop
  endfacet
  facet normal -0.7383797158236466 -0.6743851979842016 0
    outer loop
      vertex 14.630278795957565 13.515032887458801 0
      vertex 14.45416846126318 13.707854881882668 1
      vertex 14.45416846126318 13.707854881882668 0
    endloop
  endfacet
  facet normal -0.7383797158236466 -0.6743851979842016 0
    outer loop
      vertex 14.630278795957565 13.515032887458801 0
      vertex 14.630278795957565 13.515032887458801 1
      vertex 14.45416846126318 13.707854881882668 1
    endloop
  endfacet
  facet normal -0.7463990834663019 -0.6654986162274603 0
    outer loop
      vertex 14.810072593390942 13.31338269263506 0
      vertex 14.630278795957565 13.515032887458801 1
      vertex 14.630278795957565 13.515032887458801 0
    endloop
  endfacet
  facet normal -0.7463990834663019 -0.6654986162274603 0
    outer loop
      vertex 14.810072593390942 13.31338269263506 0
      vertex 14.810072593390942 13.31338269263506 1
      vertex 14.630278795957565 13.515032887458801 1
    endloop
  endfacet
  facet normal -0.7537101259879725 -0.6572070039060713 0
    outer loop
      vertex 14.993577301502228 13.10293247550726 0
      vertex 14.810072593390942 13.31338269263506 1
      vertex 14.810072593390942 13.31338269263506 0
    endloop
  endfacet
  facet normal -0.7537101259879725 -0.6572070039060713 0
    outer loop
      vertex 14.993577301502228 13.10293247550726 0
      vertex 14.993577301502228 13.10293247550726 1
      vertex 14.810072593390942 13.31338269263506 1
    endloop
  endfacet
  facet normal -0.7603829021752944 -0.6494750511601478 0
    outer loop
      vertex 15.180824533104897 12.883709900081158 0
      vertex 14.993577301502228 13.10293247550726 1
      vertex 14.993577301502228 13.10293247550726 0
    endloop
  endfacet
  facet normal -0.7603829021752944 -0.6494750511601478 0
    outer loop
      vertex 15.180824533104897 12.883709900081158 0
      vertex 15.180824533104897 12.883709900081158 1
      vertex 14.993577301502228 13.10293247550726 1
    endloop
  endfacet
  facet normal -0.7664792086935389 -0.6422691201050585 0
    outer loop
      vertex 15.371851563453674 12.655739657580853 0
      vertex 15.180824533104897 12.883709900081158 1
      vertex 15.180824533104897 12.883709900081158 0
    endloop
  endfacet
  facet normal -0.7664792086935389 -0.6422691201050585 0
    outer loop
      vertex 15.371851563453674 12.655739657580853 0
      vertex 15.371851563453674 12.655739657580853 1
      vertex 15.180824533104897 12.883709900081158 1
    endloop
  endfacet
  facet normal -0.7720538000667097 -0.6355571805923942 0
    outer loop
      vertex 15.566696271300316 12.419048763811588 0
      vertex 15.371851563453674 12.655739657580853 1
      vertex 15.371851563453674 12.655739657580853 0
    endloop
  endfacet
  facet normal -0.7720538000667097 -0.6355571805923942 0
    outer loop
      vertex 15.566696271300316 12.419048763811588 0
      vertex 15.566696271300316 12.419048763811588 1
      vertex 15.371851563453674 12.655739657580853 1
    endloop
  endfacet
  facet normal -0.7771551648184857 -0.6293090256749481 0
    outer loop
      vertex 15.765402145683765 12.173660106956959 0
      vertex 15.566696271300316 12.419048763811588 1
      vertex 15.566696271300316 12.419048763811588 0
    endloop
  endfacet
  facet normal -0.7771551648184857 -0.6293090256749481 0
    outer loop
      vertex 15.765402145683765 12.173660106956959 0
      vertex 15.765402145683765 12.173660106956959 1
      vertex 15.566696271300316 12.419048763811588 1
    endloop
  endfacet
  facet normal -0.7818263927297839 -0.6234961841351828 0
    outer loop
      vertex 15.969086803495884 11.918251901865005 0
      vertex 15.765402145683765 12.173660106956959 1
      vertex 15.765402145683765 12.173660106956959 0
    endloop
  endfacet
  facet normal -0.7818263927297839 -0.6234961841351828 0
    outer loop
      vertex 15.969086803495884 11.918251901865005 0
      vertex 15.969086803495884 11.918251901865005 1
      vertex 15.765402145683765 12.173660106956959 1
    endloop
  endfacet
  facet normal -0.7685971790051204 -0.6397330509090265 0
    outer loop
      vertex 15.982484363019466 11.902155615389347 0
      vertex 15.969086803495884 11.918251901865005 1
      vertex 15.969086803495884 11.918251901865005 0
    endloop
  endfacet
  facet normal -0.7685971790051204 -0.6397330509090265 0
    outer loop
      vertex 15.982484363019466 11.902155615389347 0
      vertex 15.982484363019466 11.902155615389347 1
      vertex 15.969086803495884 11.918251901865005 1
    endloop
  endfacet
  facet normal -0.7411341955852575 -0.6713569126285909 0
    outer loop
      vertex 15.996544197201729 11.886634476482868 0
      vertex 15.982484363019466 11.902155615389347 1
      vertex 15.982484363019466 11.902155615389347 0
    endloop
  endfacet
  facet normal -0.7411341955852575 -0.6713569126285909 0
    outer loop
      vertex 15.996544197201729 11.886634476482868 0
      vertex 15.996544197201729 11.886634476482868 1
      vertex 15.982484363019466 11.902155615389347 1
    endloop
  endfacet
  facet normal -0.7123703315854756 -0.7018037551030912 0
    outer loop
      vertex 16.011241666972637 11.87171571701765 0
      vertex 15.996544197201729 11.886634476482868 1
      vertex 15.996544197201729 11.886634476482868 0
    endloop
  endfacet
  facet normal -0.7123703315854756 -0.7018037551030912 0
    outer loop
      vertex 16.011241666972637 11.87171571701765 0
      vertex 16.011241666972637 11.87171571701765 1
      vertex 15.996544197201729 11.886634476482868 1
    endloop
  endfacet
  facet normal -0.6823569230048759 -0.7310191718602992 0
    outer loop
      vertex 16.026550978422165 11.857425510883331 0
      vertex 16.011241666972637 11.87171571701765 1
      vertex 16.011241666972637 11.87171571701765 0
    endloop
  endfacet
  facet normal -0.6823569230048759 -0.7310191718602992 0
    outer loop
      vertex 16.026550978422165 11.857425510883331 0
      vertex 16.026550978422165 11.857425510883331 1
      vertex 16.011241666972637 11.87171571701765 1
    endloop
  endfacet
  facet normal -0.651146426927924 -0.758952126750428 0
    outer loop
      vertex 16.04244527220726 11.843788929283619 0
      vertex 16.026550978422165 11.857425510883331 1
      vertex 16.026550978422165 11.857425510883331 0
    endloop
  endfacet
  facet normal -0.651146426927924 -0.758952126750428 0
    outer loop
      vertex 16.04244527220726 11.843788929283619 0
      vertex 16.04244527220726 11.843788929283619 1
      vertex 16.026550978422165 11.857425510883331 1
    endloop
  endfacet
  facet normal -0.6187938731785368 -0.7855533988957752 0
    outer loop
      vertex 16.05889666080475 11.83082988858223 0
      vertex 16.04244527220726 11.843788929283619 1
      vertex 16.04244527220726 11.843788929283619 0
    endloop
  endfacet
  facet normal -0.6187938731785368 -0.7855533988957752 0
    outer loop
      vertex 16.05889666080475 11.83082988858223 0
      vertex 16.05889666080475 11.83082988858223 1
      vertex 16.04244527220726 11.843788929283619 1
    endloop
  endfacet
  facet normal -0.5853554950070091 -0.8107767537769562 0
    outer loop
      vertex 16.07587628811598 11.818571127951145 0
      vertex 16.05889666080475 11.83082988858223 1
      vertex 16.05889666080475 11.83082988858223 0
    endloop
  endfacet
  facet normal -0.5853554950070091 -0.8107767537769562 0
    outer loop
      vertex 16.07587628811598 11.818571127951145 0
      vertex 16.07587628811598 11.818571127951145 1
      vertex 16.05889666080475 11.83082988858223 1
    endloop
  endfacet
  facet normal -0.5508900657033219 -0.834577818725965 0
    outer loop
      vertex 16.093354366719723 11.807034157216549 0
      vertex 16.07587628811598 11.818571127951145 1
      vertex 16.07587628811598 11.818571127951145 0
    endloop
  endfacet
  facet normal -0.5508900657033219 -0.834577818725965 0
    outer loop
      vertex 16.093354366719723 11.807034157216549 0
      vertex 16.093354366719723 11.807034157216549 1
      vertex 16.07587628811598 11.818571127951145 1
    endloop
  endfacet
  facet normal -0.5154586645718987 -0.856914444456245 0
    outer loop
      vertex 16.111300230026245 11.796239204704762 0
      vertex 16.093354366719723 11.807034157216549 1
      vertex 16.093354366719723 11.807034157216549 0
    endloop
  endfacet
  facet normal -0.5154586645718987 -0.856914444456245 0
    outer loop
      vertex 16.111300230026245 11.796239204704762 0
      vertex 16.111300230026245 11.796239204704762 1
      vertex 16.093354366719723 11.807034157216549 1
    endloop
  endfacet
  facet normal -0.47912230815417917 -0.8777481494306961 0
    outer loop
      vertex 16.129682399332523 11.786205224692822 0
      vertex 16.111300230026245 11.796239204704762 1
      vertex 16.111300230026245 11.796239204704762 0
    endloop
  endfacet
  facet normal -0.47912230815417917 -0.8777481494306961 0
    outer loop
      vertex 16.129682399332523 11.786205224692822 0
      vertex 16.129682399332523 11.786205224692822 1
      vertex 16.111300230026245 11.796239204704762 1
    endloop
  endfacet
  facet normal -0.4419459470562045 -0.8970416823540557 0
    outer loop
      vertex 16.148468621075153 11.776949808001518 0
      vertex 16.129682399332523 11.786205224692822 1
      vertex 16.129682399332523 11.786205224692822 0
    endloop
  endfacet
  facet normal -0.4419459470562045 -0.8970416823540557 0
    outer loop
      vertex 16.148468621075153 11.776949808001518 0
      vertex 16.148468621075153 11.776949808001518 1
      vertex 16.129682399332523 11.786205224692822 1
    endloop
  endfacet
  facet normal -0.40399400007749264 -0.9147616344717279 0
    outer loop
      vertex 16.167625941336155 11.768489196896553 0
      vertex 16.148468621075153 11.776949808001518 1
      vertex 16.148468621075153 11.776949808001518 0
    endloop
  endfacet
  facet normal -0.40399400007749264 -0.9147616344717279 0
    outer loop
      vertex 16.167625941336155 11.768489196896553 0
      vertex 16.167625941336155 11.768489196896553 1
      vertex 16.148468621075153 11.776949808001518 1
    endloop
  endfacet
  facet normal -0.3653335636016171 -0.9308766767441018 0
    outer loop
      vertex 16.187120757997036 11.760838225483894 0
      vertex 16.167625941336155 11.768489196896553 1
      vertex 16.167625941336155 11.768489196896553 0
    endloop
  endfacet
  facet normal -0.3653335636016171 -0.9308766767441018 0
    outer loop
      vertex 16.187120757997036 11.760838225483894 0
      vertex 16.187120757997036 11.760838225483894 1
      vertex 16.167625941336155 11.768489196896553 1
    endloop
  endfacet
  facet normal -0.32603164476717533 -0.9453588559961822 0
    outer loop
      vertex 16.206918857991695 11.754010334610939 0
      vertex 16.187120757997036 11.760838225483894 1
      vertex 16.187120757997036 11.760838225483894 0
    endloop
  endfacet
  facet normal -0.32603164476717533 -0.9453588559961822 0
    outer loop
      vertex 16.206918857991695 11.754010334610939 0
      vertex 16.206918857991695 11.754010334610939 1
      vertex 16.187120757997036 11.760838225483894 1
    endloop
  endfacet
  facet normal -0.286158430147944 -0.9581823171272074 0
    outer loop
      vertex 16.22698552161455 11.748017482459545 0
      vertex 16.206918857991695 11.754010334610939 1
      vertex 16.206918857991695 11.754010334610939 0
    endloop
  endfacet
  facet normal -0.286158430147944 -0.9581823171272074 0
    outer loop
      vertex 16.22698552161455 11.748017482459545 0
      vertex 16.22698552161455 11.748017482459545 1
      vertex 16.206918857991695 11.754010334610939 1
    endloop
  endfacet
  facet normal -0.24578286171326677 -0.9693249119299665 0
    outer loop
      vertex 16.247285522520542 11.742870196700096 0
      vertex 16.22698552161455 11.748017482459545 1
      vertex 16.22698552161455 11.748017482459545 0
    endloop
  endfacet
  facet normal -0.24578286171326677 -0.9693249119299665 0
    outer loop
      vertex 16.247285522520542 11.742870196700096 0
      vertex 16.247285522520542 11.742870196700096 1
      vertex 16.22698552161455 11.748017482459545 1
    endloop
  endfacet
  facet normal -0.20497617489299466 -0.978766962931543 0
    outer loop
      vertex 16.267783269286156 11.738577499985695 0
      vertex 16.247285522520542 11.742870196700096 1
      vertex 16.247285522520542 11.742870196700096 0
    endloop
  endfacet
  facet normal -0.20497617489299466 -0.978766962931543 0
    outer loop
      vertex 16.267783269286156 11.738577499985695 0
      vertex 16.267783269286156 11.738577499985695 1
      vertex 16.247285522520542 11.742870196700096 1
    endloop
  endfacet
  facet normal -0.163809811315766 -0.986491939002389 0
    outer loop
      vertex 16.28844280540943 11.735146924853325 0
      vertex 16.267783269286156 11.738577499985695 1
      vertex 16.267783269286156 11.738577499985695 0
    endloop
  endfacet
  facet normal -0.163809811315766 -0.986491939002389 0
    outer loop
      vertex 16.28844280540943 11.735146924853325 0
      vertex 16.28844280540943 11.735146924853325 1
      vertex 16.267783269286156 11.738577499985695 1
    endloop
  endfacet
  facet normal -0.12235617753808443 -0.9924862547251064 0
    outer loop
      vertex 16.309227861464024 11.732584491372108 0
      vertex 16.28844280540943 11.735146924853325 1
      vertex 16.28844280540943 11.735146924853325 0
    endloop
  endfacet
  facet normal -0.12235617753808443 -0.9924862547251064 0
    outer loop
      vertex 16.309227861464024 11.732584491372108 0
      vertex 16.309227861464024 11.732584491372108 1
      vertex 16.28844280540943 11.735146924853325 1
    endloop
  endfacet
  facet normal -0.0806878649771545 -0.9967394185269431 0
    outer loop
      vertex 16.330101996660233 11.730894692242146 0
      vertex 16.309227861464024 11.732584491372108 1
      vertex 16.309227861464024 11.732584491372108 0
    endloop
  endfacet
  facet normal -0.0806878649771545 -0.9967394185269431 0
    outer loop
      vertex 16.330101996660233 11.730894692242146 0
      vertex 16.330101996660233 11.730894692242146 1
      vertex 16.309227861464024 11.732584491372108 1
    endloop
  endfacet
  facet normal -0.03887800113308678 -0.9992439647192749 0
    outer loop
      vertex 16.351028583943844 11.730080492794514 0
      vertex 16.330101996660233 11.730894692242146 1
      vertex 16.330101996660233 11.730894692242146 0
    endloop
  endfacet
  facet normal -0.03887800113308678 -0.9992439647192749 0
    outer loop
      vertex 16.351028583943844 11.730080492794514 0
      vertex 16.351028583943844 11.730080492794514 1
      vertex 16.330101996660233 11.730894692242146 1
    endloop
  endfacet
  facet normal 0.0030001668713603913 -0.9999954994892447 0
    outer loop
      vertex 16.371970906853676 11.730143323540688 0
      vertex 16.351028583943844 11.730080492794514 1
      vertex 16.351028583943844 11.730080492794514 0
    endloop
  endfacet
  facet normal 0.0030001668713603913 -0.9999954994892447 0
    outer loop
      vertex 16.371970906853676 11.730143323540688 0
      vertex 16.371970906853676 11.730143323540688 1
      vertex 16.351028583943844 11.730080492794514 1
    endloop
  endfacet
  facet normal 0.04487297724414476 -0.9989927006306134 0
    outer loop
      vertex 16.392892241477966 11.731083072721958 0
      vertex 16.371970906853676 11.730143323540688 1
      vertex 16.371970906853676 11.730143323540688 0
    endloop
  endfacet
  facet normal 0.04487297724414476 -0.9989927006306134 0
    outer loop
      vertex 16.392892241477966 11.731083072721958 0
      vertex 16.392892241477966 11.731083072721958 1
      vertex 16.371970906853676 11.730143323540688 1
    endloop
  endfacet
  facet normal 0.0866668755260335 -0.9962373475666103 0
    outer loop
      vertex 16.413755856454372 11.732898086309433 0
      vertex 16.392892241477966 11.731083072721958 1
      vertex 16.392892241477966 11.731083072721958 0
    endloop
  endfacet
  facet normal 0.0866668755260335 -0.9962373475666103 0
    outer loop
      vertex 16.413755856454372 11.732898086309433 0
      vertex 16.413755856454372 11.732898086309433 1
      vertex 16.392892241477966 11.731083072721958 1
    endloop
  endfacet
  facet normal 0.1283095065242686 -0.9917341733224173 0
    outer loop
      vertex 16.434525169432163 11.735585197806358 0
      vertex 16.413755856454372 11.732898086309433 1
      vertex 16.413755856454372 11.732898086309433 0
    endloop
  endfacet
  facet normal 0.1283095065242686 -0.9917341733224173 0
    outer loop
      vertex 16.434525169432163 11.735585197806358 0
      vertex 16.434525169432163 11.735585197806358 1
      vertex 16.413755856454372 11.732898086309433 1
    endloop
  endfacet
  facet normal 0.16972625566698937 -0.9854912471134706 0
    outer loop
      vertex 16.45516373962164 11.739139676094055 0
      vertex 16.434525169432163 11.735585197806358 1
      vertex 16.434525169432163 11.735585197806358 0
    endloop
  endfacet
  facet normal 0.16972625566698937 -0.9854912471134706 0
    outer loop
      vertex 16.45516373962164 11.739139676094055 0
      vertex 16.45516373962164 11.739139676094055 1
      vertex 16.434525169432163 11.735585197806358 1
    endloop
  endfacet
  facet normal 0.21084485122814317 -0.9775195387871192 0
    outer loop
      vertex 16.47563536465168 11.743555277585983 0
      vertex 16.45516373962164 11.739139676094055 1
      vertex 16.45516373962164 11.739139676094055 0
    endloop
  endfacet
  facet normal 0.21084485122814317 -0.9775195387871192 0
    outer loop
      vertex 16.47563536465168 11.743555277585983 0
      vertex 16.47563536465168 11.743555277585983 1
      vertex 16.45516373962164 11.739139676094055 1
    endloop
  endfacet
  facet normal 0.2515948560404372 -0.9678326448379347 0
    outer loop
      vertex 16.495904125273228 11.748824283480644 0
      vertex 16.47563536465168 11.743555277585983 1
      vertex 16.47563536465168 11.743555277585983 0
    endloop
  endfacet
  facet normal 0.2515948560404372 -0.9678326448379347 0
    outer loop
      vertex 16.495904125273228 11.748824283480644 0
      vertex 16.495904125273228 11.748824283480644 1
      vertex 16.47563536465168 11.743555277585983 1
    endloop
  endfacet
  facet normal 0.29190273286893814 -0.9564480093259881 0
    outer loop
      vertex 16.515934459865093 11.754937432706356 0
      vertex 16.495904125273228 11.748824283480644 1
      vertex 16.495904125273228 11.748824283480644 0
    endloop
  endfacet
  facet normal 0.29190273286893814 -0.9564480093259881 0
    outer loop
      vertex 16.515934459865093 11.754937432706356 0
      vertex 16.515934459865093 11.754937432706356 1
      vertex 16.495904125273228 11.748824283480644 1
    endloop
  endfacet
  facet normal 0.33169850803972095 -0.9433854460209905 0
    outer loop
      vertex 16.535691238939762 11.76188400387764 0
      vertex 16.515934459865093 11.754937432706356 1
      vertex 16.515934459865093 11.754937432706356 0
    endloop
  endfacet
  facet normal 0.33169850803972095 -0.9433854460209905 0
    outer loop
      vertex 16.535691238939762 11.76188400387764 0
      vertex 16.535691238939762 11.76188400387764 1
      vertex 16.515934459865093 11.754937432706356 1
    endloop
  endfacet
  facet normal 0.370912184287322 -0.9286679447182441 0
    outer loop
      vertex 16.555139787495136 11.769651800394058 0
      vertex 16.535691238939762 11.76188400387764 1
      vertex 16.535691238939762 11.76188400387764 0
    endloop
  endfacet
  facet normal 0.370912184287322 -0.9286679447182441 0
    outer loop
      vertex 16.555139787495136 11.769651800394058 0
      vertex 16.555139787495136 11.769651800394058 1
      vertex 16.535691238939762 11.76188400387764 1
    endloop
  endfacet
  facet normal 0.40947591319722576 -0.9123209284628399 0
    outer loop
      vertex 16.574245996773243 11.778227217495441 0
      vertex 16.555139787495136 11.769651800394058 1
      vertex 16.555139787495136 11.769651800394058 0
    endloop
  endfacet
  facet normal 0.40947591319722576 -0.9123209284628399 0
    outer loop
      vertex 16.574245996773243 11.778227217495441 0
      vertex 16.574245996773243 11.778227217495441 1
      vertex 16.555139787495136 11.769651800394058 1
    endloop
  endfacet
  facet normal 0.44732003721664315 -0.8943739622241365 0
    outer loop
      vertex 16.592976354062557 11.787595182657242 0
      vertex 16.574245996773243 11.778227217495441 1
      vertex 16.574245996773243 11.778227217495441 0
    endloop
  endfacet
  facet normal 0.44732003721664315 -0.8943739622241365 0
    outer loop
      vertex 16.592976354062557 11.787595182657242 0
      vertex 16.592976354062557 11.787595182657242 1
      vertex 16.574245996773243 11.778227217495441 1
    endloop
  endfacet
  facet normal 0.4843808825695107 -0.8748572229805168 0
    outer loop
      vertex 16.611297979950905 11.797739289700985 0
      vertex 16.592976354062557 11.787595182657242 1
      vertex 16.592976354062557 11.787595182657242 0
    endloop
  endfacet
  facet normal 0.4843808825695107 -0.8748572229805168 0
    outer loop
      vertex 16.611297979950905 11.797739289700985 0
      vertex 16.611297979950905 11.797739289700985 1
      vertex 16.592976354062557 11.787595182657242 1
    endloop
  endfacet
  facet normal 0.5205905606555259 -0.8538064582540736 0
    outer loop
      vertex 16.629178754985332 11.808641716837883 0
      vertex 16.611297979950905 11.797739289700985 1
      vertex 16.611297979950905 11.797739289700985 0
    endloop
  endfacet
  facet normal 0.5205905606555259 -0.8538064582540736 0
    outer loop
      vertex 16.629178754985332 11.808641716837883 0
      vertex 16.629178754985332 11.808641716837883 1
      vertex 16.611297979950905 11.797739289700985 1
    endloop
  endfacet
  facet normal 0.5558881864994033 -0.8312570746227695 0
    outer loop
      vertex 16.646587289869785 11.820283360779285 0
      vertex 16.629178754985332 11.808641716837883 1
      vertex 16.629178754985332 11.808641716837883 0
    endloop
  endfacet
  facet normal 0.5558881864994033 -0.8312570746227695 0
    outer loop
      vertex 16.646587289869785 11.820283360779285 0
      vertex 16.646587289869785 11.820283360779285 1
      vertex 16.629178754985332 11.808641716837883 1
    endloop
  endfacet
  facet normal 0.5902097319976879 -0.8072499441035703 0
    outer loop
      vertex 16.663493052124977 11.832643777132034 0
      vertex 16.646587289869785 11.820283360779285 1
      vertex 16.646587289869785 11.820283360779285 0
    endloop
  endfacet
  facet normal 0.5902097319976879 -0.8072499441035703 0
    outer loop
      vertex 16.663493052124977 11.832643777132034 0
      vertex 16.663493052124977 11.832643777132034 1
      vertex 16.646587289869785 11.820283360779285 1
    endloop
  endfacet
  facet normal 0.6234962954268525 -0.7818263039761397 0
    outer loop
      vertex 16.679866388440132 11.845701299607754 0
      vertex 16.663493052124977 11.832643777132034 1
      vertex 16.663493052124977 11.832643777132034 0
    endloop
  endfacet
  facet normal 0.6234962954268525 -0.7818263039761397 0
    outer loop
      vertex 16.679866388440132 11.845701299607754 0
      vertex 16.679866388440132 11.845701299607754 1
      vertex 16.663493052124977 11.832643777132034 1
    endloop
  endfacet
  facet normal 0.6556886248630547 -0.7550314081051174 0
    outer loop
      vertex 16.69567856937647 11.859433002769947 0
      vertex 16.679866388440132 11.845701299607754 1
      vertex 16.679866388440132 11.845701299607754 0
    endloop
  endfacet
  facet normal 0.6556886248630547 -0.7550314081051174 0
    outer loop
      vertex 16.69567856937647 11.859433002769947 0
      vertex 16.69567856937647 11.859433002769947 1
      vertex 16.679866388440132 11.845701299607754 1
    endloop
  endfacet
  facet normal 0.6867310941663662 -0.7269115519133434 0
    outer loop
      vertex 16.710901856422424 11.873814813792706 0
      vertex 16.69567856937647 11.859433002769947 1
      vertex 16.69567856937647 11.859433002769947 0
    endloop
  endfacet
  facet normal 0.6867310941663662 -0.7269115519133434 0
    outer loop
      vertex 16.710901856422424 11.873814813792706 0
      vertex 16.710901856422424 11.873814813792706 1
      vertex 16.69567856937647 11.859433002769947 1
    endloop
  endfacet
  facet normal 0.7165685745882924 -0.6975166506345943 0
    outer loop
      vertex 16.72550954669714 11.888821497559547 0
      vertex 16.710901856422424 11.873814813792706 1
      vertex 16.710901856422424 11.873814813792706 0
    endloop
  endfacet
  facet normal 0.7165685745882924 -0.6975166506345943 0
    outer loop
      vertex 16.72550954669714 11.888821497559547 0
      vertex 16.72550954669714 11.888821497559547 1
      vertex 16.710901856422424 11.873814813792706 1
    endloop
  endfacet
  facet normal 0.7451487811715968 -0.6668982635443609 0
    outer loop
      vertex 16.73947601020336 11.904426716268063 0
      vertex 16.72550954669714 11.888821497559547 1
      vertex 16.72550954669714 11.888821497559547 0
    endloop
  endfacet
  facet normal 0.7451487811715968 -0.6668982635443609 0
    outer loop
      vertex 16.73947601020336 11.904426716268063 0
      vertex 16.73947601020336 11.904426716268063 1
      vertex 16.72550954669714 11.888821497559547 1
    endloop
  endfacet
  facet normal 0.7724222319985444 -0.63510935713024 0
    outer loop
      vertex 16.752776734530926 11.920603103935719 0
      vertex 16.73947601020336 11.904426716268063 1
      vertex 16.73947601020336 11.904426716268063 0
    endloop
  endfacet
  facet normal 0.7724222319985444 -0.63510935713024 0
    outer loop
      vertex 16.752776734530926 11.920603103935719 0
      vertex 16.752776734530926 11.920603103935719 1
      vertex 16.73947601020336 11.904426716268063 1
    endloop
  endfacet
  facet normal 0.7983400812823752 -0.6022068702846642 0
    outer loop
      vertex 16.765388406813145 11.937322281301022 0
      vertex 16.752776734530926 11.920603103935719 1
      vertex 16.752776734530926 11.920603103935719 0
    endloop
  endfacet
  facet normal 0.7983400812823752 -0.6022068702846642 0
    outer loop
      vertex 16.765388406813145 11.937322281301022 0
      vertex 16.765388406813145 11.937322281301022 1
      vertex 16.752776734530926 11.920603103935719 1
    endloop
  endfacet
  facet normal 0.8228580814961809 -0.5682469337501299 0
    outer loop
      vertex 16.777288869023323 11.954554915428162 0
      vertex 16.765388406813145 11.937322281301022 1
      vertex 16.765388406813145 11.937322281301022 0
    endloop
  endfacet
  facet normal 0.8228580814961809 -0.5682469337501299 0
    outer loop
      vertex 16.777288869023323 11.954554915428162 0
      vertex 16.777288869023323 11.954554915428162 1
      vertex 16.765388406813145 11.937322281301022 1
    endloop
  endfacet
  facet normal 0.8459314572059001 -0.5332916366393741 0
    outer loop
      vertex 16.788457289338112 11.972270771861076 0
      vertex 16.777288869023323 11.954554915428162 1
      vertex 16.777288869023323 11.954554915428162 0
    endloop
  endfacet
  facet normal 0.8459314572059001 -0.5332916366393741 0
    outer loop
      vertex 16.788457289338112 11.972270771861076 0
      vertex 16.788457289338112 11.972270771861076 1
      vertex 16.777288869023323 11.954554915428162 1
    endloop
  endfacet
  facet normal 0.8675216763653043 -0.4973993778005077 0
    outer loop
      vertex 16.79887403547764 11.990438774228096 0
      vertex 16.788457289338112 11.972270771861076 1
      vertex 16.788457289338112 11.972270771861076 0
    endloop
  endfacet
  facet normal 0.8675216763653043 -0.4973993778005077 0
    outer loop
      vertex 16.79887403547764 11.990438774228096 0
      vertex 16.79887403547764 11.990438774228096 1
      vertex 16.788457289338112 11.972270771861076 1
    endloop
  endfacet
  facet normal 0.8875895241121329 -0.46063525341249933 0
    outer loop
      vertex 16.80852085351944 12.009027048945427 0
      vertex 16.79887403547764 11.990438774228096 1
      vertex 16.79887403547764 11.990438774228096 0
    endloop
  endfacet
  facet normal 0.8875895241121329 -0.46063525341249933 0
    outer loop
      vertex 16.80852085351944 12.009027048945427 0
      vertex 16.80852085351944 12.009027048945427 1
      vertex 16.79887403547764 11.990438774228096 1
    endloop
  endfacet
  facet normal 0.9061004501563482 -0.4230626126549864 0
    outer loop
      vertex 16.81738080829382 12.028002984821796 0
      vertex 16.80852085351944 12.009027048945427 1
      vertex 16.80852085351944 12.009027048945427 0
    endloop
  endfacet
  facet normal 0.9061004501563482 -0.4230626126549864 0
    outer loop
      vertex 16.81738080829382 12.028002984821796 0
      vertex 16.81738080829382 12.028002984821796 1
      vertex 16.80852085351944 12.009027048945427 1
    endloop
  endfacet
  facet normal 0.9230216120767509 -0.3847481041398851 0
    outer loop
      vertex 16.825438365340233 12.047333292663097 0
      vertex 16.81738080829382 12.028002984821796 1
      vertex 16.81738080829382 12.028002984821796 0
    endloop
  endfacet
  facet normal 0.9230216120767509 -0.3847481041398851 0
    outer loop
      vertex 16.825438365340233 12.047333292663097 0
      vertex 16.825438365340233 12.047333292663097 1
      vertex 16.81738080829382 12.028002984821796 1
    endloop
  endfacet
  facet normal 0.9383234414928423 -0.34575875859481625 0
    outer loop
      vertex 16.832679390907288 12.066984057426453 0
      vertex 16.825438365340233 12.047333292663097 1
      vertex 16.825438365340233 12.047333292663097 0
    endloop
  endfacet
  facet normal 0.9383234414928423 -0.34575875859481625 0
    outer loop
      vertex 16.832679390907288 12.066984057426453 0
      vertex 16.832679390907288 12.066984057426453 1
      vertex 16.825438365340233 12.047333292663097 1
    endloop
  endfacet
  facet normal 0.9519793658009946 -0.30616219082234164 0
    outer loop
      vertex 16.839091166853905 12.08692080527544 0
      vertex 16.832679390907288 12.066984057426453 1
      vertex 16.832679390907288 12.066984057426453 0
    endloop
  endfacet
  facet normal 0.9519793658009946 -0.30616219082234164 0
    outer loop
      vertex 16.839091166853905 12.08692080527544 0
      vertex 16.839091166853905 12.08692080527544 1
      vertex 16.832679390907288 12.066984057426453 1
    endloop
  endfacet
  facet normal 0.9639650197993513 -0.26602902210705515 0
    outer loop
      vertex 16.844662457704544 12.107108563184738 0
      vertex 16.839091166853905 12.08692080527544 1
      vertex 16.839091166853905 12.08692080527544 0
    endloop
  endfacet
  facet normal 0.9639650197993513 -0.26602902210705515 0
    outer loop
      vertex 16.844662457704544 12.107108563184738 0
      vertex 16.844662457704544 12.107108563184738 1
      vertex 16.839091166853905 12.08692080527544 1
    endloop
  endfacet
  facet normal 0.9742596802550696 -0.22542864820002229 0
    outer loop
      vertex 16.849383480846882 12.12751192599535 0
      vertex 16.844662457704544 12.107108563184738 1
      vertex 16.844662457704544 12.107108563184738 0
    endloop
  endfacet
  facet normal 0.9742596802550696 -0.22542864820002229 0
    outer loop
      vertex 16.849383480846882 12.12751192599535 0
      vertex 16.849383480846882 12.12751192599535 1
      vertex 16.844662457704544 12.107108563184738 1
    endloop
  endfacet
  facet normal 0.9828449702593802 -0.1844336315204957 0
    outer loop
      vertex 16.853245966136456 12.148095071315765 0
      vertex 16.849383480846882 12.12751192599535 1
      vertex 16.849383480846882 12.12751192599535 0
    endloop
  endfacet
  facet normal 0.9828449702593802 -0.1844336315204957 0
    outer loop
      vertex 16.853245966136456 12.148095071315765 0
      vertex 16.853245966136456 12.148095071315765 1
      vertex 16.849383480846882 12.12751192599535 1
    endloop
  endfacet
  facet normal 0.9897061682443484 -0.14311429187572225 0
    outer loop
      vertex 16.85624312609434 12.168821915984154 0
      vertex 16.853245966136456 12.148095071315765 1
      vertex 16.853245966136456 12.148095071315765 0
    endloop
  endfacet
  facet normal 0.9897061682443484 -0.14311429187572225 0
    outer loop
      vertex 16.85624312609434 12.168821915984154 0
      vertex 16.85624312609434 12.168821915984154 1
      vertex 16.853245966136456 12.148095071315765 1
    endloop
  endfacet
  facet normal 0.9948310221507829 -0.10154426308969136 0
    outer loop
      vertex 16.85836970806122 12.18965607881546 0
      vertex 16.85624312609434 12.168821915984154 1
      vertex 16.85624312609434 12.168821915984154 0
    endloop
  endfacet
  facet normal 0.9948310221507829 -0.10154426308969136 0
    outer loop
      vertex 16.85836970806122 12.18965607881546 0
      vertex 16.85836970806122 12.18965607881546 1
      vertex 16.85624312609434 12.168821915984154 1
    endloop
  endfacet
  facet normal 0.9982106239424149 -0.059795904947535485 0
    outer loop
      vertex 16.859621979296207 12.210561029613018 0
      vertex 16.85836970806122 12.18965607881546 1
      vertex 16.85836970806122 12.18965607881546 0
    endloop
  endfacet
  facet normal 0.9982106239424149 -0.059795904947535485 0
    outer loop
      vertex 16.859621979296207 12.210561029613018 0
      vertex 16.859621979296207 12.210561029613018 1
      vertex 16.85836970806122 12.18965607881546 1
    endloop
  endfacet
  facet normal 0.9998390113090541 -0.017943006006056146 0
    outer loop
      vertex 16.859997749328613 12.231500081717968 0
      vertex 16.859621979296207 12.210561029613018 1
      vertex 16.859621979296207 12.210561029613018 0
    endloop
  endfacet
  facet normal 0.9998390113090541 -0.017943006006056146 0
    outer loop
      vertex 16.859997749328613 12.231500081717968 0
      vertex 16.859997749328613 12.231500081717968 1
      vertex 16.859621979296207 12.210561029613018 1
    endloop
  endfacet
  facet normal 0.9997133509081725 0.02394193007994816 0
    outer loop
      vertex 16.859496347606182 12.252436488866806 0
      vertex 16.859997749328613 12.231500081717968 1
      vertex 16.859997749328613 12.231500081717968 0
    endloop
  endfacet
  facet normal 0.9997133509081725 0.02394193007994816 0
    outer loop
      vertex 16.859496347606182 12.252436488866806 0
      vertex 16.859496347606182 12.252436488866806 1
      vertex 16.859997749328613 12.231500081717968 1
    endloop
  endfacet
  facet normal 0.9978338539938089 0.06578449531509878 0
    outer loop
      vertex 16.858118660748005 12.273333549499512 0
      vertex 16.859496347606182 12.252436488866806 1
      vertex 16.859496347606182 12.252436488866806 0
    endloop
  endfacet
  facet normal 0.9978338539938089 0.06578449531509878 0
    outer loop
      vertex 16.858118660748005 12.273333549499512 0
      vertex 16.858118660748005 12.273333549499512 1
      vertex 16.859496347606182 12.252436488866806 1
    endloop
  endfacet
  facet normal 0.9942038434409466 0.10751147700245592 0
    outer loop
      vertex 16.855867110192776 12.294154584407806 0
      vertex 16.858118660748005 12.273333549499512 1
      vertex 16.858118660748005 12.273333549499512 0
    endloop
  endfacet
  facet normal 0.9942038434409466 0.10751147700245592 0
    outer loop
      vertex 16.855867110192776 12.294154584407806 0
      vertex 16.855867110192776 12.294154584407806 1
      vertex 16.858118660748005 12.273333549499512 1
    endloop
  endfacet
  facet normal 0.9888296243553308 0.1490502398431329 0
    outer loop
      vertex 16.85274563729763 12.314863070845604 0
      vertex 16.855867110192776 12.294154584407806 1
      vertex 16.855867110192776 12.294154584407806 0
    endloop
  endfacet
  facet normal 0.9888296243553308 0.1490502398431329 0
    outer loop
      vertex 16.85274563729763 12.314863070845604 0
      vertex 16.85274563729763 12.314863070845604 1
      vertex 16.855867110192776 12.294154584407806 1
    endloop
  endfacet
  facet normal 0.9817206403745425 0.19032757094703323 0
    outer loop
      vertex 16.848759718239307 12.335422672331333 0
      vertex 16.85274563729763 12.314863070845604 1
      vertex 16.85274563729763 12.314863070845604 0
    endloop
  endfacet
  facet normal 0.9817206403745425 0.19032757094703323 0
    outer loop
      vertex 16.848759718239307 12.335422672331333 0
      vertex 16.848759718239307 12.335422672331333 1
      vertex 16.85274563729763 12.314863070845604 1
    endloop
  endfacet
  facet normal 0.9728894397275211 0.23127070300120223 0
    outer loop
      vertex 16.843916349112988 12.355797335505486 0
      vertex 16.848759718239307 12.335422672331333 1
      vertex 16.848759718239307 12.335422672331333 0
    endloop
  endfacet
  facet normal 0.9728894397275211 0.23127070300120223 0
    outer loop
      vertex 16.843916349112988 12.355797335505486 0
      vertex 16.843916349112988 12.355797335505486 1
      vertex 16.848759718239307 12.335422672331333 1
    endloop
  endfacet
  facet normal 0.9623514654508607 0.2718081252365 0
    outer loop
      vertex 16.83822403103113 12.375951297581196 0
      vertex 16.843916349112988 12.355797335505486 1
      vertex 16.843916349112988 12.355797335505486 0
    endloop
  endfacet
  facet normal 0.9623514654508607 0.2718081252365 0
    outer loop
      vertex 16.83822403103113 12.375951297581196 0
      vertex 16.83822403103113 12.375951297581196 1
      vertex 16.843916349112988 12.355797335505486 1
    endloop
  endfacet
  facet normal 0.9501250354690517 0.3118692305677704 0
    outer loop
      vertex 16.83169273287058 12.395849220454693 0
      vertex 16.83822403103113 12.375951297581196 1
      vertex 16.83822403103113 12.375951297581196 0
    endloop
  endfacet
  facet normal 0.9501250354690517 0.3118692305677704 0
    outer loop
      vertex 16.83169273287058 12.395849220454693 0
      vertex 16.83169273287058 12.395849220454693 1
      vertex 16.83822403103113 12.375951297581196 1
    endloop
  endfacet
  facet normal 0.9362320325196316 0.3513823861324859 0
    outer loop
      vertex 16.82433393597603 12.415456183254719 0
      vertex 16.83169273287058 12.395849220454693 1
      vertex 16.83169273287058 12.395849220454693 0
    endloop
  endfacet
  facet normal 0.9362320325196316 0.3513823861324859 0
    outer loop
      vertex 16.82433393597603 12.415456183254719 0
      vertex 16.82433393597603 12.415456183254719 1
      vertex 16.83169273287058 12.395849220454693 1
    endloop
  endfacet
  facet normal 0.920696399317957 0.3902795668273567 0
    outer loop
      vertex 16.816160537302494 12.434737794101238 0
      vertex 16.82433393597603 12.415456183254719 1
      vertex 16.82433393597603 12.415456183254719 0
    endloop
  endfacet
  facet normal 0.920696399317957 0.3902795668273567 0
    outer loop
      vertex 16.816160537302494 12.434737794101238 0
      vertex 16.816160537302494 12.434737794101238 1
      vertex 16.82433393597603 12.415456183254719 1
    endloop
  endfacet
  facet normal 0.9035454825482828 0.42849219475573963 0
    outer loop
      vertex 16.807186871767044 12.453660227358341 0
      vertex 16.816160537302494 12.434737794101238 1
      vertex 16.816160537302494 12.434737794101238 0
    endloop
  endfacet
  facet normal 0.9035454825482828 0.42849219475573963 0
    outer loop
      vertex 16.807186871767044 12.453660227358341 0
      vertex 16.807186871767044 12.453660227358341 1
      vertex 16.816160537302494 12.434737794101238 1
    endloop
  endfacet
  facet normal 0.8848096938913456 0.46595257869863044 0
    outer loop
      vertex 16.79742869734764 12.472190283238888 0
      vertex 16.807186871767044 12.453660227358341 1
      vertex 16.807186871767044 12.453660227358341 0
    endloop
  endfacet
  facet normal 0.8848096938913456 0.46595257869863044 0
    outer loop
      vertex 16.79742869734764 12.472190283238888 0
      vertex 16.79742869734764 12.472190283238888 1
      vertex 16.807186871767044 12.453660227358341 1
    endloop
  endfacet
  facet normal 0.8645215700816292 0.502595717116247 0
    outer loop
      vertex 16.786903128027916 12.490295454859734 0
      vertex 16.79742869734764 12.472190283238888 1
      vertex 16.79742869734764 12.472190283238888 0
    endloop
  endfacet
  facet normal 0.8645215700816292 0.502595717116247 0
    outer loop
      vertex 16.786903128027916 12.490295454859734 0
      vertex 16.786903128027916 12.490295454859734 1
      vertex 16.79742869734764 12.472190283238888 1
    endloop
  endfacet
  facet normal 0.8427165744661194 0.5383574789302082 0
    outer loop
      vertex 16.775628618896008 12.507943980395794 0
      vertex 16.786903128027916 12.490295454859734 1
      vertex 16.786903128027916 12.490295454859734 0
    endloop
  endfacet
  facet normal 0.8427165744661194 0.5383574789302082 0
    outer loop
      vertex 16.775628618896008 12.507943980395794 0
      vertex 16.775628618896008 12.507943980395794 1
      vertex 16.786903128027916 12.490295454859734 1
    endloop
  endfacet
  facet normal 0.8194330373680627 0.5731749272863835 0
    outer loop
      vertex 16.7636249512434 12.525104887783527 0
      vertex 16.775628618896008 12.507943980395794 1
      vertex 16.775628618896008 12.507943980395794 0
    endloop
  endfacet
  facet normal 0.8194330373680627 0.5731749272863835 0
    outer loop
      vertex 16.7636249512434 12.525104887783527 0
      vertex 16.7636249512434 12.525104887783527 1
      vertex 16.775628618896008 12.507943980395794 1
    endloop
  endfacet
  facet normal 0.7947125256813256 0.6069859977999563 0
    outer loop
      vertex 16.750913195312023 12.541748091578484 0
      vertex 16.7636249512434 12.525104887783527 1
      vertex 16.7636249512434 12.525104887783527 0
    endloop
  endfacet
  facet normal 0.7947125256813256 0.6069859977999563 0
    outer loop
      vertex 16.750913195312023 12.541748091578484 0
      vertex 16.750913195312023 12.541748091578484 1
      vertex 16.7636249512434 12.525104887783527 1
    endloop
  endfacet
  facet normal 0.7818263909466334 0.6234961863711451 0
    outer loop
      vertex 16.5460659340024 12.798614129424095 0
      vertex 16.750913195312023 12.541748091578484 1
      vertex 16.750913195312023 12.541748091578484 0
    endloop
  endfacet
  facet normal 0.7818263909466334 0.6234961863711451 0
    outer loop
      vertex 16.5460659340024 12.798614129424095 0
      vertex 16.5460659340024 12.798614129424095 1
      vertex 16.750913195312023 12.541748091578484 1
    endloop
  endfacet
  facet normal 0.7794950658289481 0.6264083670803925 0
    outer loop
      vertex 16.543730318546295 12.80152054131031 0
      vertex 16.5460659340024 12.798614129424095 1
      vertex 16.5460659340024 12.798614129424095 0
    endloop
  endfacet
  facet normal 0.7794950658289481 0.6264083670803925 0
    outer loop
      vertex 16.543730318546295 12.80152054131031 0
      vertex 16.543730318546295 12.80152054131031 1
      vertex 16.5460659340024 12.798614129424095 1
    endloop
  endfacet
  facet normal 0.7071067811865475 -0.7071067811865475 0
    outer loop
      vertex 16.543730325996876 12.801520548760891 0
      vertex 16.543730318546295 12.80152054131031 1
      vertex 16.543730318546295 12.80152054131031 0
    endloop
  endfacet
  facet normal 0.7071067811865475 -0.7071067811865475 0
    outer loop
      vertex 16.543730325996876 12.801520548760891 0
      vertex 16.543730325996876 12.801520548760891 1
      vertex 16.543730318546295 12.80152054131031 1
    endloop
  endfacet
  facet normal 0.7771551669186886 0.629309023081336 0
    outer loop
      vertex 16.3425827100873 13.049924597144127 0
      vertex 16.543730325996876 12.801520548760891 1
      vertex 16.543730325996876 12.801520548760891 0
    endloop
  endfacet
  facet normal 0.7771551669186886 0.629309023081336 0
    outer loop
      vertex 16.3425827100873 13.049924597144127 0
      vertex 16.3425827100873 13.049924597144127 1
      vertex 16.543730325996876 12.801520548760891 1
    endloop
  endfacet
  facet normal 0.7746110727642097 0.6324378909830437 0
    outer loop
      vertex 16.340032033622265 13.0530486702919 0
      vertex 16.3425827100873 13.049924597144127 1
      vertex 16.3425827100873 13.049924597144127 0
    endloop
  endfacet
  facet normal 0.7746110727642097 0.6324378909830437 0
    outer loop
      vertex 16.340032033622265 13.0530486702919 0
      vertex 16.340032033622265 13.0530486702919 1
      vertex 16.3425827100873 13.049924597144127 1
    endloop
  endfacet
  facet normal 0.761658757624037 0.6479783460383599 0
    outer loop
      vertex 16.34003160893917 13.0530491694808 0
      vertex 16.340032033622265 13.0530486702919 1
      vertex 16.340032033622265 13.0530486702919 0
    endloop
  endfacet
  facet normal 0.761658757624037 0.6479783460383599 0
    outer loop
      vertex 16.34003160893917 13.0530491694808 0
      vertex 16.34003160893917 13.0530491694808 1
      vertex 16.340032033622265 13.0530486702919 1
    endloop
  endfacet
  facet normal 0.7720538003394258 0.6355571802611076 0
    outer loop
      vertex 16.14251947402954 13.29298036545515 0
      vertex 16.34003160893917 13.0530491694808 1
      vertex 16.34003160893917 13.0530491694808 0
    endloop
  endfacet
  facet normal 0.7720538003394258 0.6355571802611076 0
    outer loop
      vertex 16.14251947402954 13.29298036545515 0
      vertex 16.14251947402954 13.29298036545515 1
      vertex 16.34003160893917 13.0530491694808 1
    endloop
  endfacet
  facet normal 0.7819732395959151 0.6233120025764541 0
    outer loop
      vertex 16.142519064247608 13.292980879545212 0
      vertex 16.14251947402954 13.29298036545515 1
      vertex 16.14251947402954 13.29298036545515 0
    endloop
  endfacet
  facet normal 0.7819732395959151 0.6233120025764541 0
    outer loop
      vertex 16.142519064247608 13.292980879545212 0
      vertex 16.142519064247608 13.292980879545212 1
      vertex 16.14251947402954 13.29298036545515 1
    endloop
  endfacet
  facet normal 0.7692737962335483 0.6389192644054689 0
    outer loop
      vertex 16.139731772243977 13.296336844563484 0
      vertex 16.142519064247608 13.292980879545212 1
      vertex 16.142519064247608 13.292980879545212 0
    endloop
  endfacet
  facet normal 0.7692737962335483 0.6389192644054689 0
    outer loop
      vertex 16.139731772243977 13.296336844563484 0
      vertex 16.139731772243977 13.296336844563484 1
      vertex 16.142519064247608 13.292980879545212 1
    endloop
  endfacet
  facet normal 0.7664791995578965 0.6422691310074667 0
    outer loop
      vertex 15.945788852870464 13.527786880731583 0
      vertex 16.139731772243977 13.296336844563484 1
      vertex 16.139731772243977 13.296336844563484 0
    endloop
  endfacet
  facet normal 0.7664791995578965 0.6422691310074667 0
    outer loop
      vertex 15.945788852870464 13.527786880731583 0
      vertex 15.945788852870464 13.527786880731583 1
      vertex 16.139731772243977 13.296336844563484 1
    endloop
  endfacet
  facet normal 0.7775110720239842 0.6288692494311636 0
    outer loop
      vertex 15.945788443088531 13.527787387371063 0
      vertex 15.945788852870464 13.527786880731583 1
      vertex 15.945788852870464 13.527786880731583 0
    endloop
  endfacet
  facet normal 0.7775110720239842 0.6288692494311636 0
    outer loop
      vertex 15.945788443088531 13.527787387371063 0
      vertex 15.945788443088531 13.527787387371063 1
      vertex 15.945788852870464 13.527786880731583 1
    endloop
  endfacet
  facet normal 0.7634396977618202 0.6458791124361746 0
    outer loop
      vertex 15.94274028390646 13.531390361487865 0
      vertex 15.945788443088531 13.527787387371063 1
      vertex 15.945788443088531 13.527787387371063 0
    endloop
  endfacet
  facet normal 0.7634396977618202 0.6458791124361746 0
    outer loop
      vertex 15.94274028390646 13.531390361487865 0
      vertex 15.94274028390646 13.531390361487865 1
      vertex 15.945788443088531 13.527787387371063 1
    endloop
  endfacet
  facet normal 0.7461413012835377 0.6657876226837721 0
    outer loop
      vertex 15.942739851772785 13.531390845775604 0
      vertex 15.94274028390646 13.531390361487865 1
      vertex 15.94274028390646 13.531390361487865 0
    endloop
  endfacet
  facet normal 0.7461413012835377 0.6657876226837721 0
    outer loop
      vertex 15.942739851772785 13.531390845775604 0
      vertex 15.942739851772785 13.531390845775604 1
      vertex 15.94274028390646 13.531390361487865 1
    endloop
  endfacet
  facet normal 0.7603829170201998 0.6494750337802461 0
    outer loop
      vertex 15.752301588654518 13.754349380731583 0
      vertex 15.942739851772785 13.531390845775604 1
      vertex 15.942739851772785 13.531390845775604 0
    endloop
  endfacet
  facet normal 0.7603829170201998 0.6494750337802461 0
    outer loop
      vertex 15.752301588654518 13.754349380731583 0
      vertex 15.752301588654518 13.754349380731583 1
      vertex 15.942739851772785 13.531390845775604 1
    endloop
  endfacet
  facet normal 0.75705562147116 0.6533504312380269 0
    outer loop
      vertex 15.748965196311474 13.758215352892876 0
      vertex 15.752301588654518 13.754349380731583 1
      vertex 15.752301588654518 13.754349380731583 0
    endloop
  endfacet
  facet normal 0.75705562147116 0.6533504312380269 0
    outer loop
      vertex 15.748965196311474 13.758215352892876 0
      vertex 15.748965196311474 13.758215352892876 1
      vertex 15.752301588654518 13.754349380731583 1
    endloop
  endfacet
  facet normal 0.7071067811865475 -0.7071067811865475 0
    outer loop
      vertex 15.748965203762054 13.758215360343456 0
      vertex 15.748965196311474 13.758215352892876 1
      vertex 15.748965196311474 13.758215352892876 0
    endloop
  endfacet
  facet normal 0.7071067811865475 -0.7071067811865475 0
    outer loop
      vertex 15.748965203762054 13.758215360343456 0
      vertex 15.748965203762054 13.758215360343456 1
      vertex 15.748965196311474 13.758215352892876 1
    endloop
  endfacet
  facet normal 0.7537100844204457 0.6572070515772974 0
    outer loop
      vertex 15.561966501176357 13.97267259657383 0
      vertex 15.748965203762054 13.758215360343456 1
      vertex 15.748965203762054 13.758215360343456 0
    endloop
  endfacet
  facet normal 0.7537100844204457 0.6572070515772974 0
    outer loop
      vertex 15.561966501176357 13.97267259657383 0
      vertex 15.561966501176357 13.97267259657383 1
      vertex 15.748965203762054 13.758215360343456 1
    endloop
  endfacet
  facet normal 0.7703943211246898 0.637567714034226 0
    outer loop
      vertex 15.561966143548489 13.972673028707504 0
      vertex 15.561966501176357 13.97267259657383 1
      vertex 15.561966501176357 13.97267259657383 0
    endloop
  endfacet
  facet normal 0.7703943211246898 0.637567714034226 0
    outer loop
      vertex 15.561966143548489 13.972673028707504 0
      vertex 15.561966143548489 13.972673028707504 1
      vertex 15.561966501176357 13.97267259657383 1
    endloop
  endfacet
  facet normal 0.7500660081094898 0.6613629740760326 0
    outer loop
      vertex 15.558310613036156 13.976818844676018 0
      vertex 15.561966143548489 13.972673028707504 1
      vertex 15.561966143548489 13.972673028707504 0
    endloop
  endfacet
  facet normal 0.7500660081094898 0.6613629740760326 0
    outer loop
      vertex 15.558310613036156 13.976818844676018 0
      vertex 15.558310613036156 13.976818844676018 1
      vertex 15.561966143548489 13.972673028707504 1
    endloop
  endfacet
  facet normal 0.7463990286556791 0.6654986777010596 0
    outer loop
      vertex 15.374686613678932 14.182764820754528 0
      vertex 15.558310613036156 13.976818844676018 1
      vertex 15.558310613036156 13.976818844676018 0
    endloop
  endfacet
  facet normal 0.7463990286556791 0.6654986777010596 0
    outer loop
      vertex 15.374686613678932 14.182764820754528 0
      vertex 15.374686613678932 14.182764820754528 1
      vertex 15.558310613036156 13.976818844676018 1
    endloop
  endfacet
  facet normal 0.7576086904616802 0.6527090256285245 0
    outer loop
      vertex 15.374686196446419 14.182765305042267 0
      vertex 15.374686613678932 14.182764820754528 1
      vertex 15.374686613678932 14.182764820754528 0
    endloop
  endfacet
  facet normal 0.7576086904616802 0.6527090256285245 0
    outer loop
      vertex 15.374686196446419 14.182765305042267 0
      vertex 15.374686196446419 14.182765305042267 1
      vertex 15.374686613678932 14.182764820754528 1
    endloop
  endfacet
  facet normal 0.742402374873661 0.6699542624552427 0
    outer loop
      vertex 15.370676524937153 14.187208577990532 0
      vertex 15.374686196446419 14.182765305042267 1
      vertex 15.374686196446419 14.182765305042267 0
    endloop
  endfacet
  facet normal 0.742402374873661 0.6699542624552427 0
    outer loop
      vertex 15.370676524937153 14.187208577990532 0
      vertex 15.370676524937153 14.187208577990532 1
      vertex 15.374686196446419 14.182765305042267 1
    endloop
  endfacet
  facet normal 0.7383797104607882 0.6743852038559586 0
    outer loop
      vertex 15.190361730754375 14.384634003043175 0
      vertex 15.370676524937153 14.187208577990532 1
      vertex 15.370676524937153 14.187208577990532 0
    endloop
  endfacet
  facet normal 0.7383797104607882 0.6743852038559586 0
    outer loop
      vertex 15.190361730754375 14.384634003043175 0
      vertex 15.190361730754375 14.384634003043175 1
      vertex 15.370676524937153 14.187208577990532 1
    endloop
  endfacet
  facet normal 0.7339920265119705 0.6791580854387667 0
    outer loop
      vertex 15.18595827370882 14.389392986893654 0
      vertex 15.190361730754375 14.384634003043175 1
      vertex 15.190361730754375 14.384634003043175 0
    endloop
  endfacet
  facet normal 0.7339920265119705 0.6791580854387667 0
    outer loop
      vertex 15.18595827370882 14.389392986893654 0
      vertex 15.18595827370882 14.389392986893654 1
      vertex 15.190361730754375 14.384634003043175 1
    endloop
  endfacet
  facet normal 0.7295727779260034 0.6839031815318121 0
    outer loop
      vertex 15.00888853520155 14.578287065029144 0
      vertex 15.18595827370882 14.389392986893654 1
      vertex 15.18595827370882 14.389392986893654 0
    endloop
  endfacet
  facet normal 0.7295727779260034 0.6839031815318121 0
    outer loop
      vertex 15.00888853520155 14.578287065029144 0
      vertex 15.00888853520155 14.578287065029144 1
      vertex 15.18595827370882 14.389392986893654 1
    endloop
  endfacet
  facet normal 0.7421026427511382 0.6702862579687701 0
    outer loop
      vertex 15.008888117969036 14.578287526965141 0
      vertex 15.00888853520155 14.578287065029144 1
      vertex 15.00888853520155 14.578287065029144 0
    endloop
  endfacet
  facet normal 0.7421026427511382 0.6702862579687701 0
    outer loop
      vertex 15.008888117969036 14.578287526965141 0
      vertex 15.008888117969036 14.578287526965141 1
      vertex 15.00888853520155 14.578287065029144 1
    endloop
  endfacet
  facet normal 0.7247484048707101 0.6890136062788319 0
    outer loop
      vertex 15.004045873880386 14.583380907773972 0
      vertex 15.008888117969036 14.578287526965141 1
      vertex 15.008888117969036 14.578287526965141 0
    endloop
  endfacet
  facet normal 0.7247484048707101 0.6890136062788319 0
    outer loop
      vertex 15.004045873880386 14.583380907773972 0
      vertex 15.004045873880386 14.583380907773972 1
      vertex 15.008888117969036 14.578287526965141 1
    endloop
  endfacet
  facet normal 0.7071067811865476 0.7071067811865476 0
    outer loop
      vertex 15.004045456647873 14.583381325006485 0
      vertex 15.004045873880386 14.583380907773972 1
      vertex 15.004045873880386 14.583380907773972 0
    endloop
  endfacet
  facet normal 0.7071067811865476 0.7071067811865476 0
    outer loop
      vertex 15.004045456647873 14.583381325006485 0
      vertex 15.004045456647873 14.583381325006485 1
      vertex 15.004045873880386 14.583380907773972 1
    endloop
  endfacet
  facet normal 0.7198883347885375 0.6940898972290164 0
    outer loop
      vertex 14.830155335366726 14.763734720647335 0
      vertex 15.004045456647873 14.583381325006485 1
      vertex 15.004045456647873 14.583381325006485 0
    endloop
  endfacet
  facet normal 0.7198883347885375 0.6940898972290164 0
    outer loop
      vertex 14.830155335366726 14.763734720647335 0
      vertex 14.830155335366726 14.763734720647335 1
      vertex 15.004045456647873 14.583381325006485 1
    endloop
  endfacet
  facet normal 0.7145769798808199 0.6995568167235642 0
    outer loop
      vertex 14.824823223054409 14.769181318581104 0
      vertex 14.830155335366726 14.763734720647335 1
      vertex 14.830155335366726 14.763734720647335 0
    endloop
  endfacet
  facet normal 0.7145769798808199 0.6995568167235642 0
    outer loop
      vertex 14.824823223054409 14.769181318581104 0
      vertex 14.824823223054409 14.769181318581104 1
      vertex 14.830155335366726 14.763734720647335 1
    endloop
  endfacet
  facet normal 0.7092240884506386 0.7049831149476992 0
    outer loop
      vertex 14.654047317802906 14.940984562039375 0
      vertex 14.824823223054409 14.769181318581104 1
      vertex 14.824823223054409 14.769181318581104 0
    endloop
  endfacet
  facet normal 0.7092240884506386 0.7049831149476992 0
    outer loop
      vertex 14.654047317802906 14.940984562039375 0
      vertex 14.654047317802906 14.940984562039375 1
      vertex 14.824823223054409 14.769181318581104 1
    endloop
  endfacet
  facet normal 0.7033681098481099 0.7108257888179756 0
    outer loop
      vertex 14.64816728234291 14.946802906692028 0
      vertex 14.654047317802906 14.940984562039375 1
      vertex 14.654047317802906 14.940984562039375 0
    endloop
  endfacet
  facet normal 0.7033681098481099 0.7108257888179756 0
    outer loop
      vertex 14.64816728234291 14.946802906692028 0
      vertex 14.64816728234291 14.946802906692028 1
      vertex 14.654047317802906 14.940984562039375 1
    endloop
  endfacet
  facet normal 0.6974640091686953 0.7166198126721939 0
    outer loop
      vertex 14.480440989136696 15.110045745968819 0
      vertex 14.64816728234291 14.946802906692028 1
      vertex 14.64816728234291 14.946802906692028 0
    endloop
  endfacet
  facet normal 0.6974640091686953 0.7166198126721939 0
    outer loop
      vertex 14.480440989136696 15.110045745968819 0
      vertex 14.480440989136696 15.110045745968819 1
      vertex 14.64816728234291 14.946802906692028 1
    endloop
  endfacet
  facet normal 0.6909980243212427 0.7228566458047814 0
    outer loop
      vertex 14.47394710034132 15.116253428161144 0
      vertex 14.480440989136696 15.110045745968819 1
      vertex 14.480440989136696 15.110045745968819 0
    endloop
  endfacet
  facet normal 0.6909980243212427 0.7228566458047814 0
    outer loop
      vertex 14.47394710034132 15.116253428161144 0
      vertex 14.47394710034132 15.116253428161144 1
      vertex 14.480440989136696 15.110045745968819 1
    endloop
  endfacet
  facet normal 0.6844762198691899 0.72903518737684 0
    outer loop
      vertex 14.309205427765846 15.270926013588905 0
      vertex 14.47394710034132 15.116253428161144 1
      vertex 14.47394710034132 15.116253428161144 0
    endloop
  endfacet
  facet normal 0.6844762198691899 0.72903518737684 0
    outer loop
      vertex 14.309205427765846 15.270926013588905 0
      vertex 14.309205427765846 15.270926013588905 1
      vertex 14.47394710034132 15.116253428161144 1
    endloop
  endfacet
  facet normal 0.677325400057231 0.7356835613477525 0
    outer loop
      vertex 14.302022822201252 15.277538858354092 0
      vertex 14.309205427765846 15.270926013588905 1
      vertex 14.309205427765846 15.270926013588905 0
    endloop
  endfacet
  facet normal 0.677325400057231 0.7356835613477525 0
    outer loop
      vertex 14.302022822201252 15.277538858354092 0
      vertex 14.302022822201252 15.277538858354092 1
      vertex 14.309205427765846 15.270926013588905 1
    endloop
  endfacet
  facet normal 0.7071067811865475 -0.7071067811865475 0
    outer loop
      vertex 14.302022829651833 15.277538865804672 0
      vertex 14.302022822201252 15.277538858354092 1
      vertex 14.302022822201252 15.277538858354092 0
    endloop
  endfacet
  facet normal 0.7071067811865475 -0.7071067811865475 0
    outer loop
      vertex 14.302022829651833 15.277538865804672 0
      vertex 14.302022829651833 15.277538865804672 1
      vertex 14.302022822201252 15.277538858354092 1
    endloop
  endfacet
  facet normal 0.6701110229519281 0.7422608819803994 0
    outer loop
      vertex 14.140200778841972 15.423631355166435 0
      vertex 14.302022829651833 15.277538865804672 1
      vertex 14.302022829651833 15.277538865804672 0
    endloop
  endfacet
  facet normal 0.6701110229519281 0.7422608819803994 0
    outer loop
      vertex 14.140200778841972 15.423631355166435 0
      vertex 14.140200778841972 15.423631355166435 1
      vertex 14.302022829651833 15.277538865804672 1
    endloop
  endfacet
  facet normal 0.6621923077845812 0.7493339359130419 0
    outer loop
      vertex 14.132244646549225 15.430662252008915 0
      vertex 14.140200778841972 15.423631355166435 1
      vertex 14.140200778841972 15.423631355166435 0
    endloop
  endfacet
  facet normal 0.6621923077845812 0.7493339359130419 0
    outer loop
      vertex 14.132244646549225 15.430662252008915 0
      vertex 14.132244646549225 15.430662252008915 1
      vertex 14.140200778841972 15.423631355166435 1
    endloop
  endfacet
  facet normal 0.6541987540488317 0.7563226759796088 0
    outer loop
      vertex 13.97327720373869 15.568164810538292 0
      vertex 14.132244646549225 15.430662252008915 1
      vertex 14.132244646549225 15.430662252008915 0
    endloop
  endfacet
  facet normal 0.6541987540488317 0.7563226759796088 0
    outer loop
      vertex 13.97327720373869 15.568164810538292 0
      vertex 13.97327720373869 15.568164810538292 1
      vertex 14.132244646549225 15.430662252008915 1
    endloop
  endfacet
  facet normal 0.6454157625651955 0.763831456168432 0
    outer loop
      vertex 13.964451670646667 15.575622133910656 0
      vertex 13.97327720373869 15.568164810538292 1
      vertex 13.97327720373869 15.568164810538292 0
    endloop
  endfacet
  facet normal 0.6454157625651955 0.763831456168432 0
    outer loop
      vertex 13.964451670646667 15.575622133910656 0
      vertex 13.964451670646667 15.575622133910656 1
      vertex 13.97327720373869 15.568164810538292 1
    endloop
  endfacet
  facet normal 0.7071067811865475 -0.7071067811865475 0
    outer loop
      vertex 13.964451678097248 15.575622141361237 0
      vertex 13.964451670646667 15.575622133910656 1
      vertex 13.964451670646667 15.575622133910656 0
    endloop
  endfacet
  facet normal 0.7071067811865475 -0.7071067811865475 0
    outer loop
      vertex 13.964451678097248 15.575622141361237 0
      vertex 13.964451678097248 15.575622141361237 1
      vertex 13.964451670646667 15.575622133910656 1
    endloop
  endfacet
  facet normal 0.6365476955063926 0.7712373378834178 0
    outer loop
      vertex 13.80827385187149 15.704524919390678 0
      vertex 13.964451678097248 15.575622141361237 1
      vertex 13.964451678097248 15.575622141361237 0
    endloop
  endfacet
  facet normal 0.6365476955063926 0.7712373378834178 0
    outer loop
      vertex 13.80827385187149 15.704524919390678 0
      vertex 13.80827385187149 15.704524919390678 1
      vertex 13.964451678097248 15.575622141361237 1
    endloop
  endfacet
  facet normal -0.7071067811865475 0.7071067811865475 0
    outer loop
      vertex 13.80827384442091 15.704524911940098 0
      vertex 13.80827385187149 15.704524919390678 1
      vertex 13.80827385187149 15.704524919390678 0
    endloop
  endfacet
  facet normal -0.7071067811865475 0.7071067811865475 0
    outer loop
      vertex 13.80827384442091 15.704524911940098 0
      vertex 13.80827384442091 15.704524911940098 1
      vertex 13.80827385187149 15.704524919390678 1
    endloop
  endfacet
  facet normal 0.6267947895338288 0.7791843760068878 0
    outer loop
      vertex 13.798471041023731 15.712410524487495 0
      vertex 13.80827384442091 15.704524911940098 1
      vertex 13.80827384442091 15.704524911940098 0
    endloop
  endfacet
  facet normal 0.6267947895338288 0.7791843760068878 0
    outer loop
      vertex 13.798471041023731 15.712410524487495 0
      vertex 13.798471041023731 15.712410524487495 1
      vertex 13.80827384442091 15.704524911940098 1
    endloop
  endfacet
  facet normal 0 1 0
    outer loop
      vertex 13.79847102612257 15.712410524487495 0
      vertex 13.798471041023731 15.712410524487495 1
      vertex 13.798471041023731 15.712410524487495 0
    endloop
  endfacet
  facet normal 0 1 0
    outer loop
      vertex 13.79847102612257 15.712410524487495 0
      vertex 13.79847102612257 15.712410524487495 1
      vertex 13.798471041023731 15.712410524487495 1
    endloop
  endfacet
  facet normal 0.7071067811865475 -0.7071067811865475 0
    outer loop
      vertex 13.79847103357315 15.712410531938076 0
      vertex 13.79847102612257 15.712410524487495 1
      vertex 13.79847102612257 15.712410524487495 0
    endloop
  endfacet
  facet normal 0.7071067811865475 -0.7071067811865475 0
    outer loop
      vertex 13.79847103357315 15.712410531938076 0
      vertex 13.79847103357315 15.712410531938076 1
      vertex 13.79847102612257 15.712410524487495 1
    endloop
  endfacet
  facet normal 0.6169420841482423 0.7870085544686432 0
    outer loop
      vertex 13.645017825067043 15.832703687250614 0
      vertex 13.79847103357315 15.712410531938076 1
      vertex 13.79847103357315 15.712410531938076 0
    endloop
  endfacet
  facet normal 0.6169420841482423 0.7870085544686432 0
    outer loop
      vertex 13.645017825067043 15.832703687250614 0
      vertex 13.645017825067043 15.832703687250614 1
      vertex 13.79847103357315 15.712410531938076 1
    endloop
  endfacet
  facet normal 0.6060984945848301 0.7953895994177964 0
    outer loop
      vertex 13.63411708176136 15.841010212898254 0
      vertex 13.645017825067043 15.832703687250614 1
      vertex 13.645017825067043 15.832703687250614 0
    endloop
  endfacet
  facet normal 0.6060984945848301 0.7953895994177964 0
    outer loop
      vertex 13.63411708176136 15.841010212898254 0
      vertex 13.63411708176136 15.841010212898254 1
      vertex 13.645017825067043 15.832703687250614 1
    endloop
  endfacet
  facet normal 0.5812381937190965 0.813733471206735 0
    outer loop
      vertex 13.634116664528847 15.841010510921478 0
      vertex 13.63411708176136 15.841010212898254 1
      vertex 13.63411708176136 15.841010212898254 0
    endloop
  endfacet
  facet normal 0.5812381937190965 0.813733471206735 0
    outer loop
      vertex 13.634116664528847 15.841010510921478 0
      vertex 13.634116664528847 15.841010510921478 1
      vertex 13.63411708176136 15.841010212898254 1
    endloop
  endfacet
  facet normal 0.5951405619301355 0.8036216221241701 0
    outer loop
      vertex 13.483323872089386 15.952683597803116 0
      vertex 13.634116664528847 15.841010510921478 1
      vertex 13.634116664528847 15.841010510921478 0
    endloop
  endfacet
  facet normal 0.5951405619301355 0.8036216221241701 0
    outer loop
      vertex 13.483323872089386 15.952683597803116 0
      vertex 13.483323872089386 15.952683597803116 1
      vertex 13.634116664528847 15.841010510921478 1
    endloop
  endfacet
  facet normal 0.6139406135149204 0.7893522173763262 0
    outer loop
      vertex 13.483323469758034 15.952683910727501 0
      vertex 13.483323872089386 15.952683597803116 1
      vertex 13.483323872089386 15.952683597803116 0
    endloop
  endfacet
  facet normal 0.6139406135149204 0.7893522173763262 0
    outer loop
      vertex 13.483323469758034 15.952683910727501 0
      vertex 13.483323469758034 15.952683910727501 1
      vertex 13.483323872089386 15.952683597803116 1
    endloop
  endfacet
  facet normal 0.5830726155350481 0.812420042227614 0
    outer loop
      vertex 13.471191018819809 15.961391352117062 0
      vertex 13.483323469758034 15.952683910727501 1
      vertex 13.483323469758034 15.952683910727501 0
    endloop
  endfacet
  facet normal 0.5830726155350481 0.812420042227614 0
    outer loop
      vertex 13.471191018819809 15.961391352117062 0
      vertex 13.471191018819809 15.961391352117062 1
      vertex 13.483323469758034 15.952683910727501 1
    endloop
  endfacet
  facet normal 0.7071067811865475 -0.7071067811865475 0
    outer loop
      vertex 13.47119102627039 15.961391359567642 0
      vertex 13.471191018819809 15.961391352117062 1
      vertex 13.471191018819809 15.961391352117062 0
    endloop
  endfacet
  facet normal 0.7071067811865475 -0.7071067811865475 0
    outer loop
      vertex 13.47119102627039 15.961391359567642 0
      vertex 13.47119102627039 15.961391359567642 1
      vertex 13.471191018819809 15.961391352117062 1
    endloop
  endfacet
  facet normal 0.570875681670887 0.8210365132421336 0
    outer loop
      vertex 13.322992011904716 16.06443575769663 0
      vertex 13.47119102627039 15.961391359567642 1
      vertex 13.47119102627039 15.961391359567642 0
    endloop
  endfacet
  facet normal 0.570875681670887 0.8210365132421336 0
    outer loop
      vertex 13.322992011904716 16.06443575769663 0
      vertex 13.322992011904716 16.06443575769663 1
      vertex 13.47119102627039 15.961391359567642 1
    endloop
  endfacet
  facet normal 0.5574390070704216 0.8302178951313578 0
    outer loop
      vertex 13.309481404721737 16.07350727915764 0
      vertex 13.322992011904716 16.06443575769663 1
      vertex 13.322992011904716 16.06443575769663 0
    endloop
  endfacet
  facet normal 0.5574390070704216 0.8302178951313578 0
    outer loop
      vertex 13.309481404721737 16.07350727915764 0
      vertex 13.309481404721737 16.07350727915764 1
      vertex 13.322992011904716 16.06443575769663 1
    endloop
  endfacet
  facet normal 0.5438544669550407 0.8391795509740742 0
    outer loop
      vertex 13.16381200402975 16.167912527918816 0
      vertex 13.309481404721737 16.07350727915764 1
      vertex 13.309481404721737 16.07350727915764 0
    endloop
  endfacet
  facet normal 0.5438544669550407 0.8391795509740742 0
    outer loop
      vertex 13.16381200402975 16.167912527918816 0
      vertex 13.16381200402975 16.167912527918816 1
      vertex 13.309481404721737 16.07350727915764 1
    endloop
  endfacet
  facet normal 0.5288912633027397 0.8486895967325345 0
    outer loop
      vertex 13.148765563964844 16.177289254963398 0
      vertex 13.16381200402975 16.167912527918816 1
      vertex 13.16381200402975 16.167912527918816 0
    endloop
  endfacet
  facet normal 0.5288912633027397 0.8486895967325345 0
    outer loop
      vertex 13.148765563964844 16.177289254963398 0
      vertex 13.148765563964844 16.177289254963398 1
      vertex 13.16381200402975 16.167912527918816 1
    endloop
  endfacet
  facet normal 0.513761530178506 0.8579330335805003 0
    outer loop
      vertex 13.005561381578445 16.263045132160187 0
      vertex 13.148765563964844 16.177289254963398 1
      vertex 13.148765563964844 16.177289254963398 0
    endloop
  endfacet
  facet normal 0.513761530178506 0.8579330335805003 0
    outer loop
      vertex 13.005561381578445 16.263045132160187 0
      vertex 13.005561381578445 16.263045132160187 1
      vertex 13.148765563964844 16.177289254963398 1
    endloop
  endfacet
  facet normal 0.5309163761630045 0.8474242157986418 0
    outer loop
      vertex 13.005560763180256 16.263045519590378 0
      vertex 13.005561381578445 16.263045132160187 1
      vertex 13.005561381578445 16.263045132160187 0
    endloop
  endfacet
  facet normal 0.5309163761630045 0.8474242157986418 0
    outer loop
      vertex 13.005560763180256 16.263045519590378 0
      vertex 13.005560763180256 16.263045519590378 1
      vertex 13.005561381578445 16.263045132160187 1
    endloop
  endfacet
  facet normal 0.49710629541408835 0.8676896513498829 0
    outer loop
      vertex 12.988812886178493 16.272640511393547 0
      vertex 13.005560763180256 16.263045519590378 1
      vertex 13.005560763180256 16.263045519590378 0
    endloop
  endfacet
  facet normal 0.49710629541408835 0.8676896513498829 0
    outer loop
      vertex 12.988812886178493 16.272640511393547 0
      vertex 12.988812886178493 16.272640511393547 1
      vertex 13.005560763180256 16.263045519590378 1
    endloop
  endfacet
  facet normal 0.46697446719372016 0.8842707995795978 0
    outer loop
      vertex 12.98881222307682 16.272640861570835 0
      vertex 12.988812886178493 16.272640511393547 1
      vertex 12.988812886178493 16.272640511393547 0
    endloop
  endfacet
  facet normal 0.46697446719372016 0.8842707995795978 0
    outer loop
      vertex 12.98881222307682 16.272640861570835 0
      vertex 12.98881222307682 16.272640861570835 1
      vertex 12.988812886178493 16.272640511393547 1
    endloop
  endfacet
  facet normal 0.48026588656533836 0.8771229550077968 0
    outer loop
      vertex 12.848007678985596 16.34973794221878 0
      vertex 12.98881222307682 16.272640861570835 1
      vertex 12.98881222307682 16.272640861570835 0
    endloop
  endfacet
  facet normal 0.48026588656533836 0.8771229550077968 0
    outer loop
      vertex 12.848007678985596 16.34973794221878 0
      vertex 12.848007678985596 16.34973794221878 1
      vertex 12.98881222307682 16.272640861570835 1
    endloop
  endfacet
  facet normal 0.4710335814702194 0.8821152788198027 0
    outer loop
      vertex 12.838749893009663 16.354681432247162 0
      vertex 12.848007678985596 16.34973794221878 1
      vertex 12.848007678985596 16.34973794221878 0
    endloop
  endfacet
  facet normal 0.4710335814702194 0.8821152788198027 0
    outer loop
      vertex 12.838749893009663 16.354681432247162 0
      vertex 12.838749893009663 16.354681432247162 1
      vertex 12.848007678985596 16.34973794221878 1
    endloop
  endfacet
  facet normal 0.4524162344000828 0.891806902222252 0
    outer loop
      vertex 12.82939038425684 16.35942953824997 0
      vertex 12.838749893009663 16.354681432247162 1
      vertex 12.838749893009663 16.354681432247162 0
    endloop
  endfacet
  facet normal 0.4524162344000828 0.891806902222252 0
    outer loop
      vertex 12.82939038425684 16.35942953824997 0
      vertex 12.82939038425684 16.35942953824997 1
      vertex 12.838749893009663 16.354681432247162 1
    endloop
  endfacet
  facet normal 0.44303124413286893 0.8965061721606172 0
    outer loop
      vertex 12.690919771790504 16.42785830050707 0
      vertex 12.82939038425684 16.35942953824997 1
      vertex 12.82939038425684 16.35942953824997 0
    endloop
  endfacet
  facet normal 0.44303124413286893 0.8965061721606172 0
    outer loop
      vertex 12.690919771790504 16.42785830050707 0
      vertex 12.690919771790504 16.42785830050707 1
      vertex 12.82939038425684 16.35942953824997 1
    endloop
  endfacet
  facet normal 0.43279062429414883 0.901494467827219 0
    outer loop
      vertex 12.680650435388088 16.43278841674328 0
      vertex 12.690919771790504 16.42785830050707 1
      vertex 12.690919771790504 16.42785830050707 0
    endloop
  endfacet
  facet normal 0.43279062429414883 0.901494467827219 0
    outer loop
      vertex 12.680650435388088 16.43278841674328 0
      vertex 12.680650435388088 16.43278841674328 1
      vertex 12.690919771790504 16.42785830050707 1
    endloop
  endfacet
  facet normal 0.4121401668960995 0.9111204546221401 0
    outer loop
      vertex 12.670271441340446 16.4374832957983 0
      vertex 12.680650435388088 16.43278841674328 1
      vertex 12.680650435388088 16.43278841674328 0
    endloop
  endfacet
  facet normal 0.4121401668960995 0.9111204546221401 0
    outer loop
      vertex 12.670271441340446 16.4374832957983 0
      vertex 12.670271441340446 16.4374832957983 1
      vertex 12.680650435388088 16.43278841674328 1
    endloop
  endfacet
  facet normal 0.3893301917352076 0.9210982584954911 0
    outer loop
      vertex 12.670270718634129 16.437483601272106 0
      vertex 12.670271441340446 16.4374832957983 1
      vertex 12.670271441340446 16.4374832957983 0
    endloop
  endfacet
  facet normal 0.3893301917352076 0.9210982584954911 0
    outer loop
      vertex 12.670270718634129 16.437483601272106 0
      vertex 12.670270718634129 16.437483601272106 1
      vertex 12.670271441340446 16.4374832957983 1
    endloop
  endfacet
  facet normal 0.4017345839881455 0.9157561487797238 0
    outer loop
      vertex 12.534071125090122 16.497233226895332 0
      vertex 12.670270718634129 16.437483601272106 1
      vertex 12.670270718634129 16.437483601272106 0
    endloop
  endfacet
  facet normal 0.4017345839881455 0.9157561487797238 0
    outer loop
      vertex 12.534071125090122 16.497233226895332 0
      vertex 12.534071125090122 16.497233226895332 1
      vertex 12.670270718634129 16.437483601272106 1
    endloop
  endfacet
  facet normal 0.41235739867414717 0.9110221598614879 0
    outer loop
      vertex 12.534070417284966 16.497233547270298 0
      vertex 12.534071125090122 16.497233226895332 1
      vertex 12.534071125090122 16.497233226895332 0
    endloop
  endfacet
  facet normal 0.41235739867414717 0.9110221598614879 0
    outer loop
      vertex 12.534070417284966 16.497233547270298 0
      vertex 12.534070417284966 16.497233547270298 1
      vertex 12.534071125090122 16.497233226895332 1
    endloop
  endfacet
  facet normal 0.39041090088460956 0.9206407162788682 0
    outer loop
      vertex 12.52271705120802 16.50204810500145 0
      vertex 12.534070417284966 16.497233547270298 1
      vertex 12.534070417284966 16.497233547270298 0
    endloop
  endfacet
  facet normal 0.39041090088460956 0.9206407162788682 0
    outer loop
      vertex 12.52271705120802 16.50204810500145 0
      vertex 12.52271705120802 16.50204810500145 1
      vertex 12.534070417284966 16.497233547270298 1
    endloop
  endfacet
  facet normal 0.367586844242648 0.9299891999048867 0
    outer loop
      vertex 12.511248402297497 16.50658119469881 0
      vertex 12.52271705120802 16.50204810500145 1
      vertex 12.52271705120802 16.50204810500145 0
    endloop
  endfacet
  facet normal 0.367586844242648 0.9299891999048867 0
    outer loop
      vertex 12.511248402297497 16.50658119469881 0
      vertex 12.511248402297497 16.50658119469881 1
      vertex 12.52271705120802 16.50204810500145 1
    endloop
  endfacet
  facet normal 0.35609059249763697 0.9344514379756083 0
    outer loop
      vertex 12.377251982688904 16.557643093168736 0
      vertex 12.511248402297497 16.50658119469881 1
      vertex 12.511248402297497 16.50658119469881 0
    endloop
  endfacet
  facet normal 0.35609059249763697 0.9344514379756083 0
    outer loop
      vertex 12.377251982688904 16.557643093168736 0
      vertex 12.377251982688904 16.557643093168736 1
      vertex 12.511248402297497 16.50658119469881 1
    endloop
  endfacet
  facet normal -0.7071067811865475 0.7071067811865475 0
    outer loop
      vertex 12.377251975238323 16.557643085718155 0
      vertex 12.377251982688904 16.557643093168736 1
      vertex 12.377251982688904 16.557643093168736 0
    endloop
  endfacet
  facet normal -0.7071067811865475 0.7071067811865475 0
    outer loop
      vertex 12.377251975238323 16.557643085718155 0
      vertex 12.377251975238323 16.557643085718155 1
      vertex 12.377251982688904 16.557643093168736 1
    endloop
  endfacet
  facet normal 0.3436282406797547 0.9391057619924055 0
    outer loop
      vertex 12.364759370684624 16.562214255332947 0
      vertex 12.377251975238323 16.557643085718155 1
      vertex 12.377251975238323 16.557643085718155 0
    endloop
  endfacet
  facet normal 0.3436282406797547 0.9391057619924055 0
    outer loop
      vertex 12.364759370684624 16.562214255332947 0
      vertex 12.364759370684624 16.562214255332947 1
      vertex 12.377251975238323 16.557643085718155 1
    endloop
  endfacet
  facet normal 0.31852423914821026 0.9479147161401461 0
    outer loop
      vertex 12.352149583399296 16.566451475024223 0
      vertex 12.364759370684624 16.562214255332947 1
      vertex 12.364759370684624 16.562214255332947 0
    endloop
  endfacet
  facet normal 0.31852423914821026 0.9479147161401461 0
    outer loop
      vertex 12.352149583399296 16.566451475024223 0
      vertex 12.352149583399296 16.566451475024223 1
      vertex 12.364759370684624 16.562214255332947 1
    endloop
  endfacet
  facet normal 0.30588580866978465 0.9520682076691941 0
    outer loop
      vertex 12.220292747020721 16.60881517827511 0
      vertex 12.352149583399296 16.566451475024223 1
      vertex 12.352149583399296 16.566451475024223 0
    endloop
  endfacet
  facet normal 0.30588580866978465 0.9520682076691941 0
    outer loop
      vertex 12.220292747020721 16.60881517827511 0
      vertex 12.220292747020721 16.60881517827511 1
      vertex 12.352149583399296 16.566451475024223 1
    endloop
  endfacet
  facet normal -0.7071067811865475 0.7071067811865475 0
    outer loop
      vertex 12.22029273957014 16.608815170824528 0
      vertex 12.220292747020721 16.60881517827511 1
      vertex 12.220292747020721 16.60881517827511 0
    endloop
  endfacet
  facet normal -0.7071067811865475 0.7071067811865475 0
    outer loop
      vertex 12.22029273957014 16.608815170824528 0
      vertex 12.22029273957014 16.608815170824528 1
      vertex 12.220292747020721 16.60881517827511 1
    endloop
  endfacet
  facet normal 0.29225647782397246 0.9563399767707746 0
    outer loop
      vertex 12.206633359193802 16.612989462912083 0
      vertex 12.22029273957014 16.608815170824528 1
      vertex 12.22029273957014 16.608815170824528 0
    endloop
  endfacet
  facet normal 0.29225647782397246 0.9563399767707746 0
    outer loop
      vertex 12.206633359193802 16.612989462912083 0
      vertex 12.206633359193802 16.612989462912083 1
      vertex 12.22029273957014 16.608815170824528 1
    endloop
  endfacet
  facet normal 0.26482079830381167 0.9642976432542661 0
    outer loop
      vertex 12.192860320210457 16.616771891713142 0
      vertex 12.206633359193802 16.612989462912083 1
      vertex 12.206633359193802 16.612989462912083 0
    endloop
  endfacet
  facet normal 0.26482079830381167 0.9642976432542661 0
    outer loop
      vertex 12.192860320210457 16.616771891713142 0
      vertex 12.192860320210457 16.616771891713142 1
      vertex 12.206633359193802 16.612989462912083 1
    endloop
  endfacet
  facet normal 0.2510209707312109 0.9679816487171441 0
    outer loop
      vertex 12.063078068196774 16.65042755752802 0
      vertex 12.192860320210457 16.616771891713142 1
      vertex 12.192860320210457 16.616771891713142 0
    endloop
  endfacet
  facet normal 0.2510209707312109 0.9679816487171441 0
    outer loop
      vertex 12.063078068196774 16.65042755752802 0
      vertex 12.063078068196774 16.65042755752802 1
      vertex 12.192860320210457 16.616771891713142 1
    endloop
  endfacet
  facet normal 0.23623464293593452 0.9716960396527978 0
    outer loop
      vertex 12.04826395958662 16.654029101133347 0
      vertex 12.063078068196774 16.65042755752802 1
      vertex 12.063078068196774 16.65042755752802 0
    endloop
  endfacet
  facet normal 0.23623464293593452 0.9716960396527978 0
    outer loop
      vertex 12.04826395958662 16.654029101133347 0
      vertex 12.04826395958662 16.654029101133347 1
      vertex 12.063078068196774 16.65042755752802 1
    endloop
  endfacet
  facet normal 0.20649954992178268 0.9784466954730345 0
    outer loop
      vertex 12.033346936106682 16.657177314162254 0
      vertex 12.04826395958662 16.654029101133347 1
      vertex 12.04826395958662 16.654029101133347 0
    endloop
  endfacet
  facet normal 0.20649954992178268 0.9784466954730345 0
    outer loop
      vertex 12.033346936106682 16.657177314162254 0
      vertex 12.033346936106682 16.657177314162254 1
      vertex 12.04826395958662 16.654029101133347 1
    endloop
  endfacet
  facet normal 0.19155864435593065 0.9814811693417851 0
    outer loop
      vertex 11.905574262142181 16.682115092873573 0
      vertex 12.033346936106682 16.657177314162254 1
      vertex 12.033346936106682 16.657177314162254 0
    endloop
  endfacet
  facet normal 0.19155864435593065 0.9814811693417851 0
    outer loop
      vertex 11.905574262142181 16.682115092873573 0
      vertex 11.905574262142181 16.682115092873573 1
      vertex 12.033346936106682 16.657177314162254 1
    endloop
  endfacet
  facet normal 0.17567632631811056 0.9844479815467004 0
    outer loop
      vertex 11.889669075608253 16.684953399002552 0
      vertex 11.905574262142181 16.682115092873573 1
      vertex 11.905574262142181 16.682115092873573 0
    endloop
  endfacet
  facet normal 0.17567632631811056 0.9844479815467004 0
    outer loop
      vertex 11.889669075608253 16.684953399002552 0
      vertex 11.889669075608253 16.684953399002552 1
      vertex 11.905574262142181 16.682115092873573 1
    endloop
  endfacet
  facet normal 0.14377841001905617 0.9896099073940157 0
    outer loop
      vertex 11.873680487275124 16.68727634847164 0
      vertex 11.889669075608253 16.684953399002552 1
      vertex 11.889669075608253 16.684953399002552 0
    endloop
  endfacet
  facet normal 0.14377841001905617 0.9896099073940157 0
    outer loop
      vertex 11.873680487275124 16.68727634847164 0
      vertex 11.873680487275124 16.68727634847164 1
      vertex 11.889669075608253 16.684953399002552 1
    endloop
  endfacet
  facet normal 0.1277711577614176 0.991803675756602 0
    outer loop
      vertex 11.747852392494678 16.703486412763596 0
      vertex 11.873680487275124 16.68727634847164 1
      vertex 11.873680487275124 16.68727634847164 0
    endloop
  endfacet
  facet normal 0.1277711577614176 0.991803675756602 0
    outer loop
      vertex 11.747852392494678 16.703486412763596 0
      vertex 11.747852392494678 16.703486412763596 1
      vertex 11.873680487275124 16.68727634847164 1
    endloop
  endfacet
  facet normal 0.11091582264232497 0.9938298044874567 0
    outer loop
      vertex 11.730981171131134 16.70536931604147 0
      vertex 11.747852392494678 16.703486412763596 1
      vertex 11.747852392494678 16.703486412763596 0
    endloop
  endfacet
  facet normal 0.11091582264232497 0.9938298044874567 0
    outer loop
      vertex 11.730981171131134 16.70536931604147 0
      vertex 11.730981171131134 16.70536931604147 1
      vertex 11.747852392494678 16.703486412763596 1
    endloop
  endfacet
  facet normal 0.07711467657569929 0.9970222297705429 0
    outer loop
      vertex 11.714055746793747 16.70667841285467 0
      vertex 11.730981171131134 16.70536931604147 1
      vertex 11.730981171131134 16.70536931604147 0
    endloop
  endfacet
  facet normal 0.07711467657569929 0.9970222297705429 0
    outer loop
      vertex 11.714055746793747 16.70667841285467 0
      vertex 11.714055746793747 16.70667841285467 1
      vertex 11.730981171131134 16.70536931604147 1
    endloop
  endfacet
  facet normal 0.04343722427630693 0.9990561583550595 0
    outer loop
      vertex 11.714054889976978 16.706678450107574 0
      vertex 11.714055746793747 16.70667841285467 1
      vertex 11.714055746793747 16.70667841285467 0
    endloop
  endfacet
  facet normal 0.04343722427630693 0.9990561583550595 0
    outer loop
      vertex 11.714054889976978 16.706678450107574 0
      vertex 11.714054889976978 16.706678450107574 1
      vertex 11.714055746793747 16.70667841285467 1
    endloop
  endfacet
  facet normal 0.06017792198794345 0.9981876665763874 0
    outer loop
      vertex 11.590107224881649 16.71415090560913 0
      vertex 11.714054889976978 16.706678450107574 1
      vertex 11.714054889976978 16.706678450107574 0
    endloop
  endfacet
  facet normal 0.06017792198794345 0.9981876665763874 0
    outer loop
      vertex 11.590107224881649 16.71415090560913 0
      vertex 11.590107224881649 16.71415090560913 1
      vertex 11.714054889976978 16.706678450107574 1
    endloop
  endfacet
  facet normal 0.04253811764715416 0.9990948446203878 0
    outer loop
      vertex 11.572461016476154 16.714902222156525 0
      vertex 11.590107224881649 16.71415090560913 1
      vertex 11.590107224881649 16.71415090560913 0
    endloop
  endfacet
  facet normal 0.04253811764715416 0.9990948446203878 0
    outer loop
      vertex 11.572461016476154 16.714902222156525 0
      vertex 11.572461016476154 16.714902222156525 1
      vertex 11.590107224881649 16.71415090560913 1
    endloop
  endfacet
  facet normal 0.007224817622772631 0.9999739006645711 0
    outer loop
      vertex 11.554799288511276 16.715029828250408 0
      vertex 11.572461016476154 16.714902222156525 1
      vertex 11.572461016476154 16.714902222156525 0
    endloop
  endfacet
  facet normal 0.007224817622772631 0.9999739006645711 0
    outer loop
      vertex 11.554799288511276 16.715029828250408 0
      vertex 11.554799288511276 16.715029828250408 1
      vertex 11.572461016476154 16.714902222156525 1
    endloop
  endfacet
  facet normal -0.010438020442479061 0.9999455223807157 0
    outer loop
      vertex 11.432665340602398 16.713754922151566 0
      vertex 11.554799288511276 16.715029828250408 1
      vertex 11.554799288511276 16.715029828250408 0
    endloop
  endfacet
  facet normal -0.010438020442479061 0.9999455223807157 0
    outer loop
      vertex 11.432665340602398 16.713754922151566 0
      vertex 11.432665340602398 16.713754922151566 1
      vertex 11.554799288511276 16.715029828250408 1
    endloop
  endfacet
  facet normal -0.028610213307160598 0.999590644061117 0
    outer loop
      vertex 11.414497770369053 16.713234931230545 0
      vertex 11.432665340602398 16.713754922151566 1
      vertex 11.432665340602398 16.713754922151566 0
    endloop
  endfacet
  facet normal -0.028610213307160598 0.999590644061117 0
    outer loop
      vertex 11.414497770369053 16.713234931230545 0
      vertex 11.414497770369053 16.713234931230545 1
      vertex 11.432665340602398 16.713754922151566 1
    endloop
  endfacet
  facet normal -0.06492066645367568 0.9978904283874109 0
    outer loop
      vertex 11.396361105144024 16.71205499768257 0
      vertex 11.414497770369053 16.713234931230545 1
      vertex 11.414497770369053 16.713234931230545 0
    endloop
  endfacet
  facet normal -0.06492066645367568 0.9978904283874109 0
    outer loop
      vertex 11.396361105144024 16.71205499768257 0
      vertex 11.396361105144024 16.71205499768257 1
      vertex 11.414497770369053 16.713234931230545 1
    endloop
  endfacet
  facet normal -0.09604514706748785 0.9953769786994194 0
    outer loop
      vertex 11.396360255777836 16.712054915726185 0
      vertex 11.396361105144024 16.71205499768257 1
      vertex 11.396361105144024 16.71205499768257 0
    endloop
  endfacet
  facet normal -0.09604514706748785 0.9953769786994194 0
    outer loop
      vertex 11.396360255777836 16.712054915726185 0
      vertex 11.396360255777836 16.712054915726185 1
      vertex 11.396361105144024 16.71205499768257 1
    endloop
  endfacet
  facet normal -0.08304647008186786 0.9965456757253736 0
    outer loop
      vertex 11.275976739823818 16.702022835612297 0
      vertex 11.396360255777836 16.712054915726185 1
      vertex 11.396360255777836 16.712054915726185 0
    endloop
  endfacet
  facet normal -0.08304647008186786 0.9965456757253736 0
    outer loop
      vertex 11.275976739823818 16.702022835612297 0
      vertex 11.275976739823818 16.702022835612297 1
      vertex 11.396360255777836 16.712054915726185 1
    endloop
  endfacet
  facet normal -0.10145002094589273 0.9948406371123357 0
    outer loop
      vertex 11.257590763270855 16.70014790445566 0
      vertex 11.275976739823818 16.702022835612297 1
      vertex 11.275976739823818 16.702022835612297 0
    endloop
  endfacet
  facet normal -0.10145002094589273 0.9948406371123357 0
    outer loop
      vertex 11.257590763270855 16.70014790445566 0
      vertex 11.257590763270855 16.70014790445566 1
      vertex 11.275976739823818 16.702022835612297 1
    endloop
  endfacet
  facet normal -0.13814628886205235 0.990411834982621 0
    outer loop
      vertex 11.239286631345749 16.69759477674961 0
      vertex 11.257590763270855 16.70014790445566 1
      vertex 11.257590763270855 16.70014790445566 0
    endloop
  endfacet
  facet normal -0.13814628886205235 0.990411834982621 0
    outer loop
      vertex 11.239286631345749 16.69759477674961 0
      vertex 11.239286631345749 16.69759477674961 1
      vertex 11.257590763270855 16.70014790445566 1
    endloop
  endfacet
  facet normal -0.15642664868221037 0.9876895785529238 0
    outer loop
      vertex 11.120586834847927 16.678795538842678 0
      vertex 11.239286631345749 16.69759477674961 1
      vertex 11.239286631345749 16.69759477674961 0
    endloop
  endfacet
  facet normal -0.15642664868221037 0.9876895785529238 0
    outer loop
      vertex 11.120586834847927 16.678795538842678 0
      vertex 11.120586834847927 16.678795538842678 1
      vertex 11.239286631345749 16.69759477674961 1
    endloop
  endfacet
  facet normal -0.17473142927779883 0.9846161321157284 0
    outer loop
      vertex 11.10231228172779 16.675552509725094 0
      vertex 11.120586834847927 16.678795538842678 1
      vertex 11.120586834847927 16.678795538842678 0
    endloop
  endfacet
  facet normal -0.17473142927779883 0.9846161321157284 0
    outer loop
      vertex 11.10231228172779 16.675552509725094 0
      vertex 11.10231228172779 16.675552509725094 1
      vertex 11.120586834847927 16.678795538842678 1
    endloop
  endfacet
  facet normal -0.21115367279727673 0.9774528768509614 0
    outer loop
      vertex 11.084170684218407 16.67163348197937 0
      vertex 11.10231228172779 16.675552509725094 1
      vertex 11.10231228172779 16.675552509725094 0
    endloop
  endfacet
  facet normal -0.21115367279727673 0.9774528768509614 0
    outer loop
      vertex 11.084170684218407 16.67163348197937 0
      vertex 11.084170684218407 16.67163348197937 1
      vertex 11.10231228172779 16.675552509725094 1
    endloop
  endfacet
  facet normal -0.23912415666305278 0.9709889997833053 0
    outer loop
      vertex 11.084169685840607 16.67163323611021 0
      vertex 11.084170684218407 16.67163348197937 1
      vertex 11.084170684218407 16.67163348197937 0
    endloop
  endfacet
  facet normal -0.23912415666305278 0.9709889997833053 0
    outer loop
      vertex 11.084169685840607 16.67163323611021 0
      vertex 11.084169685840607 16.67163323611021 1
      vertex 11.084170684218407 16.67163348197937 1
    endloop
  endfacet
  facet normal -0.2292590365970831 0.9733654473724539 0
    outer loop
      vertex 10.96709107607603 16.64405743777752 0
      vertex 11.084169685840607 16.67163323611021 1
      vertex 11.084169685840607 16.67163323611021 0
    endloop
  endfacet
  facet normal -0.2292590365970831 0.9733654473724539 0
    outer loop
      vertex 10.96709107607603 16.64405743777752 0
      vertex 10.96709107607603 16.64405743777752 1
      vertex 11.084169685840607 16.67163323611021 1
    endloop
  endfacet
  facet normal -0.21194078521367418 0.9772825095963865 0
    outer loop
      vertex 10.967090457677841 16.64405730366707 0
      vertex 10.96709107607603 16.64405743777752 1
      vertex 10.96709107607603 16.64405743777752 0
    endloop
  endfacet
  facet normal -0.21194078521367418 0.9772825095963865 0
    outer loop
      vertex 10.967090457677841 16.64405730366707 0
      vertex 10.967090457677841 16.64405730366707 1
      vertex 10.96709107607603 16.64405743777752 1
    endloop
  endfacet
  facet normal -0.2471356872699798 0.9689808832364004 0
    outer loop
      vertex 10.949255712330341 16.639508605003357 0
      vertex 10.967090457677841 16.64405730366707 1
      vertex 10.967090457677841 16.64405730366707 0
    endloop
  endfacet
  facet normal -0.2471356872699798 0.9689808832364004 0
    outer loop
      vertex 10.949255712330341 16.639508605003357 0
      vertex 10.949255712330341 16.639508605003357 1
      vertex 10.967090457677841 16.64405730366707 1
    endloop
  endfacet
  facet normal -0.2826316293813424 0.9592285244263995 0
    outer loop
      vertex 10.931600466370583 16.634306579828262 0
      vertex 10.949255712330341 16.639508605003357 1
      vertex 10.949255712330341 16.639508605003357 0
    endloop
  endfacet
  facet normal -0.2826316293813424 0.9592285244263995 0
    outer loop
      vertex 10.931600466370583 16.634306579828262 0
      vertex 10.931600466370583 16.634306579828262 1
      vertex 10.949255712330341 16.639508605003357 1
    endloop
  endfacet
  facet normal -0.31622776601683794 0.9486832980505138 0
    outer loop
      vertex 10.93159992992878 16.634306401014328 0
      vertex 10.931600466370583 16.634306579828262 1
      vertex 10.931600466370583 16.634306579828262 0
    endloop
  endfacet
  facet normal -0.31622776601683794 0.9486832980505138 0
    outer loop
      vertex 10.93159992992878 16.634306401014328 0
      vertex 10.93159992992878 16.634306401014328 1
      vertex 10.931600466370583 16.634306579828262 1
    endloop
  endfacet
  facet normal -0.3002390499094312 0.9538639907814332 0
    outer loop
      vertex 10.816075816750526 16.59794393181801 0
      vertex 10.93159992992878 16.634306401014328 1
      vertex 10.93159992992878 16.634306401014328 0
    endloop
  endfacet
  facet normal -0.3002390499094312 0.9538639907814332 0
    outer loop
      vertex 10.816075816750526 16.59794393181801 0
      vertex 10.816075816750526 16.59794393181801 1
      vertex 10.93159992992878 16.634306401014328 1
    endloop
  endfacet
  facet normal -0.2867062765227769 0.95801853374684 0
    outer loop
      vertex 10.816074796020985 16.597943626344204 0
      vertex 10.816075816750526 16.59794393181801 1
      vertex 10.816075816750526 16.59794393181801 0
    endloop
  endfacet
  facet normal -0.2867062765227769 0.95801853374684 0
    outer loop
      vertex 10.816074796020985 16.597943626344204 0
      vertex 10.816074796020985 16.597943626344204 1
      vertex 10.816075816750526 16.59794393181801 1
    endloop
  endfacet
  facet normal -0.31738758032202724 0.948295905220163 0
    outer loop
      vertex 10.798977993428707 16.592221453785896 0
      vertex 10.816074796020985 16.597943626344204 1
      vertex 10.816074796020985 16.597943626344204 0
    endloop
  endfacet
  facet normal -0.31738758032202724 0.948295905220163 0
    outer loop
      vertex 10.798977993428707 16.592221453785896 0
      vertex 10.798977993428707 16.592221453785896 1
      vertex 10.816074796020985 16.597943626344204 1
    endloop
  endfacet
  facet normal -0.3513690735582184 0.9362370288270163 0
    outer loop
      vertex 10.782098613679409 16.585886634886265 0
      vertex 10.798977993428707 16.592221453785896 1
      vertex 10.798977993428707 16.592221453785896 0
    endloop
  endfacet
  facet normal -0.3513690735582184 0.9362370288270163 0
    outer loop
      vertex 10.782098613679409 16.585886634886265 0
      vertex 10.782098613679409 16.585886634886265 1
      vertex 10.798977993428707 16.592221453785896 1
    endloop
  endfacet
  facet normal -0.38262653549904524 0.9239030979123287 0
    outer loop
      vertex 10.78209787607193 16.58588632941246 0
      vertex 10.782098613679409 16.585886634886265 1
      vertex 10.782098613679409 16.585886634886265 0
    endloop
  endfacet
  facet normal -0.38262653549904524 0.9239030979123287 0
    outer loop
      vertex 10.78209787607193 16.58588632941246 0
      vertex 10.78209787607193 16.58588632941246 1
      vertex 10.782098613679409 16.585886634886265 1
    endloop
  endfacet
  facet normal -0.3681913143945785 0.9297500502846949 0
    outer loop
      vertex 10.668062515556812 16.54072706401348 0
      vertex 10.78209787607193 16.58588632941246 1
      vertex 10.78209787607193 16.58588632941246 0
    endloop
  endfacet
  facet normal -0.3681913143945785 0.9297500502846949 0
    outer loop
      vertex 10.668062515556812 16.54072706401348 0
      vertex 10.668062515556812 16.54072706401348 1
      vertex 10.78209787607193 16.58588632941246 1
    endloop
  endfacet
  facet normal -0.3843645126494137 0.9231814130580072 0
    outer loop
      vertex 10.651948004961014 16.534017823636532 0
      vertex 10.668062515556812 16.54072706401348 1
      vertex 10.668062515556812 16.54072706401348 0
    endloop
  endfacet
  facet normal -0.3843645126494137 0.9231814130580072 0
    outer loop
      vertex 10.651948004961014 16.534017823636532 0
      vertex 10.651948004961014 16.534017823636532 1
      vertex 10.668062515556812 16.54072706401348 1
    endloop
  endfacet
  facet normal -0.4163540831820008 0.9092025502701121 0
    outer loop
      vertex 10.636077500879765 16.526750192046165 0
      vertex 10.651948004961014 16.534017823636532 1
      vertex 10.651948004961014 16.534017823636532 0
    endloop
  endfacet
  facet normal -0.4163540831820008 0.9092025502701121 0
    outer loop
      vertex 10.636077500879765 16.526750192046165 0
      vertex 10.636077500879765 16.526750192046165 1
      vertex 10.651948004961014 16.534017823636532 1
    endloop
  endfacet
  facet normal -0.4433541873479064 0.8963465092033759 0
    outer loop
      vertex 10.636076807975769 16.526749849319458 0
      vertex 10.636077500879765 16.526750192046165 1
      vertex 10.636077500879765 16.526750192046165 0
    endloop
  endfacet
  facet normal -0.4433541873479064 0.8963465092033759 0
    outer loop
      vertex 10.636076807975769 16.526749849319458 0
      vertex 10.636076807975769 16.526749849319458 1
      vertex 10.636077500879765 16.526750192046165 1
    endloop
  endfacet
  facet normal -0.43216136450162307 0.9017962935342412 0
    outer loop
      vertex 10.52346596121788 16.472784161567688 0
      vertex 10.636076807975769 16.526749849319458 1
      vertex 10.636076807975769 16.526749849319458 0
    endloop
  endfacet
  facet normal -0.43216136450162307 0.9017962935342412 0
    outer loop
      vertex 10.52346596121788 16.472784161567688 0
      vertex 10.52346596121788 16.472784161567688 1
      vertex 10.636076807975769 16.526749849319458 1
    endloop
  endfacet
  facet normal -0.44717990904540433 0.894444033434258 0
    outer loop
      vertex 10.508510015904903 16.465306892991066 0
      vertex 10.52346596121788 16.472784161567688 1
      vertex 10.52346596121788 16.472784161567688 0
    endloop
  endfacet
  facet normal -0.44717990904540433 0.894444033434258 0
    outer loop
      vertex 10.508510015904903 16.465306892991066 0
      vertex 10.508510015904903 16.465306892991066 1
      vertex 10.52346596121788 16.472784161567688 1
    endloop
  endfacet
  facet normal -0.47683779285524186 0.8789913078665461 0
    outer loop
      vertex 10.493812449276447 16.457333713769913 0
      vertex 10.508510015904903 16.465306892991066 1
      vertex 10.508510015904903 16.465306892991066 0
    endloop
  endfacet
  facet normal -0.47683779285524186 0.8789913078665461 0
    outer loop
      vertex 10.493812449276447 16.457333713769913 0
      vertex 10.493812449276447 16.457333713769913 1
      vertex 10.508510015904903 16.465306892991066 1
    endloop
  endfacet
  facet normal -0.49146841444431044 0.8708953999210212 0
    outer loop
      vertex 10.382560461759567 16.394551388919353 0
      vertex 10.493812449276447 16.457333713769913 1
      vertex 10.493812449276447 16.457333713769913 0
    endloop
  endfacet
  facet normal -0.49146841444431044 0.8708953999210212 0
    outer loop
      vertex 10.382560461759567 16.394551388919353 0
      vertex 10.382560461759567 16.394551388919353 1
      vertex 10.493812449276447 16.457333713769913 1
    endloop
  endfacet
  facet normal -0.5052248963634971 0.8629877195502225 0
    outer loop
      vertex 10.368867568671703 16.386535063385963 0
      vertex 10.382560461759567 16.394551388919353 1
      vertex 10.382560461759567 16.394551388919353 0
    endloop
  endfacet
  facet normal -0.5052248963634971 0.8629877195502225 0
    outer loop
      vertex 10.368867568671703 16.386535063385963 0
      vertex 10.368867568671703 16.386535063385963 1
      vertex 10.382560461759567 16.394551388919353 1
    endloop
  endfacet
  facet normal -0.5323526345884909 0.8465226945845531 0
    outer loop
      vertex 10.35543593019247 16.37808831036091 0
      vertex 10.368867568671703 16.386535063385963 1
      vertex 10.368867568671703 16.386535063385963 0
    endloop
  endfacet
  facet normal -0.5323526345884909 0.8465226945845531 0
    outer loop
      vertex 10.35543593019247 16.37808831036091 0
      vertex 10.35543593019247 16.37808831036091 1
      vertex 10.368867568671703 16.386535063385963 1
    endloop
  endfacet
  facet normal -0.5457174640926407 0.8379692413115755 0
    outer loop
      vertex 10.245478503406048 16.3064798489213 0
      vertex 10.35543593019247 16.37808831036091 1
      vertex 10.35543593019247 16.37808831036091 0
    endloop
  endfacet
  facet normal -0.5457174640926407 0.8379692413115755 0
    outer loop
      vertex 10.245478503406048 16.3064798489213 0
      vertex 10.245478503406048 16.3064798489213 1
      vertex 10.35543593019247 16.37808831036091 1
    endloop
  endfacet
  facet normal -0.5581715718290207 0.8297255548685484 0
    outer loop
      vertex 10.233086809515953 16.298143729567528 0
      vertex 10.245478503406048 16.3064798489213 1
      vertex 10.245478503406048 16.3064798489213 0
    endloop
  endfacet
  facet normal -0.5581715718290207 0.8297255548685484 0
    outer loop
      vertex 10.233086809515953 16.298143729567528 0
      vertex 10.233086809515953 16.298143729567528 1
      vertex 10.245478503406048 16.3064798489213 1
    endloop
  endfacet
  facet normal -0.5827030543548689 0.8126851484095835 0
    outer loop
      vertex 10.220949612557888 16.289441242814064 0
      vertex 10.233086809515953 16.298143729567528 1
      vertex 10.233086809515953 16.298143729567528 0
    endloop
  endfacet
  facet normal -0.5827030543548689 0.8126851484095835 0
    outer loop
      vertex 10.220949612557888 16.289441242814064 0
      vertex 10.220949612557888 16.289441242814064 1
      vertex 10.233086809515953 16.298143729567528 1
    endloop
  endfacet
  facet normal -0.594775304581126 0.8038919934048533 0
    outer loop
      vertex 10.112221740186214 16.208996787667274 0
      vertex 10.220949612557888 16.289441242814064 1
      vertex 10.220949612557888 16.289441242814064 0
    endloop
  endfacet
  facet normal -0.594775304581126 0.8038919934048533 0
    outer loop
      vertex 10.112221740186214 16.208996787667274 0
      vertex 10.112221740186214 16.208996787667274 1
      vertex 10.220949612557888 16.289441242814064 1
    endloop
  endfacet
  facet normal -0.6059416498735132 0.7955090929389588 0
    outer loop
      vertex 10.101114451885223 16.200536333024502 0
      vertex 10.112221740186214 16.208996787667274 1
      vertex 10.112221740186214 16.208996787667274 0
    endloop
  endfacet
  facet normal -0.6059416498735132 0.7955090929389588 0
    outer loop
      vertex 10.101114451885223 16.200536333024502 0
      vertex 10.101114451885223 16.200536333024502 1
      vertex 10.112221740186214 16.208996787667274 1
    endloop
  endfacet
  facet normal -0.6279178157336552 0.7782796519788214 0
    outer loop
      vertex 10.090247735381126 16.191769041121006 0
      vertex 10.101114451885223 16.200536333024502 1
      vertex 10.101114451885223 16.200536333024502 0
    endloop
  endfacet
  facet normal -0.6279178157336552 0.7782796519788214 0
    outer loop
      vertex 10.090247735381126 16.191769041121006 0
      vertex 10.090247735381126 16.191769041121006 1
      vertex 10.101114451885223 16.200536333024502 1
    endloop
  endfacet
  facet normal -0.6387232846736282 0.7694365247476437 0
    outer loop
      vertex 9.982684411108494 16.10247876495123 0
      vertex 10.090247735381126 16.191769041121006 1
      vertex 10.090247735381126 16.191769041121006 0
    endloop
  endfacet
  facet normal -0.6387232846736282 0.7694365247476437 0
    outer loop
      vertex 9.982684411108494 16.10247876495123 0
      vertex 9.982684411108494 16.10247876495123 1
      vertex 10.090247735381126 16.191769041121006 1
    endloop
  endfacet
  facet normal -0.6486585387941769 0.7610795622334129 0
    outer loop
      vertex 9.972803875803947 16.094057708978653 0
      vertex 9.982684411108494 16.10247876495123 1
      vertex 9.982684411108494 16.10247876495123 0
    endloop
  endfacet
  facet normal -0.6486585387941769 0.7610795622334129 0
    outer loop
      vertex 9.972803875803947 16.094057708978653 0
      vertex 9.972803875803947 16.094057708978653 1
      vertex 9.982684411108494 16.10247876495123 1
    endloop
  endfacet
  facet normal -0.6681990226891864 0.7439825710843072 0
    outer loop
      vertex 9.963145300745964 16.085382975637913 0
      vertex 9.972803875803947 16.094057708978653 1
      vertex 9.972803875803947 16.094057708978653 0
    endloop
  endfacet
  facet normal -0.6681990226891864 0.7439825710843072 0
    outer loop
      vertex 9.963145300745964 16.085382975637913 0
      vertex 9.963145300745964 16.085382975637913 1
      vertex 9.972803875803947 16.094057708978653 1
    endloop
  endfacet
  facet normal -0.6778014982946544 0.7352449448377878 0
    outer loop
      vertex 9.856681518256664 15.9872370287776 0
      vertex 9.963145300745964 16.085382975637913 1
      vertex 9.963145300745964 16.085382975637913 0
    endloop
  endfacet
  facet normal -0.6778014982946544 0.7352449448377878 0
    outer loop
      vertex 9.856681518256664 15.9872370287776 0
      vertex 9.856681518256664 15.9872370287776 1
      vertex 9.963145300745964 16.085382975637913 1
    endloop
  endfacet
  facet normal -0.6865895663533849 0.7270452306250766 0
    outer loop
      vertex 9.847943104803562 15.978984855115414 0
      vertex 9.856681518256664 15.9872370287776 1
      vertex 9.856681518256664 15.9872370287776 0
    endloop
  endfacet
  facet normal -0.6865895663533849 0.7270452306250766 0
    outer loop
      vertex 9.847943104803562 15.978984855115414 0
      vertex 9.847943104803562 15.978984855115414 1
      vertex 9.856681518256664 15.9872370287776 1
    endloop
  endfacet
  facet normal -0.7038666359288267 0.7103321468343079 0
    outer loop
      vertex 9.839405559003353 15.97052501887083 0
      vertex 9.847943104803562 15.978984855115414 1
      vertex 9.847943104803562 15.978984855115414 0
    endloop
  endfacet
  facet normal -0.7038666359288267 0.7103321468343079 0
    outer loop
      vertex 9.839405559003353 15.97052501887083 0
      vertex 9.839405559003353 15.97052501887083 1
      vertex 9.847943104803562 15.978984855115414 1
    endloop
  endfacet
  facet normal -0.7123534290784582 0.7018209116862806 0
    outer loop
      vertex 9.73397632688284 15.863513566553593 0
      vertex 9.839405559003353 15.97052501887083 1
      vertex 9.839405559003353 15.97052501887083 0
    endloop
  endfacet
  facet normal -0.7123534290784582 0.7018209116862806 0
    outer loop
      vertex 9.73397632688284 15.863513566553593 0
      vertex 9.73397632688284 15.863513566553593 1
      vertex 9.839405559003353 15.97052501887083 1
    endloop
  endfacet
  facet normal -0.7200939293352553 0.6938765977711833 0
    outer loop
      vertex 9.72628041356802 15.855526871979237 0
      vertex 9.73397632688284 15.863513566553593 1
      vertex 9.73397632688284 15.863513566553593 0
    endloop
  endfacet
  facet normal -0.7200939293352553 0.6938765977711833 0
    outer loop
      vertex 9.72628041356802 15.855526871979237 0
      vertex 9.72628041356802 15.855526871979237 1
      vertex 9.73397632688284 15.863513566553593 1
    endloop
  endfacet
  facet normal -0.7353070466793518 0.677734127149939 0
    outer loop
      vertex 9.718763537704945 15.847371444106102 0
      vertex 9.72628041356802 15.855526871979237 1
      vertex 9.72628041356802 15.855526871979237 0
    endloop
  endfacet
  facet normal -0.7353070466793518 0.677734127149939 0
    outer loop
      vertex 9.718763537704945 15.847371444106102 0
      vertex 9.718763537704945 15.847371444106102 1
      vertex 9.72628041356802 15.855526871979237 1
    endloop
  endfacet
  facet normal -0.7427790408633975 0.669536628164622 0
    outer loop
      vertex 9.614304661750793 15.731485530734062 0
      vertex 9.718763537704945 15.847371444106102 1
      vertex 9.718763537704945 15.847371444106102 0
    endloop
  endfacet
  facet normal -0.7427790408633975 0.669536628164622 0
    outer loop
      vertex 9.614304661750793 15.731485530734062 0
      vertex 9.614304661750793 15.731485530734062 1
      vertex 9.718763537704945 15.847371444106102 1
    endloop
  endfacet
  facet normal -0.7374113097006122 0.6754439727509809 0
    outer loop
      vertex 9.614303849637508 15.731484644114971 0
      vertex 9.614304661750793 15.731485530734062 1
      vertex 9.614304661750793 15.731485530734062 0
    endloop
  endfacet
  facet normal -0.7374113097006122 0.6754439727509809 0
    outer loop
      vertex 9.614303849637508 15.731484644114971 0
      vertex 9.614303849637508 15.731484644114971 1
      vertex 9.614304661750793 15.731485530734062 1
    endloop
  endfacet
  facet normal -0.7562964380455425 0.654229086635274 0
    outer loop
      vertex 9.600944235920906 15.716040775179863 0
      vertex 9.614303849637508 15.731484644114971 1
      vertex 9.614303849637508 15.731484644114971 0
    endloop
  endfacet
  facet normal -0.7562964380455425 0.654229086635274 0
    outer loop
      vertex 9.600944235920906 15.716040775179863 0
      vertex 9.600944235920906 15.716040775179863 1
      vertex 9.614303849637508 15.731484644114971 1
    endloop
  endfacet
  facet normal -0.7694982318133201 0.6386489420927384 0
    outer loop
      vertex 9.49738909304142 15.59126878529787 0
      vertex 9.600944235920906 15.716040775179863 1
      vertex 9.600944235920906 15.716040775179863 0
    endloop
  endfacet
  facet normal -0.7694982318133201 0.6386489420927384 0
    outer loop
      vertex 9.49738909304142 15.59126878529787 0
      vertex 9.49738909304142 15.59126878529787 1
      vertex 9.600944235920906 15.716040775179863 1
    endloop
  endfacet
  facet normal -0.7813495415905848 0.6240936579201738 0
    outer loop
      vertex 9.485675491392612 15.576603651046753 0
      vertex 9.49738909304142 15.59126878529787 1
      vertex 9.49738909304142 15.59126878529787 0
    endloop
  endfacet
  facet normal -0.7813495415905848 0.6240936579201738 0
    outer loop
      vertex 9.485675491392612 15.576603651046753 0
      vertex 9.485675491392612 15.576603651046753 1
      vertex 9.49738909304142 15.59126878529787 1
    endloop
  endfacet
  facet normal -0.7929254459514232 0.6093186663501593 0
    outer loop
      vertex 9.382959887385368 15.44293662160635 0
      vertex 9.485675491392612 15.576603651046753 1
      vertex 9.485675491392612 15.576603651046753 0
    endloop
  endfacet
  facet normal -0.7929254459514232 0.6093186663501593 0
    outer loop
      vertex 9.382959887385368 15.44293662160635 0
      vertex 9.382959887385368 15.44293662160635 1
      vertex 9.485675491392612 15.576603651046753 1
    endloop
  endfacet
  facet normal -0.8033084622379529 0.5955631910191355 0
    outer loop
      vertex 9.372696235775948 15.429092787206173 0
      vertex 9.382959887385368 15.44293662160635 1
      vertex 9.382959887385368 15.44293662160635 0
    endloop
  endfacet
  facet normal -0.8033084622379529 0.5955631910191355 0
    outer loop
      vertex 9.372696235775948 15.429092787206173 0
      vertex 9.372696235775948 15.429092787206173 1
      vertex 9.382959887385368 15.44293662160635 1
    endloop
  endfacet
  facet normal -0.8134527517302779 0.5816310004654488 0
    outer loop
      vertex 9.270755171775818 15.286520883440971 0
      vertex 9.372696235775948 15.429092787206173 1
      vertex 9.372696235775948 15.429092787206173 0
    endloop
  endfacet
  facet normal -0.8134527517302779 0.5816310004654488 0
    outer loop
      vertex 9.270755171775818 15.286520883440971 0
      vertex 9.270755171775818 15.286520883440971 1
      vertex 9.372696235775948 15.429092787206173 1
    endloop
  endfacet
  facet normal -0.8225494222438717 0.5686936327815468 0
    outer loop
      vertex 9.26176119595766 15.27351213991642 0
      vertex 9.270755171775818 15.286520883440971 1
      vertex 9.270755171775818 15.286520883440971 0
    endloop
  endfacet
  facet normal -0.8225494222438717 0.5686936327815468 0
    outer loop
      vertex 9.26176119595766 15.27351213991642 0
      vertex 9.26176119595766 15.27351213991642 1
      vertex 9.270755171775818 15.286520883440971 1
    endloop
  endfacet
  facet normal -0.8314406720413449 0.5556135427394088 0
    outer loop
      vertex 9.160529658198357 15.122025519609451 0
      vertex 9.26176119595766 15.27351213991642 1
      vertex 9.26176119595766 15.27351213991642 0
    endloop
  endfacet
  facet normal -0.8314406720413449 0.5556135427394088 0
    outer loop
      vertex 9.160529658198357 15.122025519609451 0
      vertex 9.160529658198357 15.122025519609451 1
      vertex 9.26176119595766 15.27351213991642 1
    endloop
  endfacet
  facet normal -0.8394157863868476 0.5434897768721599 0
    outer loop
      vertex 9.152642987668514 15.109844617545605 0
      vertex 9.160529658198357 15.122025519609451 1
      vertex 9.160529658198357 15.122025519609451 0
    endloop
  endfacet
  facet normal -0.8394157863868476 0.5434897768721599 0
    outer loop
      vertex 9.152642987668514 15.109844617545605 0
      vertex 9.152642987668514 15.109844617545605 1
      vertex 9.160529658198357 15.122025519609451 1
    endloop
  endfacet
  facet normal -0.8472140139171814 0.5312517431711051 0
    outer loop
      vertex 9.052055984735489 14.9494334384799 0
      vertex 9.152642987668514 15.109844617545605 1
      vertex 9.152642987668514 15.109844617545605 0
    endloop
  endfacet
  facet normal -0.8472140139171814 0.5312517431711051 0
    outer loop
      vertex 9.052055984735489 14.9494334384799 0
      vertex 9.052055984735489 14.9494334384799 1
      vertex 9.152642987668514 15.109844617545605 1
    endloop
  endfacet
  facet normal -0.8542131842597224 0.519922913360111 0
    outer loop
      vertex 9.045132517814636 14.938058450818062 0
      vertex 9.052055984735489 14.9494334384799 1
      vertex 9.052055984735489 14.9494334384799 0
    endloop
  endfacet
  facet normal -0.8542131842597224 0.519922913360111 0
    outer loop
      vertex 9.045132517814636 14.938058450818062 0
      vertex 9.045132517814636 14.938058450818062 1
      vertex 9.052055984735489 14.9494334384799 1
    endloop
  endfacet
  facet normal -0.8610609557403637 0.5085017507339493 0
    outer loop
      vertex 8.945125043392181 14.768712855875492 0
      vertex 9.045132517814636 14.938058450818062 1
      vertex 9.045132517814636 14.938058450818062 0
    endloop
  endfacet
  facet normal -0.8610609557403637 0.5085017507339493 0
    outer loop
      vertex 8.945125043392181 14.768712855875492 0
      vertex 8.945125043392181 14.768712855875492 1
      vertex 9.045132517814636 14.938058450818062 1
    endloop
  endfacet
  facet normal -0.8672125412601589 0.4979381570848908 0
    outer loop
      vertex 8.939038269221783 14.758112087845802 0
      vertex 8.945125043392181 14.768712855875492 1
      vertex 8.945125043392181 14.768712855875492 0
    endloop
  endfacet
  facet normal -0.8672125412601589 0.4979381570848908 0
    outer loop
      vertex 8.939038269221783 14.758112087845802 0
      vertex 8.939038269221783 14.758112087845802 1
      vertex 8.945125043392181 14.768712855875492 1
    endloop
  endfacet
  facet normal -0.8732344904115154 0.4873002408738797 0
    outer loop
      vertex 8.83954531699419 14.57982225716114 0
      vertex 8.939038269221783 14.758112087845802 1
      vertex 8.939038269221783 14.758112087845802 0
    endloop
  endfacet
  facet normal -0.8732344904115154 0.4873002408738797 0
    outer loop
      vertex 8.83954531699419 14.57982225716114 0
      vertex 8.83954531699419 14.57982225716114 1
      vertex 8.939038269221783 14.758112087845802 1
    endloop
  endfacet
  facet normal -0.878650282016062 0.4774658960733162 0
    outer loop
      vertex 8.834184981882572 14.569957971572876 0
      vertex 8.83954531699419 14.57982225716114 1
      vertex 8.83954531699419 14.57982225716114 0
    endloop
  endfacet
  facet normal -0.878650282016062 0.4774658960733162 0
    outer loop
      vertex 8.834184981882572 14.569957971572876 0
      vertex 8.834184981882572 14.569957971572876 1
      vertex 8.83954531699419 14.57982225716114 1
    endloop
  endfacet
  facet normal -0.8839551725761371 0.4675716553384002 0
    outer loop
      vertex 8.735141552984715 14.382714048027992 0
      vertex 8.834184981882572 14.569957971572876 1
      vertex 8.834184981882572 14.569957971572876 0
    endloop
  endfacet
  facet normal -0.8839551725761371 0.4675716553384002 0
    outer loop
      vertex 8.735141552984715 14.382714048027992 0
      vertex 8.735141552984715 14.382714048027992 1
      vertex 8.834184981882572 14.569957971572876 1
    endloop
  endfacet
  facet normal -0.8887319176174686 0.458427288245341 0
    outer loop
      vertex 8.730412095785141 14.37354526668787 0
      vertex 8.735141552984715 14.382714048027992 1
      vertex 8.735141552984715 14.382714048027992 0
    endloop
  endfacet
  facet normal -0.8887319176174686 0.458427288245341 0
    outer loop
      vertex 8.730412095785141 14.37354526668787 0
      vertex 8.730412095785141 14.37354526668787 1
      vertex 8.735141552984715 14.382714048027992 1
    endloop
  endfacet
  facet normal -0.8934140817443701 0.4492341021570647 0
    outer loop
      vertex 8.63175319135189 14.177337422966957 0
      vertex 8.730412095785141 14.37354526668787 1
      vertex 8.730412095785141 14.37354526668787 0
    endloop
  endfacet
  facet normal -0.8934140817443701 0.4492341021570647 0
    outer loop
      vertex 8.63175319135189 14.177337422966957 0
      vertex 8.63175319135189 14.177337422966957 1
      vertex 8.730412095785141 14.37354526668787 1
    endloop
  endfacet
  facet normal -0.8976358285847958 0.44073792580272364 0
    outer loop
      vertex 8.62757208943367 14.168821915984154 0
      vertex 8.63175319135189 14.177337422966957 1
      vertex 8.63175319135189 14.177337422966957 0
    endloop
  endfacet
  facet normal -0.8976358285847958 0.44073792580272364 0
    outer loop
      vertex 8.62757208943367 14.168821915984154 0
      vertex 8.62757208943367 14.168821915984154 1
      vertex 8.63175319135189 14.177337422966957 1
    endloop
  endfacet
  facet normal -0.9017762895610905 0.4322031045532093 0
    outer loop
      vertex 8.529232695698738 13.963640294969082 0
      vertex 8.62757208943367 14.168821915984154 1
      vertex 8.62757208943367 14.168821915984154 0
    endloop
  endfacet
  facet normal -0.9017762895610905 0.4322031045532093 0
    outer loop
      vertex 8.529232695698738 13.963640294969082 0
      vertex 8.529232695698738 13.963640294969082 1
      vertex 8.62757208943367 14.168821915984154 1
    endloop
  endfacet
  facet normal -0.9055149578352238 0.4243143423650359 0
    outer loop
      vertex 8.525528810918331 13.955735959112644 0
      vertex 8.529232695698738 13.963640294969082 1
      vertex 8.529232695698738 13.963640294969082 0
    endloop
  endfacet
  facet normal -0.9055149578352238 0.4243143423650359 0
    outer loop
      vertex 8.525528810918331 13.955735959112644 0
      vertex 8.525528810918331 13.955735959112644 1
      vertex 8.529232695698738 13.963640294969082 1
    endloop
  endfacet
  facet normal -0.9091840809840749 0.41639441264880483 0
    outer loop
      vertex 8.42744393646717 13.741570726037025 0
      vertex 8.525528810918331 13.955735959112644 1
      vertex 8.525528810918331 13.955735959112644 0
    endloop
  endfacet
  facet normal -0.9091840809840749 0.41639441264880483 0
    outer loop
      vertex 8.42744393646717 13.741570726037025 0
      vertex 8.42744393646717 13.741570726037025 1
      vertex 8.525528810918331 13.955735959112644 1
    endloop
  endfacet
  facet normal -0.9125012944832567 0.4090738167695176 0
    outer loop
      vertex 8.42415601760149 13.734236523509026 0
      vertex 8.42744393646717 13.741570726037025 1
      vertex 8.42744393646717 13.741570726037025 0
    endloop
  endfacet
  facet normal -0.9125012944832567 0.4090738167695176 0
    outer loop
      vertex 8.42415601760149 13.734236523509026 0
      vertex 8.42415601760149 13.734236523509026 1
      vertex 8.42744393646717 13.741570726037025 1
    endloop
  endfacet
  facet normal -0.9157599240192087 0.40172597819948486 0
    outer loop
      vertex 8.326260663568974 13.511077836155891 0
      vertex 8.42415601760149 13.734236523509026 1
      vertex 8.42415601760149 13.734236523509026 0
    endloop
  endfacet
  facet normal -0.9157599240192087 0.40172597819948486 0
    outer loop
      vertex 8.326260663568974 13.511077836155891 0
      vertex 8.326260663568974 13.511077836155891 1
      vertex 8.42415601760149 13.734236523509026 1
    endloop
  endfacet
  facet normal -0.9187096264100318 0.3949336936012672 0
    outer loop
      vertex 8.323336020112038 13.504274420440197 0
      vertex 8.326260663568974 13.511077836155891 1
      vertex 8.326260663568974 13.511077836155891 0
    endloop
  endfacet
  facet normal -0.9187096264100318 0.3949336936012672 0
    outer loop
      vertex 8.323336020112038 13.504274420440197 0
      vertex 8.323336020112038 13.504274420440197 1
      vertex 8.326260663568974 13.511077836155891 1
    endloop
  endfacet
  facet normal -0.9216092132790861 0.38811912861788195 0
    outer loop
      vertex 8.225565180182457 13.272112436592579 0
      vertex 8.323336020112038 13.504274420440197 1
      vertex 8.323336020112038 13.504274420440197 0
    endloop
  endfacet
  facet normal -0.9216092132790861 0.38811912861788195 0
    outer loop
      vertex 8.225565180182457 13.272112436592579 0
      vertex 8.225565180182457 13.272112436592579 1
      vertex 8.323336020112038 13.504274420440197 1
    endloop
  endfacet
  facet normal -0.9242373915678888 0.381818339040682 0
    outer loop
      vertex 8.22295843809843 13.265802502632141 0
      vertex 8.225565180182457 13.272112436592579 1
      vertex 8.225565180182457 13.272112436592579 0
    endloop
  endfacet
  facet normal -0.9242373915678888 0.381818339040682 0
    outer loop
      vertex 8.22295843809843 13.265802502632141 0
      vertex 8.22295843809843 13.265802502632141 1
      vertex 8.225565180182457 13.272112436592579 1
    endloop
  endfacet
  facet normal -0.926822679768454 0.3754992946289268 0
    outer loop
      vertex 8.125247098505497 13.024627387523651 0
      vertex 8.22295843809843 13.265802502632141 1
      vertex 8.22295843809843 13.265802502632141 0
    endloop
  endfacet
  facet normal -0.926822679768454 0.3754992946289268 0
    outer loop
      vertex 8.125247098505497 13.024627387523651 0
      vertex 8.125247098505497 13.024627387523651 1
      vertex 8.22295843809843 13.265802502632141 1
    endloop
  endfacet
  facet normal -0.9291693366771954 0.36965435717553863 0
    outer loop
      vertex 8.122919172048569 13.01877587288618 0
      vertex 8.125247098505497 13.024627387523651 1
      vertex 8.125247098505497 13.024627387523651 0
    endloop
  endfacet
  facet normal -0.9291693366771954 0.36965435717553863 0
    outer loop
      vertex 8.122919172048569 13.01877587288618 0
      vertex 8.122919172048569 13.01877587288618 1
      vertex 8.125247098505497 13.024627387523651 1
    endloop
  endfacet
  facet normal -0.9314785497932717 0.3637962496714659 0
    outer loop
      vertex 8.025202341377735 12.76857776939869 0
      vertex 8.122919172048569 13.01877587288618 1
      vertex 8.122919172048569 13.01877587288618 0
    endloop
  endfacet
  facet normal -0.9314785497932717 0.3637962496714659 0
    outer loop
      vertex 8.025202341377735 12.76857776939869 0
      vertex 8.025202341377735 12.76857776939869 1
      vertex 8.122919172048569 13.01877587288618 1
    endloop
  endfacet
  facet normal -0.9335771224215409 0.3583765568380766 0
    outer loop
      vertex 8.023119501769543 12.763151936233044 0
      vertex 8.025202341377735 12.76857776939869 1
      vertex 8.025202341377735 12.76857776939869 0
    endloop
  endfacet
  facet normal -0.9335771224215409 0.3583765568380766 0
    outer loop
      vertex 8.023119501769543 12.763151936233044 0
      vertex 8.023119501769543 12.763151936233044 1
      vertex 8.025202341377735 12.76857776939869 1
    endloop
  endfacet
  facet normal -0.9356442274584553 0.3529445843523745 0
    outer loop
      vertex 7.925332173705101 12.503921017050743 0
      vertex 8.023119501769543 12.763151936233044 1
      vertex 8.023119501769543 12.763151936233044 0
    endloop
  endfacet
  facet normal -0.9356442274584553 0.3529445843523745 0
    outer loop
      vertex 7.925332173705101 12.503921017050743 0
      vertex 7.925332173705101 12.503921017050743 1
      vertex 8.023119501769543 12.763151936233044 1
    endloop
  endfacet
  facet normal -0.9375246942450193 0.3479187371797949 0
    outer loop
      vertex 7.923465296626091 12.498890407383442 0
      vertex 7.925332173705101 12.503921017050743 1
      vertex 7.925332173705101 12.503921017050743 0
    endloop
  endfacet
  facet normal -0.9375246942450193 0.3479187371797949 0
    outer loop
      vertex 7.923465296626091 12.498890407383442 0
      vertex 7.923465296626091 12.498890407383442 1
      vertex 7.925332173705101 12.503921017050743 1
    endloop
  endfacet
  facet normal -0.9393779978918194 0.3428833286655343 0
    outer loop
      vertex 7.825542479753494 12.230616822838783 0
      vertex 7.923465296626091 12.498890407383442 1
      vertex 7.923465296626091 12.498890407383442 0
    endloop
  endfacet
  facet normal -0.9393779978918194 0.3428833286655343 0
    outer loop
      vertex 7.825542479753494 12.230616822838783 0
      vertex 7.825542479753494 12.230616822838783 1
      vertex 7.923465296626091 12.498890407383442 1
    endloop
  endfacet
  facet normal -0.9410658486957811 0.3382234001639881 0
    outer loop
      vertex 7.823866359889507 12.225953221321106 0
      vertex 7.825542479753494 12.230616822838783 1
      vertex 7.825542479753494 12.230616822838783 0
    endloop
  endfacet
  facet normal -0.9410658486957811 0.3382234001639881 0
    outer loop
      vertex 7.823866359889507 12.225953221321106 0
      vertex 7.823866359889507 12.225953221321106 1
      vertex 7.825542479753494 12.230616822838783 1
    endloop
  endfacet
  facet normal -0.942730230538448 0.3335561608319127 0
    outer loop
      vertex 7.725743032991886 11.94862712919712 0
      vertex 7.823866359889507 12.225953221321106 1
      vertex 7.823866359889507 12.225953221321106 0
    endloop
  endfacet
  facet normal -0.942730230538448 0.3335561608319127 0
    outer loop
      vertex 7.725743032991886 11.94862712919712 0
      vertex 7.725743032991886 11.94862712919712 1
      vertex 7.823866359889507 12.225953221321106 1
    endloop
  endfacet
  facet normal -0.9442475845714023 0.3292362359022356 0
    outer loop
      vertex 7.724235825240612 11.944304466247559 0
      vertex 7.725743032991886 11.94862712919712 1
      vertex 7.725743032991886 11.94862712919712 0
    endloop
  endfacet
  facet normal -0.9442475845714023 0.3292362359022356 0
    outer loop
      vertex 7.724235825240612 11.944304466247559 0
      vertex 7.724235825240612 11.944304466247559 1
      vertex 7.725743032991886 11.94862712919712 1
    endloop
  endfacet
  facet normal -0.9457446551057253 0.32491082982712755 0
    outer loop
      vertex 7.625847004354 11.65791603922844 0
      vertex 7.724235825240612 11.944304466247559 1
      vertex 7.724235825240612 11.944304466247559 0
    endloop
  endfacet
  facet normal -0.9457446551057253 0.32491082982712755 0
    outer loop
      vertex 7.625847004354 11.65791603922844 0
      vertex 7.625847004354 11.65791603922844 1
      vertex 7.724235825240612 11.944304466247559 1
    endloop
  endfacet
  facet normal -0.9471102618123848 0.32090832331006297 0
    outer loop
      vertex 7.6244897320866585 11.653910264372826 0
      vertex 7.625847004354 11.65791603922844 1
      vertex 7.625847004354 11.65791603922844 0
    endloop
  endfacet
  facet normal -0.9471102618123848 0.32090832331006297 0
    outer loop
      vertex 7.6244897320866585 11.653910264372826 0
      vertex 7.6244897320866585 11.653910264372826 1
      vertex 7.625847004354 11.65791603922844 1
    endloop
  endfacet
  facet normal -0.9484592031439253 0.31689925839545674 0
    outer loop
      vertex 7.525770403444767 11.358449630439281 0
      vertex 7.6244897320866585 11.653910264372826 1
      vertex 7.6244897320866585 11.653910264372826 0
    endloop
  endfacet
  facet normal -0.9484592031439253 0.31689925839545674 0
    outer loop
      vertex 7.525770403444767 11.358449630439281 0
      vertex 7.525770403444767 11.358449630439281 1
      vertex 7.6244897320866585 11.653910264372826 1
    endloop
  endfacet
  facet normal -0.9548877497615841 0.29696697687665263 0
    outer loop
      vertex 7.519551195204258 11.338451966643333 0
      vertex 7.525770403444767 11.358449630439281 1
      vertex 7.525770403444767 11.358449630439281 0
    endloop
  endfacet
  facet normal -0.9548877497615841 0.29696697687665263 0
    outer loop
      vertex 7.519551195204258 11.338451966643333 0
      vertex 7.519551195204258 11.338451966643333 1
      vertex 7.525770403444767 11.358449630439281 1
    endloop
  endfacet
  facet normal -0.9664858772339404 0.25671978713636484 0
    outer loop
      vertex 7.514174863696098 11.318211421370506 0
      vertex 7.519551195204258 11.338451966643333 1
      vertex 7.519551195204258 11.338451966643333 0
    endloop
  endfacet
  facet normal -0.9664858772339404 0.25671978713636484 0
    outer loop
      vertex 7.514174863696098 11.318211421370506 0
      vertex 7.514174863696098 11.318211421370506 1
      vertex 7.519551195204258 11.338451966643333 1
    endloop
  endfacet
  facet normal -0.9763884360750615 0.2160222717658882 0
    outer loop
      vertex 7.509650833904743 11.297763481736183 0
      vertex 7.514174863696098 11.318211421370506 1
      vertex 7.514174863696098 11.318211421370506 0
    endloop
  endfacet
  facet normal -0.9763884360750615 0.2160222717658882 0
    outer loop
      vertex 7.509650833904743 11.297763481736183 0
      vertex 7.509650833904743 11.297763481736183 1
      vertex 7.514174863696098 11.318211421370506 1
    endloop
  endfacet
  facet normal -0.9845780832968457 0.1749456998371478 0
    outer loop
      vertex 7.505987048149109 11.2771440371871 0
      vertex 7.509650833904743 11.297763481736183 1
      vertex 7.509650833904743 11.297763481736183 0
    endloop
  endfacet
  facet normal -0.9845780832968457 0.1749456998371478 0
    outer loop
      vertex 7.505987048149109 11.2771440371871 0
      vertex 7.505987048149109 11.2771440371871 1
      vertex 7.509650833904743 11.297763481736183 1
    endloop
  endfacet
  facet normal -0.991040408956593 0.13356237424944573 0
    outer loop
      vertex 7.50318992882967 11.256389252841473 0
      vertex 7.505987048149109 11.2771440371871 1
      vertex 7.505987048149109 11.2771440371871 0
    endloop
  endfacet
  facet normal -0.991040408956593 0.13356237424944573 0
    outer loop
      vertex 7.50318992882967 11.256389252841473 0
      vertex 7.50318992882967 11.256389252841473 1
      vertex 7.505987048149109 11.2771440371871 1
    endloop
  endfacet
  facet normal -0.9957640575914193 0.09194531858160372 0
    outer loop
      vertex 7.501264370977879 11.23553553968668 0
      vertex 7.50318992882967 11.256389252841473 1
      vertex 7.50318992882967 11.256389252841473 0
    endloop
  endfacet
  facet normal -0.9957640575914193 0.09194531858160372 0
    outer loop
      vertex 7.501264370977879 11.23553553968668 0
      vertex 7.501264370977879 11.23553553968668 1
      vertex 7.50318992882967 11.256389252841473 1
    endloop
  endfacet
  facet normal -0.9987408901202813 0.05016606823090856 0
    outer loop
      vertex 7.500213772058487 11.214619487524033 0
      vertex 7.501264370977879 11.23553553968668 1
      vertex 7.501264370977879 11.23553553968668 0
    endloop
  endfacet
  facet normal -0.9987408901202813 0.05016606823090856 0
    outer loop
      vertex 7.500213772058487 11.214619487524033 0
      vertex 7.500213772058487 11.214619487524033 1
      vertex 7.501264370977879 11.23553553968668 1
    endloop
  endfacet
  facet normal -0.9999655632753963 0.008298931456486539 0
    outer loop
      vertex 7.5000399723649025 11.19367779046297 0
      vertex 7.500213772058487 11.214619487524033 1
      vertex 7.500213772058487 11.214619487524033 0
    endloop
  endfacet
  facet normal -0.9999655632753963 0.008298931456486539 0
    outer loop
      vertex 7.5000399723649025 11.19367779046297 0
      vertex 7.5000399723649025 11.19367779046297 1
      vertex 7.500213772058487 11.214619487524033 1
    endloop
  endfacet
  facet normal -0.9994359629087668 -0.033582079218331284 0
    outer loop
      vertex 7.5007432624697685 11.172747179865837 0
      vertex 7.5000399723649025 11.19367779046297 1
      vertex 7.5000399723649025 11.19367779046297 0
    endloop
  endfacet
  facet normal -0.9994359629087668 -0.033582079218331284 0
    outer loop
      vertex 7.5007432624697685 11.172747179865837 0
      vertex 7.5007432624697685 11.172747179865837 1
      vertex 7.5000399723649025 11.19367779046297 1
    endloop
  endfacet
  facet normal -0.9971529810005049 -0.07540512238440177 0
    outer loop
      vertex 7.502322427928448 11.151864387094975 0
      vertex 7.5007432624697685 11.172747179865837 1
      vertex 7.5007432624697685 11.172747179865837 0
    endloop
  endfacet
  facet normal -0.9971529810005049 -0.07540512238440177 0
    outer loop
      vertex 7.502322427928448 11.151864387094975 0
      vertex 7.502322427928448 11.151864387094975 1
      vertex 7.5007432624697685 11.172747179865837 1
    endloop
  endfacet
  facet normal -0.993120665669489 -0.11709544577049551 0
    outer loop
      vertex 7.504774689674377 11.131066039204597 0
      vertex 7.502322427928448 11.151864387094975 1
      vertex 7.502322427928448 11.151864387094975 0
    endloop
  endfacet
  facet normal -0.993120665669489 -0.11709544577049551 0
    outer loop
      vertex 7.504774689674377 11.131066039204597 0
      vertex 7.504774689674377 11.131066039204597 1
      vertex 7.502322427928448 11.151864387094975 1
    endloop
  endfacet
  facet normal -0.9873461120865809 -0.15858012153959494 0
    outer loop
      vertex 7.508095741271973 11.110388621687889 0
      vertex 7.504774689674377 11.131066039204597 1
      vertex 7.504774689674377 11.131066039204597 0
    endloop
  endfacet
  facet normal -0.9873461120865809 -0.15858012153959494 0
    outer loop
      vertex 7.508095741271973 11.110388621687889 0
      vertex 7.508095741271973 11.110388621687889 1
      vertex 7.504774689674377 11.131066039204597 1
    endloop
  endfacet
  facet normal -0.9798394193884132 -0.19978666675375814 0
    outer loop
      vertex 7.512279756367207 11.089868418872356 0
      vertex 7.508095741271973 11.110388621687889 1
      vertex 7.508095741271973 11.110388621687889 0
    endloop
  endfacet
  facet normal -0.9798394193884132 -0.19978666675375814 0
    outer loop
      vertex 7.512279756367207 11.089868418872356 0
      vertex 7.512279756367207 11.089868418872356 1
      vertex 7.508095741271973 11.110388621687889 1
    endloop
  endfacet
  facet normal -0.9706136967716468 -0.2406429962398193 0
    outer loop
      vertex 7.517319403588772 11.069541417062283 0
      vertex 7.512279756367207 11.089868418872356 1
      vertex 7.512279756367207 11.089868418872356 0
    endloop
  endfacet
  facet normal -0.9706136967716468 -0.2406429962398193 0
    outer loop
      vertex 7.517319403588772 11.069541417062283 0
      vertex 7.517319403588772 11.069541417062283 1
      vertex 7.512279756367207 11.089868418872356 1
    endloop
  endfacet
  facet normal -0.9596851965062023 -0.28107707769729606 0
    outer loop
      vertex 7.5232058390975 11.049443282186985 0
      vertex 7.517319403588772 11.069541417062283 1
      vertex 7.517319403588772 11.069541417062283 0
    endloop
  endfacet
  facet normal -0.9596851965062023 -0.28107707769729606 0
    outer loop
      vertex 7.5232058390975 11.049443282186985 0
      vertex 7.5232058390975 11.049443282186985 1
      vertex 7.517319403588772 11.069541417062283 1
    endloop
  endfacet
  facet normal -0.9470732676379866 -0.321017485077537 0
    outer loop
      vertex 7.529928721487522 11.029609277844429 0
      vertex 7.5232058390975 11.049443282186985 1
      vertex 7.5232058390975 11.049443282186985 0
    endloop
  endfacet
  facet normal -0.9470732676379866 -0.321017485077537 0
    outer loop
      vertex 7.529928721487522 11.029609277844429 0
      vertex 7.529928721487522 11.029609277844429 1
      vertex 7.5232058390975 11.049443282186985 1
    endloop
  endfacet
  facet normal -0.9327994119557761 -0.36039597258426515 0
    outer loop
      vertex 7.537476286292076 11.010074198246002 0
      vertex 7.529928721487522 11.029609277844429 1
      vertex 7.529928721487522 11.029609277844429 0
    endloop
  endfacet
  facet normal -0.9327994119557761 -0.36039597258426515 0
    outer loop
      vertex 7.537476286292076 11.010074198246002 0
      vertex 7.537476286292076 11.010074198246002 1
      vertex 7.529928721487522 11.029609277844429 1
    endloop
  endfacet
  facet normal -0.9168895969348299 -0.39914091124900386 0
    outer loop
      vertex 7.545835264027119 10.99087230861187 0
      vertex 7.537476286292076 11.010074198246002 1
      vertex 7.537476286292076 11.010074198246002 0
    endloop
  endfacet
  facet normal -0.9168895969348299 -0.39914091124900386 0
    outer loop
      vertex 7.545835264027119 10.99087230861187 0
      vertex 7.545835264027119 10.99087230861187 1
      vertex 7.537476286292076 11.010074198246002 1
    endloop
  endfacet
  facet normal -0.8993710034882587 -0.4371862281505704 0
    outer loop
      vertex 7.554990999400616 10.972037307918072 0
      vertex 7.545835264027119 10.99087230861187 1
      vertex 7.545835264027119 10.99087230861187 0
    endloop
  endfacet
  facet normal -0.8993710034882587 -0.4371862281505704 0
    outer loop
      vertex 7.554990999400616 10.972037307918072 0
      vertex 7.554990999400616 10.972037307918072 1
      vertex 7.545835264027119 10.99087230861187 1
    endloop
  endfacet
  facet normal -0.8802746176217985 -0.47446453773785513 0
    outer loop
      vertex 7.564927436411381 10.953602224588394 0
      vertex 7.554990999400616 10.972037307918072 1
      vertex 7.554990999400616 10.972037307918072 0
    endloop
  endfacet
  facet normal -0.8802746176217985 -0.47446453773785513 0
    outer loop
      vertex 7.564927436411381 10.953602224588394 0
      vertex 7.564927436411381 10.953602224588394 1
      vertex 7.554990999400616 10.972037307918072 1
    endloop
  endfacet
  facet normal -0.8596339462638498 -0.510910440714261 0
    outer loop
      vertex 7.5756271332502365 10.93559941649437 0
      vertex 7.564927436411381 10.953602224588394 1
      vertex 7.564927436411381 10.953602224588394 0
    endloop
  endfacet
  facet normal -0.8596339462638498 -0.510910440714261 0
    outer loop
      vertex 7.5756271332502365 10.93559941649437 0
      vertex 7.5756271332502365 10.93559941649437 1
      vertex 7.564927436411381 10.953602224588394 1
    endloop
  endfacet
  facet normal -0.8374852525859566 -0.546459926894037 0
    outer loop
      vertex 7.58707132935524 10.918060444295406 0
      vertex 7.5756271332502365 10.93559941649437 1
      vertex 7.5756271332502365 10.93559941649437 0
    endloop
  endfacet
  facet normal -0.8374852525859566 -0.546459926894037 0
    outer loop
      vertex 7.58707132935524 10.918060444295406 0
      vertex 7.58707132935524 10.918060444295406 1
      vertex 7.5756271332502365 10.93559941649437 1
    endloop
  endfacet
  facet normal -0.8138673182398735 -0.581050762241163 0
    outer loop
      vertex 7.5992399379611015 10.901016093790531 0
      vertex 7.58707132935524 10.918060444295406 1
      vertex 7.58707132935524 10.918060444295406 0
    endloop
  endfacet
  facet normal -0.8138673182398735 -0.581050762241163 0
    outer loop
      vertex 7.5992399379611015 10.901016093790531 0
      vertex 7.5992399379611015 10.901016093790531 1
      vertex 7.58707132935524 10.918060444295406 1
    endloop
  endfacet
  facet normal -0.7888214004037373 -0.6146224843471698 0
    outer loop
      vertex 7.612111620604992 10.88449626415968 0
      vertex 7.5992399379611015 10.901016093790531 1
      vertex 7.5992399379611015 10.901016093790531 0
    endloop
  endfacet
  facet normal -0.7888214004037373 -0.6146224843471698 0
    outer loop
      vertex 7.612111620604992 10.88449626415968 0
      vertex 7.612111620604992 10.88449626415968 1
      vertex 7.5992399379611015 10.901016093790531 1
    endloop
  endfacet
  facet normal -0.7623916173922751 -0.6471159260364334 0
    outer loop
      vertex 7.625663794577122 10.868529938161373 0
      vertex 7.612111620604992 10.88449626415968 1
      vertex 7.612111620604992 10.88449626415968 0
    endloop
  endfacet
  facet normal -0.7623916173922751 -0.6471159260364334 0
    outer loop
      vertex 7.625663794577122 10.868529938161373 0
      vertex 7.625663794577122 10.868529938161373 1
      vertex 7.612111620604992 10.88449626415968 1
    endloop
  endfacet
  facet normal -0.7346247545691341 -0.6784736324826776 0
    outer loop
      vertex 7.639872670173645 10.853145122528076 0
      vertex 7.625663794577122 10.868529938161373 1
      vertex 7.625663794577122 10.868529938161373 0
    endloop
  endfacet
  facet normal -0.7346247545691341 -0.6784736324826776 0
    outer loop
      vertex 7.639872670173645 10.853145122528076 0
      vertex 7.639872670173645 10.853145122528076 1
      vertex 7.625663794577122 10.868529938161373 1
    endloop
  endfacet
  facet normal -0.7055687410837415 -0.7086414831249327 0
    outer loop
      vertex 7.654713340103626 10.83836880326271 0
      vertex 7.639872670173645 10.853145122528076 1
      vertex 7.639872670173645 10.853145122528076 0
    endloop
  endfacet
  facet normal -0.7055687410837415 -0.7086414831249327 0
    outer loop
      vertex 7.654713340103626 10.83836880326271 0
      vertex 7.654713340103626 10.83836880326271 1
      vertex 7.639872670173645 10.853145122528076 1
    endloop
  endfacet
  facet normal -0.6752750790896119 -0.7375659750561426 0
    outer loop
      vertex 7.670159757137299 10.824226908385754 0
      vertex 7.654713340103626 10.83836880326271 1
      vertex 7.654713340103626 10.83836880326271 0
    endloop
  endfacet
  facet normal -0.6752750790896119 -0.7375659750561426 0
    outer loop
      vertex 7.670159757137299 10.824226908385754 0
      vertex 7.670159757137299 10.824226908385754 1
      vertex 7.654713340103626 10.83836880326271 1
    endloop
  endfacet
  facet normal -0.6437965444765608 -0.7651967128262115 0
    outer loop
      vertex 7.686184830963612 10.810744248330593 0
      vertex 7.670159757137299 10.824226908385754 1
      vertex 7.670159757137299 10.824226908385754 0
    endloop
  endfacet
  facet normal -0.6437965444765608 -0.7651967128262115 0
    outer loop
      vertex 7.686184830963612 10.810744248330593 0
      vertex 7.686184830963612 10.810744248330593 1
      vertex 7.670159757137299 10.824226908385754 1
    endloop
  endfacet
  facet normal -0.6111886159545102 -0.7914849813657934 0
    outer loop
      vertex 7.7027604430913925 10.797944478690624 0
      vertex 7.686184830963612 10.810744248330593 1
      vertex 7.686184830963612 10.810744248330593 0
    endloop
  endfacet
  facet normal -0.6111886159545102 -0.7914849813657934 0
    outer loop
      vertex 7.7027604430913925 10.797944478690624 0
      vertex 7.7027604430913925 10.797944478690624 1
      vertex 7.686184830963612 10.810744248330593 1
    endloop
  endfacet
  facet normal -0.5775089936400749 -0.816384322647629 0
    outer loop
      vertex 7.71985749900341 10.785850048065186 0
      vertex 7.7027604430913925 10.797944478690624 1
      vertex 7.7027604430913925 10.797944478690624 0
    endloop
  endfacet
  facet normal -0.5775089936400749 -0.816384322647629 0
    outer loop
      vertex 7.71985749900341 10.785850048065186 0
      vertex 7.71985749900341 10.785850048065186 1
      vertex 7.7027604430913925 10.797944478690624 1
    endloop
  endfacet
  facet normal -0.5428153947136776 -0.8398520389103276 0
    outer loop
      vertex 7.737446039915085 10.774482175707817 0
      vertex 7.71985749900341 10.785850048065186 1
      vertex 7.71985749900341 10.785850048065186 0
    endloop
  endfacet
  facet normal -0.5428153947136776 -0.8398520389103276 0
    outer loop
      vertex 7.737446039915085 10.774482175707817 0
      vertex 7.737446039915085 10.774482175707817 1
      vertex 7.71985749900341 10.785850048065186 1
    endloop
  endfacet
  facet normal -0.5071701840723476 -0.8618459284512638 0
    outer loop
      vertex 7.755495175719261 10.763860806822777 0
      vertex 7.737446039915085 10.774482175707817 1
      vertex 7.737446039915085 10.774482175707817 0
    endloop
  endfacet
  facet normal -0.5071701840723476 -0.8618459284512638 0
    outer loop
      vertex 7.755495175719261 10.763860806822777 0
      vertex 7.755495175719261 10.763860806822777 1
      vertex 7.737446039915085 10.774482175707817 1
    endloop
  endfacet
  facet normal -0.4706344717945361 -0.8823282801535254 0
    outer loop
      vertex 7.773973263800144 10.754004582762718 0
      vertex 7.755495175719261 10.763860806822777 1
      vertex 7.755495175719261 10.763860806822777 0
    endloop
  endfacet
  facet normal -0.4706344717945361 -0.8823282801535254 0
    outer loop
      vertex 7.773973263800144 10.754004582762718 0
      vertex 7.773973263800144 10.754004582762718 1
      vertex 7.755495175719261 10.763860806822777 1
    endloop
  endfacet
  facet normal -0.433274051102573 -0.9012622241285635 0
    outer loop
      vertex 7.792847879230976 10.744930773973465 0
      vertex 7.773973263800144 10.754004582762718 1
      vertex 7.773973263800144 10.754004582762718 0
    endloop
  endfacet
  facet normal -0.433274051102573 -0.9012622241285635 0
    outer loop
      vertex 7.792847879230976 10.744930773973465 0
      vertex 7.792847879230976 10.744930773973465 1
      vertex 7.773973263800144 10.754004582762718 1
    endloop
  endfacet
  facet normal -0.3951527856744861 -0.9186154124407524 0
    outer loop
      vertex 7.812085911631584 10.736655317246914 0
      vertex 7.792847879230976 10.744930773973465 1
      vertex 7.792847879230976 10.744930773973465 0
    endloop
  endfacet
  facet normal -0.3951527856744861 -0.9186154124407524 0
    outer loop
      vertex 7.812085911631584 10.736655317246914 0
      vertex 7.812085911631584 10.736655317246914 1
      vertex 7.792847879230976 10.744930773973465 1
    endloop
  endfacet
  facet normal -0.3563385880043189 -0.9343568968542418 0
    outer loop
      vertex 7.831653602421284 10.729192726314068 0
      vertex 7.812085911631584 10.736655317246914 1
      vertex 7.812085911631584 10.736655317246914 0
    endloop
  endfacet
  facet normal -0.3563385880043189 -0.9343568968542418 0
    outer loop
      vertex 7.831653602421284 10.729192726314068 0
      vertex 7.831653602421284 10.729192726314068 1
      vertex 7.812085911631584 10.736655317246914 1
    endloop
  endfacet
  facet normal -0.31689954912127954 -0.9484591060065424 0
    outer loop
      vertex 7.851516626775265 10.722556084394455 0
      vertex 7.831653602421284 10.729192726314068 1
      vertex 7.831653602421284 10.729192726314068 0
    endloop
  endfacet
  facet normal -0.31689954912127954 -0.9484591060065424 0
    outer loop
      vertex 7.851516626775265 10.722556084394455 0
      vertex 7.851516626775265 10.722556084394455 1
      vertex 7.831653602421284 10.729192726314068 1
    endloop
  endfacet
  facet normal -0.27690370976388035 -0.9608976717210842 0
    outer loop
      vertex 7.871640145778656 10.71675705164671 0
      vertex 7.851516626775265 10.722556084394455 1
      vertex 7.851516626775265 10.722556084394455 0
    endloop
  endfacet
  facet normal -0.27690370976388035 -0.9608976717210842 0
    outer loop
      vertex 7.871640145778656 10.71675705164671 0
      vertex 7.871640145778656 10.71675705164671 1
      vertex 7.851516626775265 10.722556084394455 1
    endloop
  endfacet
  facet normal -0.23642287822121966 -0.971650257373297 0
    outer loop
      vertex 7.891988858580589 10.711805783212185 0
      vertex 7.871640145778656 10.71675705164671 1
      vertex 7.871640145778656 10.71675705164671 0
    endloop
  endfacet
  facet normal -0.23642287822121966 -0.971650257373297 0
    outer loop
      vertex 7.891988858580589 10.711805783212185 0
      vertex 7.891988858580589 10.711805783212185 1
      vertex 7.871640145778656 10.71675705164671 1
    endloop
  endfacet
  facet normal -0.1955266928047382 -0.9806983799317921 0
    outer loop
      vertex 7.9125270545482635 10.707710981369019 0
      vertex 7.891988858580589 10.711805783212185 1
      vertex 7.891988858580589 10.711805783212185 0
    endloop
  endfacet
  facet normal -0.1955266928047382 -0.9806983799317921 0
    outer loop
      vertex 7.9125270545482635 10.707710981369019 0
      vertex 7.9125270545482635 10.707710981369019 1
      vertex 7.891988858580589 10.711805783212185 1
    endloop
  endfacet
  facet normal -0.15428850614630168 -0.9880258381596821 0
    outer loop
      vertex 7.933218710124493 10.704479806125164 0
      vertex 7.9125270545482635 10.707710981369019 1
      vertex 7.9125270545482635 10.707710981369019 0
    endloop
  endfacet
  facet normal -0.15428850614630168 -0.9880258381596821 0
    outer loop
      vertex 7.933218710124493 10.704479806125164 0
      vertex 7.933218710124493 10.704479806125164 1
      vertex 7.9125270545482635 10.707710981369019 1
    endloop
  endfacet
  facet normal -0.11277823939102816 -0.9936201833295558 0
    outer loop
      vertex 7.954027518630028 10.702117957174778 0
      vertex 7.933218710124493 10.704479806125164 1
      vertex 7.933218710124493 10.704479806125164 0
    endloop
  endfacet
  facet normal -0.11277823939102816 -0.9936201833295558 0
    outer loop
      vertex 7.954027518630028 10.702117957174778 0
      vertex 7.954027518630028 10.702117957174778 1
      vertex 7.933218710124493 10.704479806125164 1
    endloop
  endfacet
  facet normal -0.07107118176109364 -0.9974712462638116 0
    outer loop
      vertex 7.974916979670525 10.70062955468893 0
      vertex 7.954027518630028 10.702117957174778 1
      vertex 7.954027518630028 10.702117957174778 0
    endloop
  endfacet
  facet normal -0.07107118176109364 -0.9974712462638116 0
    outer loop
      vertex 7.974916979670525 10.70062955468893 0
      vertex 7.974916979670525 10.70062955468893 1
      vertex 7.954027518630028 10.702117957174778 1
    endloop
  endfacet
  facet normal -0.029238907134795523 -0.9995724517560309 0
    outer loop
      vertex 7.995850443840027 10.700017221271992 0
      vertex 7.974916979670525 10.70062955468893 1
      vertex 7.974916979670525 10.70062955468893 0
    endloop
  endfacet
  facet normal -0.029238907134795523 -0.9995724517560309 0
    outer loop
      vertex 7.995850443840027 10.700017221271992 0
      vertex 7.995850443840027 10.700017221271992 1
      vertex 7.974916979670525 10.70062955468893 1
    endloop
  endfacet
  facet normal 0.012644241766896379 -0.9999200583797389 0
    outer loop
      vertex 8.016791194677353 10.700282022356987 0
      vertex 7.995850443840027 10.700017221271992 1
      vertex 7.995850443840027 10.700017221271992 0
    endloop
  endfacet
  facet normal 0.012644241766896379 -0.9999200583797389 0
    outer loop
      vertex 8.016791194677353 10.700282022356987 0
      vertex 8.016791194677353 10.700282022356987 1
      vertex 7.995850443840027 10.700017221271992 1
    endloop
  endfacet
  facet normal 0 0 -1
    outer loop
      vertex 13.322992011904716 16.06443575769663 0
      vertex 13.47119102627039 15.961391359567642 0
      vertex 13.471191018819809 15.961391352117062 0
    endloop
  endfacet
  facet normal 0 0 -1
    outer loop
      vertex 14.140200778841972 15.423631355166435 0
      vertex 14.302022829651833 15.277538865804672 0
      vertex 14.302022822201252 15.277538858354092 0
    endloop
  endfacet
  facet normal 0 0 -1
    outer loop
      vertex 13.645017825067043 15.832703687250614 0
      vertex 13.79847103357315 15.712410531938076 0
      vertex 13.79847102612257 15.712410524487495 0
    endloop
  endfacet
  facet normal 0 0 -1
    outer loop
      vertex 13.80827385187149 15.704524919390678 0
      vertex 13.964451678097248 15.575622141361237 0
      vertex 13.964451670646667 15.575622133910656 0
    endloop
  endfacet
  facet normal 0 0 -1
    outer loop
      vertex 15.561966501176357 13.97267259657383 0
      vertex 15.748965203762054 13.758215360343456 0
      vertex 15.748965196311474 13.758215352892876 0
    endloop
  endfacet
  facet normal 0 0 -1
    outer loop
      vertex 13.80827384442091 15.704524911940098 0
      vertex 13.80827385187149 15.704524919390678 0
      vertex 13.964451670646667 15.575622133910656 0
    endloop
  endfacet
  facet normal 0 0 -1
    outer loop
      vertex 16.3425827100873 13.049924597144127 0
      vertex 16.543730325996876 12.801520548760891 0
      vertex 16.543730318546295 12.80152054131031 0
    endloop
  endfacet
  facet normal 0 0 -1
    outer loop
      vertex 12.377251975238323 16.557643085718155 0
      vertex 12.377251982688904 16.557643093168736 0
      vertex 12.511248402297497 16.50658119469881 0
    endloop
  endfacet
  facet normal 0 0 -1
    outer loop
      vertex 12.22029273957014 16.608815170824528 0
      vertex 12.220292747020721 16.60881517827511 0
      vertex 12.352149583399296 16.566451475024223 0
    endloop
  endfacet
  facet normal 0 0 -1
    outer loop
      vertex 13.79847102612257 15.712410524487495 0
      vertex 13.798471041023731 15.712410524487495 0
      vertex 13.80827384442091 15.704524911940098 0
    endloop
  endfacet
  facet normal 0 0 -1
    outer loop
      vertex 16.777288869023323 11.954554915428162 0
      vertex 16.765388406813145 11.937322281301022 0
      vertex 16.752776734530926 11.920603103935719 0
    endloop
  endfacet
  facet normal 0 0 -1
    outer loop
      vertex 16.777288869023323 11.954554915428162 0
      vertex 16.752776734530926 11.920603103935719 0
      vertex 16.73947601020336 11.904426716268063 0
    endloop
  endfacet
  facet normal 0 0 -1
    outer loop
      vertex 16.777288869023323 11.954554915428162 0
      vertex 16.73947601020336 11.904426716268063 0
      vertex 16.72550954669714 11.888821497559547 0
    endloop
  endfacet
  facet normal 0 0 -1
    outer loop
      vertex 16.777288869023323 11.954554915428162 0
      vertex 16.72550954669714 11.888821497559547 0
      vertex 16.710901856422424 11.873814813792706 0
    endloop
  endfacet
  facet normal 0 0 -1
    outer loop
      vertex 16.777288869023323 11.954554915428162 0
      vertex 16.710901856422424 11.873814813792706 0
      vertex 16.69567856937647 11.859433002769947 0
    endloop
  endfacet
  facet normal 0 0 -1
    outer loop
      vertex 16.777288869023323 11.954554915428162 0
      vertex 16.69567856937647 11.859433002769947 0
      vertex 16.679866388440132 11.845701299607754 0
    endloop
  endfacet
  facet normal 0 0 -1
    outer loop
      vertex 16.777288869023323 11.954554915428162 0
      vertex 16.679866388440132 11.845701299607754 0
      vertex 16.663493052124977 11.832643777132034 0
    endloop
  endfacet
  facet normal 0 0 -1
    outer loop
      vertex 16.777288869023323 11.954554915428162 0
      vertex 16.663493052124977 11.832643777132034 0
      vertex 16.646587289869785 11.820283360779285 0
    endloop
  endfacet
  facet normal 0 0 -1
    outer loop
      vertex 16.777288869023323 11.954554915428162 0
      vertex 16.646587289869785 11.820283360779285 0
      vertex 16.629178754985332 11.808641716837883 0
    endloop
  endfacet
  facet normal 0 0 -1
    outer loop
      vertex 16.777288869023323 11.954554915428162 0
      vertex 16.629178754985332 11.808641716837883 0
      vertex 16.611297979950905 11.797739289700985 0
    endloop
  endfacet
  facet normal 0 0 -1
    outer loop
      vertex 16.777288869023323 11.954554915428162 0
      vertex 16.611297979950905 11.797739289700985 0
      vertex 16.592976354062557 11.787595182657242 0
    endloop
  endfacet
  facet normal 0 0 -1
    outer loop
      vertex 16.777288869023323 11.954554915428162 0
      vertex 16.592976354062557 11.787595182657242 0
      vertex 16.574245996773243 11.778227217495441 0
    endloop
  endfacet
  facet normal 0 0 -1
    outer loop
      vertex 16.777288869023323 11.954554915428162 0
      vertex 16.574245996773243 11.778227217495441 0
      vertex 16.555139787495136 11.769651800394058 0
    endloop
  endfacet
  facet normal 0 0 -1
    outer loop
      vertex 16.777288869023323 11.954554915428162 0
      vertex 16.555139787495136 11.769651800394058 0
      vertex 16.535691238939762 11.76188400387764 0
    endloop
  endfacet
  facet normal 0 0 -1
    outer loop
      vertex 16.777288869023323 11.954554915428162 0
      vertex 16.535691238939762 11.76188400387764 0
      vertex 16.515934459865093 11.754937432706356 0
    endloop
  endfacet
  facet normal 0 0 -1
    outer loop
      vertex 16.777288869023323 11.954554915428162 0
      vertex 16.515934459865093 11.754937432706356 0
      vertex 16.495904125273228 11.748824283480644 0
    endloop
  endfacet
  facet normal 0 0 -1
    outer loop
      vertex 16.777288869023323 11.954554915428162 0
      vertex 16.495904125273228 11.748824283480644 0
      vertex 16.47563536465168 11.743555277585983 0
    endloop
  endfacet
  facet normal 0 0 -1
    outer loop
      vertex 16.777288869023323 11.954554915428162 0
      vertex 16.47563536465168 11.743555277585983 0
      vertex 16.45516373962164 11.739139676094055 0
    endloop
  endfacet
  facet normal 0 0 -1
    outer loop
      vertex 16.777288869023323 11.954554915428162 0
      vertex 16.45516373962164 11.739139676094055 0
      vertex 16.434525169432163 11.735585197806358 0
    endloop
  endfacet
  facet normal 0 0 -1
    outer loop
      vertex 16.777288869023323 11.954554915428162 0
      vertex 16.434525169432163 11.735585197806358 0
      vertex 16.413755856454372 11.732898086309433 0
    endloop
  endfacet
  facet normal 0 0 -1
    outer loop
      vertex 16.777288869023323 11.954554915428162 0
      vertex 16.413755856454372 11.732898086309433 0
      vertex 16.392892241477966 11.731083072721958 0
    endloop
  endfacet
  facet normal 0 0 -1
    outer loop
      vertex 16.777288869023323 11.954554915428162 0
      vertex 16.392892241477966 11.731083072721958 0
      vertex 16.371970906853676 11.730143323540688 0
    endloop
  endfacet
  facet normal 0 0 -1
    outer loop
      vertex 16.777288869023323 11.954554915428162 0
      vertex 16.371970906853676 11.730143323540688 0
      vertex 16.351028583943844 11.730080492794514 0
    endloop
  endfacet
  facet normal 0 0 -1
    outer loop
      vertex 16.777288869023323 11.954554915428162 0
      vertex 16.351028583943844 11.730080492794514 0
      vertex 16.330101996660233 11.730894692242146 0
    endloop
  endfacet
  facet normal 0 0 -1
    outer loop
      vertex 16.777288869023323 11.954554915428162 0
      vertex 16.330101996660233 11.730894692242146 0
      vertex 16.309227861464024 11.732584491372108 0
    endloop
  endfacet
  facet normal 0 0 -1
    outer loop
      vertex 16.777288869023323 11.954554915428162 0
      vertex 16.309227861464024 11.732584491372108 0
      vertex 16.28844280540943 11.735146924853325 0
    endloop
  endfacet
  facet normal 0 0 -1
    outer loop
      vertex 16.777288869023323 11.954554915428162 0
      vertex 16.28844280540943 11.735146924853325 0
      vertex 16.267783269286156 11.738577499985695 0
    endloop
  endfacet
  facet normal 0 0 -1
    outer loop
      vertex 16.777288869023323 11.954554915428162 0
      vertex 16.267783269286156 11.738577499985695 0
      vertex 16.247285522520542 11.742870196700096 0
    endloop
  endfacet
  facet normal 0 0 -1
    outer loop
      vertex 16.777288869023323 11.954554915428162 0
      vertex 16.247285522520542 11.742870196700096 0
      vertex 16.22698552161455 11.748017482459545 0
    endloop
  endfacet
  facet normal 0 0 -1
    outer loop
      vertex 16.777288869023323 11.954554915428162 0
      vertex 16.22698552161455 11.748017482459545 0
      vertex 16.206918857991695 11.754010334610939 0
    endloop
  endfacet
  facet normal 0 0 -1
    outer loop
      vertex 16.777288869023323 11.954554915428162 0
      vertex 16.206918857991695 11.754010334610939 0
      vertex 16.187120757997036 11.760838225483894 0
    endloop
  endfacet
  facet normal 0 0 -1
    outer loop
      vertex 16.777288869023323 11.954554915428162 0
      vertex 16.187120757997036 11.760838225483894 0
      vertex 16.167625941336155 11.768489196896553 0
    endloop
  endfacet
  facet normal 0 0 -1
    outer loop
      vertex 16.777288869023323 11.954554915428162 0
      vertex 16.167625941336155 11.768489196896553 0
      vertex 16.148468621075153 11.776949808001518 0
    endloop
  endfacet
  facet normal 0 0 -1
    outer loop
      vertex 16.777288869023323 11.954554915428162 0
      vertex 16.148468621075153 11.776949808001518 0
      vertex 16.129682399332523 11.786205224692822 0
    endloop
  endfacet
  facet normal 0 0 -1
    outer loop
      vertex 16.777288869023323 11.954554915428162 0
      vertex 16.129682399332523 11.786205224692822 0
      vertex 16.111300230026245 11.796239204704762 0
    endloop
  endfacet
  facet normal 0 0 -1
    outer loop
      vertex 16.777288869023323 11.954554915428162 0
      vertex 16.111300230026245 11.796239204704762 0
      vertex 16.093354366719723 11.807034157216549 0
    endloop
  endfacet
  facet normal 0 0 -1
    outer loop
      vertex 16.777288869023323 11.954554915428162 0
      vertex 16.093354366719723 11.807034157216549 0
      vertex 16.07587628811598 11.818571127951145 0
    endloop
  endfacet
  facet normal 0 0 -1
    outer loop
      vertex 16.777288869023323 11.954554915428162 0
      vertex 16.07587628811598 11.818571127951145 0
      vertex 16.05889666080475 11.83082988858223 0
    endloop
  endfacet
  facet normal 0 0 -1
    outer loop
      vertex 16.777288869023323 11.954554915428162 0
      vertex 16.05889666080475 11.83082988858223 0
      vertex 16.04244527220726 11.843788929283619 0
    endloop
  endfacet
  facet normal 0 0 -1
    outer loop
      vertex 16.777288869023323 11.954554915428162 0
      vertex 16.04244527220726 11.843788929283619 0
      vertex 16.026550978422165 11.857425510883331 0
    endloop
  endfacet
  facet normal 0 0 -1
    outer loop
      vertex 16.777288869023323 11.954554915428162 0
      vertex 16.026550978422165 11.857425510883331 0
      vertex 16.011241666972637 11.87171571701765 0
    endloop
  endfacet
  facet normal 0 0 -1
    outer loop
      vertex 16.777288869023323 11.954554915428162 0
      vertex 16.011241666972637 11.87171571701765 0
      vertex 15.996544197201729 11.886634476482868 0
    endloop
  endfacet
  facet normal 0 0 -1
    outer loop
      vertex 16.777288869023323 11.954554915428162 0
      vertex 15.996544197201729 11.886634476482868 0
      vertex 15.982484363019466 11.902155615389347 0
    endloop
  endfacet
  facet normal 0 0 -1
    outer loop
      vertex 16.777288869023323 11.954554915428162 0
      vertex 15.982484363019466 11.902155615389347 0
      vertex 15.969086803495884 11.918251901865005 0
    endloop
  endfacet
  facet normal 0 0 -1
    outer loop
      vertex 16.788457289338112 11.972270771861076 0
      vertex 16.777288869023323 11.954554915428162 0
      vertex 15.969086803495884 11.918251901865005 0
    endloop
  endfacet
  facet normal 0 0 -1
    outer loop
      vertex 16.79887403547764 11.990438774228096 0
      vertex 16.788457289338112 11.972270771861076 0
      vertex 15.969086803495884 11.918251901865005 0
    endloop
  endfacet
  facet normal 0 0 -1
    outer loop
      vertex 16.80852085351944 12.009027048945427 0
      vertex 16.79887403547764 11.990438774228096 0
      vertex 15.969086803495884 11.918251901865005 0
    endloop
  endfacet
  facet normal 0 0 -1
    outer loop
      vertex 16.81738080829382 12.028002984821796 0
      vertex 16.80852085351944 12.009027048945427 0
      vertex 15.969086803495884 11.918251901865005 0
    endloop
  endfacet
  facet normal 0 0 -1
    outer loop
      vertex 16.825438365340233 12.047333292663097 0
      vertex 16.81738080829382 12.028002984821796 0
      vertex 15.969086803495884 11.918251901865005 0
    endloop
  endfacet
  facet normal 0 0 -1
    outer loop
      vertex 16.832679390907288 12.066984057426453 0
      vertex 16.825438365340233 12.047333292663097 0
      vertex 15.969086803495884 11.918251901865005 0
    endloop
  endfacet
  facet normal 0 0 -1
    outer loop
      vertex 16.839091166853905 12.08692080527544 0
      vertex 16.832679390907288 12.066984057426453 0
      vertex 15.969086803495884 11.918251901865005 0
    endloop
  endfacet
  facet normal 0 0 -1
    outer loop
      vertex 16.844662457704544 12.107108563184738 0
      vertex 16.839091166853905 12.08692080527544 0
      vertex 15.969086803495884 11.918251901865005 0
    endloop
  endfacet
  facet normal 0 0 -1
    outer loop
      vertex 16.849383480846882 12.12751192599535 0
      vertex 16.844662457704544 12.107108563184738 0
      vertex 15.969086803495884 11.918251901865005 0
    endloop
  endfacet
  facet normal 0 0 -1
    outer loop
      vertex 16.853245966136456 12.148095071315765 0
      vertex 16.849383480846882 12.12751192599535 0
      vertex 15.969086803495884 11.918251901865005 0
    endloop
  endfacet
  facet normal 0 0 -1
    outer loop
      vertex 16.85624312609434 12.168821915984154 0
      vertex 16.853245966136456 12.148095071315765 0
      vertex 15.969086803495884 11.918251901865005 0
    endloop
  endfacet
  facet normal 0 0 -1
    outer loop
      vertex 16.85836970806122 12.18965607881546 0
      vertex 16.85624312609434 12.168821915984154 0
      vertex 15.969086803495884 11.918251901865005 0
    endloop
  endfacet
  facet normal 0 0 -1
    outer loop
      vertex 16.859621979296207 12.210561029613018 0
      vertex 16.85836970806122 12.18965607881546 0
      vertex 15.969086803495884 11.918251901865005 0
    endloop
  endfacet
  facet normal 0 0 -1
    outer loop
      vertex 16.859997749328613 12.231500081717968 0
      vertex 16.859621979296207 12.210561029613018 0
      vertex 15.969086803495884 11.918251901865005 0
    endloop
  endfacet
  facet normal 0 0 -1
    outer loop
      vertex 16.859496347606182 12.252436488866806 0
      vertex 16.859997749328613 12.231500081717968 0
      vertex 15.969086803495884 11.918251901865005 0
    endloop
  endfacet
  facet normal 0 0 -1
    outer loop
      vertex 16.858118660748005 12.273333549499512 0
      vertex 16.859496347606182 12.252436488866806 0
      vertex 15.969086803495884 11.918251901865005 0
    endloop
  endfacet
  facet normal 0 0 -1
    outer loop
      vertex 16.855867110192776 12.294154584407806 0
      vertex 16.858118660748005 12.273333549499512 0
      vertex 15.969086803495884 11.918251901865005 0
    endloop
  endfacet
  facet normal 0 0 -1
    outer loop
      vertex 16.85274563729763 12.314863070845604 0
      vertex 16.855867110192776 12.294154584407806 0
      vertex 15.969086803495884 11.918251901865005 0
    endloop
  endfacet
  facet normal 0 0 -1
    outer loop
      vertex 16.848759718239307 12.335422672331333 0
      vertex 16.85274563729763 12.314863070845604 0
      vertex 15.969086803495884 11.918251901865005 0
    endloop
  endfacet
  facet normal 0 0 -1
    outer loop
      vertex 16.843916349112988 12.355797335505486 0
      vertex 16.848759718239307 12.335422672331333 0
      vertex 15.969086803495884 11.918251901865005 0
    endloop
  endfacet
  facet normal 0 0 -1
    outer loop
      vertex 16.83822403103113 12.375951297581196 0
      vertex 16.843916349112988 12.355797335505486 0
      vertex 15.969086803495884 11.918251901865005 0
    endloop
  endfacet
  facet normal 0 0 -1
    outer loop
      vertex 16.83169273287058 12.395849220454693 0
      vertex 16.83822403103113 12.375951297581196 0
      vertex 15.969086803495884 11.918251901865005 0
    endloop
  endfacet
  facet normal 0 0 -1
    outer loop
      vertex 16.82433393597603 12.415456183254719 0
      vertex 16.83169273287058 12.395849220454693 0
      vertex 15.969086803495884 11.918251901865005 0
    endloop
  endfacet
  facet normal 0 0 -1
    outer loop
      vertex 16.816160537302494 12.434737794101238 0
      vertex 16.82433393597603 12.415456183254719 0
      vertex 15.969086803495884 11.918251901865005 0
    endloop
  endfacet
  facet normal 0 0 -1
    outer loop
      vertex 16.807186871767044 12.453660227358341 0
      vertex 16.816160537302494 12.434737794101238 0
      vertex 15.969086803495884 11.918251901865005 0
    endloop
  endfacet
  facet normal 0 0 -1
    outer loop
      vertex 16.79742869734764 12.472190283238888 0
      vertex 16.807186871767044 12.453660227358341 0
      vertex 15.969086803495884 11.918251901865005 0
    endloop
  endfacet
  facet normal 0 0 -1
    outer loop
      vertex 16.786903128027916 12.490295454859734 0
      vertex 16.79742869734764 12.472190283238888 0
      vertex 15.969086803495884 11.918251901865005 0
    endloop
  endfacet
  facet normal 0 0 -1
    outer loop
      vertex 16.775628618896008 12.507943980395794 0
      vertex 16.786903128027916 12.490295454859734 0
      vertex 15.969086803495884 11.918251901865005 0
    endloop
  endfacet
  facet normal 0 0 -1
    outer loop
      vertex 16.7636249512434 12.525104887783527 0
      vertex 16.775628618896008 12.507943980395794 0
      vertex 15.969086803495884 11.918251901865005 0
    endloop
  endfacet
  facet normal 0 0 -1
    outer loop
      vertex 16.750913195312023 12.541748091578484 0
      vertex 16.7636249512434 12.525104887783527 0
      vertex 15.969086803495884 11.918251901865005 0
    endloop
  endfacet
  facet normal 0 0 -1
    outer loop
      vertex 16.750913195312023 12.541748091578484 0
      vertex 15.969086803495884 11.918251901865005 0
      vertex 15.765402145683765 12.173660106956959 0
    endloop
  endfacet
  facet normal 0 0 -1
    outer loop
      vertex 16.5460659340024 12.798614129424095 0
      vertex 16.750913195312023 12.541748091578484 0
      vertex 15.765402145683765 12.173660106956959 0
    endloop
  endfacet
  facet normal 0 0 -1
    outer loop
      vertex 16.543730318546295 12.80152054131031 0
      vertex 16.5460659340024 12.798614129424095 0
      vertex 15.765402145683765 12.173660106956959 0
    endloop
  endfacet
  facet normal 0 0 -1
    outer loop
      vertex 16.543730318546295 12.80152054131031 0
      vertex 15.765402145683765 12.173660106956959 0
      vertex 15.566696271300316 12.419048763811588 0
    endloop
  endfacet
  facet normal 0 0 -1
    outer loop
      vertex 16.3425827100873 13.049924597144127 0
      vertex 16.543730318546295 12.80152054131031 0
      vertex 15.566696271300316 12.419048763811588 0
    endloop
  endfacet
  facet normal 0 0 -1
    outer loop
      vertex 16.340032033622265 13.0530486702919 0
      vertex 16.3425827100873 13.049924597144127 0
      vertex 15.566696271300316 12.419048763811588 0
    endloop
  endfacet
  facet normal 0 0 -1
    outer loop
      vertex 16.34003160893917 13.0530491694808 0
      vertex 16.340032033622265 13.0530486702919 0
      vertex 15.566696271300316 12.419048763811588 0
    endloop
  endfacet
  facet normal 0 0 -1
    outer loop
      vertex 16.34003160893917 13.0530491694808 0
      vertex 15.566696271300316 12.419048763811588 0
      vertex 15.371851563453674 12.655739657580853 0
    endloop
  endfacet
  facet normal 0 0 -1
    outer loop
      vertex 16.14251947402954 13.29298036545515 0
      vertex 16.34003160893917 13.0530491694808 0
      vertex 15.371851563453674 12.655739657580853 0
    endloop
  endfacet
  facet normal 0 0 -1
    outer loop
      vertex 16.14251947402954 13.29298036545515 0
      vertex 15.371851563453674 12.655739657580853 0
      vertex 15.180824533104897 12.883709900081158 0
    endloop
  endfacet
  facet normal 0 0 -1
    outer loop
      vertex 16.142519064247608 13.292980879545212 0
      vertex 16.14251947402954 13.29298036545515 0
      vertex 15.180824533104897 12.883709900081158 0
    endloop
  endfacet
  facet normal 0 0 -1
    outer loop
      vertex 16.139731772243977 13.296336844563484 0
      vertex 16.142519064247608 13.292980879545212 0
      vertex 15.180824533104897 12.883709900081158 0
    endloop
  endfacet
  facet normal 0 0 -1
    outer loop
      vertex 15.945788852870464 13.527786880731583 0
      vertex 16.139731772243977 13.296336844563484 0
      vertex 15.180824533104897 12.883709900081158 0
    endloop
  endfacet
  facet normal 0 0 -1
    outer loop
      vertex 15.945788852870464 13.527786880731583 0
      vertex 15.180824533104897 12.883709900081158 0
      vertex 14.993577301502228 13.10293247550726 0
    endloop
  endfacet
  facet normal 0 0 -1
    outer loop
      vertex 15.945788443088531 13.527787387371063 0
      vertex 15.945788852870464 13.527786880731583 0
      vertex 14.993577301502228 13.10293247550726 0
    endloop
  endfacet
  facet normal 0 0 -1
    outer loop
      vertex 15.94274028390646 13.531390361487865 0
      vertex 15.945788443088531 13.527787387371063 0
      vertex 14.993577301502228 13.10293247550726 0
    endloop
  endfacet
  facet normal 0 0 -1
    outer loop
      vertex 15.942739851772785 13.531390845775604 0
      vertex 15.94274028390646 13.531390361487865 0
      vertex 14.993577301502228 13.10293247550726 0
    endloop
  endfacet
  facet normal 0 0 -1
    outer loop
      vertex 15.752301588654518 13.754349380731583 0
      vertex 15.942739851772785 13.531390845775604 0
      vertex 14.993577301502228 13.10293247550726 0
    endloop
  endfacet
  facet normal 0 0 -1
    outer loop
      vertex 15.748965196311474 13.758215352892876 0
      vertex 15.752301588654518 13.754349380731583 0
      vertex 14.993577301502228 13.10293247550726 0
    endloop
  endfacet
  facet normal 0 0 -1
    outer loop
      vertex 15.748965196311474 13.758215352892876 0
      vertex 14.993577301502228 13.10293247550726 0
      vertex 14.810072593390942 13.31338269263506 0
    endloop
  endfacet
  facet normal 0 0 -1
    outer loop
      vertex 15.561966501176357 13.97267259657383 0
      vertex 15.748965196311474 13.758215352892876 0
      vertex 14.810072593390942 13.31338269263506 0
    endloop
  endfacet
  facet normal 0 0 -1
    outer loop
      vertex 15.561966501176357 13.97267259657383 0
      vertex 14.810072593390942 13.31338269263506 0
      vertex 14.630278795957565 13.515032887458801 0
    endloop
  endfacet
  facet normal 0 0 -1
    outer loop
      vertex 15.561966143548489 13.972673028707504 0
      vertex 15.561966501176357 13.97267259657383 0
      vertex 14.630278795957565 13.515032887458801 0
    endloop
  endfacet
  facet normal 0 0 -1
    outer loop
      vertex 15.558310613036156 13.976818844676018 0
      vertex 15.561966143548489 13.972673028707504 0
      vertex 14.630278795957565 13.515032887458801 0
    endloop
  endfacet
  facet normal 0 0 -1
    outer loop
      vertex 15.374686613678932 14.182764820754528 0
      vertex 15.558310613036156 13.976818844676018 0
      vertex 14.630278795957565 13.515032887458801 0
    endloop
  endfacet
  facet normal 0 0 -1
    outer loop
      vertex 15.374686613678932 14.182764820754528 0
      vertex 14.630278795957565 13.515032887458801 0
      vertex 14.45416846126318 13.707854881882668 0
    endloop
  endfacet
  facet normal 0 0 -1
    outer loop
      vertex 15.374686196446419 14.182765305042267 0
      vertex 15.374686613678932 14.182764820754528 0
      vertex 14.45416846126318 13.707854881882668 0
    endloop
  endfacet
  facet normal 0 0 -1
    outer loop
      vertex 15.370676524937153 14.187208577990532 0
      vertex 15.374686196446419 14.182765305042267 0
      vertex 14.45416846126318 13.707854881882668 0
    endloop
  endfacet
  facet normal 0 0 -1
    outer loop
      vertex 15.190361730754375 14.384634003043175 0
      vertex 15.370676524937153 14.187208577990532 0
      vertex 14.45416846126318 13.707854881882668 0
    endloop
  endfacet
  facet normal 0 0 -1
    outer loop
      vertex 15.18595827370882 14.389392986893654 0
      vertex 15.190361730754375 14.384634003043175 0
      vertex 14.45416846126318 13.707854881882668 0
    endloop
  endfacet
  facet normal 0 0 -1
    outer loop
      vertex 15.18595827370882 14.389392986893654 0
      vertex 14.45416846126318 13.707854881882668 0
      vertex 14.281718507409096 13.891820684075356 0
    endloop
  endfacet
  facet normal 0 0 -1
    outer loop
      vertex 15.00888853520155 14.578287065029144 0
      vertex 15.18595827370882 14.389392986893654 0
      vertex 14.281718507409096 13.891820684075356 0
    endloop
  endfacet
  facet normal 0 0 -1
    outer loop
      vertex 15.00888853520155 14.578287065029144 0
      vertex 14.281718507409096 13.891820684075356 0
      vertex 14.112912096083164 14.066901408135891 0
    endloop
  endfacet
  facet normal 0 0 -1
    outer loop
      vertex 15.008888117969036 14.578287526965141 0
      vertex 15.00888853520155 14.578287065029144 0
      vertex 14.112912096083164 14.066901408135891 0
    endloop
  endfacet
  facet normal 0 0 -1
    outer loop
      vertex 15.004045873880386 14.583380907773972 0
      vertex 15.008888117969036 14.578287526965141 0
      vertex 14.112912096083164 14.066901408135891 0
    endloop
  endfacet
  facet normal 0 0 -1
    outer loop
      vertex 15.004045456647873 14.583381325006485 0
      vertex 15.004045873880386 14.583380907773972 0
      vertex 14.112912096083164 14.066901408135891 0
    endloop
  endfacet
  facet normal 0 0 -1
    outer loop
      vertex 14.830155335366726 14.763734720647335 0
      vertex 15.004045456647873 14.583381325006485 0
      vertex 14.112912096083164 14.066901408135891 0
    endloop
  endfacet
  facet normal 0 0 -1
    outer loop
      vertex 14.824823223054409 14.769181318581104 0
      vertex 14.830155335366726 14.763734720647335 0
      vertex 14.112912096083164 14.066901408135891 0
    endloop
  endfacet
  facet normal 0 0 -1
    outer loop
      vertex 14.654047317802906 14.940984562039375 0
      vertex 14.824823223054409 14.769181318581104 0
      vertex 14.112912096083164 14.066901408135891 0
    endloop
  endfacet
  facet normal 0 0 -1
    outer loop
      vertex 14.654047317802906 14.940984562039375 0
      vertex 14.112912096083164 14.066901408135891 0
      vertex 13.94773917645216 14.233067937195301 0
    endloop
  endfacet
  facet normal 0 0 -1
    outer loop
      vertex 14.64816728234291 14.946802906692028 0
      vertex 14.654047317802906 14.940984562039375 0
      vertex 13.94773917645216 14.233067937195301 0
    endloop
  endfacet
  facet normal 0 0 -1
    outer loop
      vertex 14.480440989136696 15.110045745968819 0
      vertex 14.64816728234291 14.946802906692028 0
      vertex 13.94773917645216 14.233067937195301 0
    endloop
  endfacet
  facet normal 0 0 -1
    outer loop
      vertex 14.480440989136696 15.110045745968819 0
      vertex 13.94773917645216 14.233067937195301 0
      vertex 13.786196045577526 14.390292912721634 0
    endloop
  endfacet
  facet normal 0 0 -1
    outer loop
      vertex 14.47394710034132 15.116253428161144 0
      vertex 14.480440989136696 15.110045745968819 0
      vertex 13.786196045577526 14.390292912721634 0
    endloop
  endfacet
  facet normal 0 0 -1
    outer loop
      vertex 14.309205427765846 15.270926013588905 0
      vertex 14.47394710034132 15.116253428161144 0
      vertex 13.786196045577526 14.390292912721634 0
    endloop
  endfacet
  facet normal 0 0 -1
    outer loop
      vertex 14.309205427765846 15.270926013588905 0
      vertex 13.786196045577526 14.390292912721634 0
      vertex 13.62828814983368 14.538549400866032 0
    endloop
  endfacet
  facet normal 0 0 -1
    outer loop
      vertex 14.302022822201252 15.277538858354092 0
      vertex 14.309205427765846 15.270926013588905 0
      vertex 13.62828814983368 14.538549400866032 0
    endloop
  endfacet
  facet normal 0 0 -1
    outer loop
      vertex 14.140200778841972 15.423631355166435 0
      vertex 14.302022822201252 15.277538858354092 0
      vertex 13.62828814983368 14.538549400866032 0
    endloop
  endfacet
  facet normal 0 0 -1
    outer loop
      vertex 14.140200778841972 15.423631355166435 0
      vertex 13.62828814983368 14.538549400866032 0
      vertex 13.474030695855618 14.677812598645687 0
    endloop
  endfacet
  facet normal 0 0 -1
    outer loop
      vertex 14.132244646549225 15.430662252008915 0
      vertex 14.140200778841972 15.423631355166435 0
      vertex 13.474030695855618 14.677812598645687 0
    endloop
  endfacet
  facet normal 0 0 -1
    outer loop
      vertex 13.97327720373869 15.568164810538292 0
      vertex 14.132244646549225 15.430662252008915 0
      vertex 13.474030695855618 14.677812598645687 0
    endloop
  endfacet
  facet normal 0 0 -1
    outer loop
      vertex 13.97327720373869 15.568164810538292 0
      vertex 13.474030695855618 14.677812598645687 0
      vertex 13.323448032140732 14.808062553405762 0
    endloop
  endfacet
  facet normal 0 0 -1
    outer loop
      vertex 13.964451670646667 15.575622133910656 0
      vertex 13.97327720373869 15.568164810538292 0
      vertex 13.323448032140732 14.808062553405762 0
    endloop
  endfacet
  facet normal 0 0 -1
    outer loop
      vertex 13.80827384442091 15.704524911940098 0
      vertex 13.964451670646667 15.575622133910656 0
      vertex 13.323448032140732 14.808062553405762 0
    endloop
  endfacet
  facet normal 0 0 -1
    outer loop
      vertex 13.80827384442091 15.704524911940098 0
      vertex 13.323448032140732 14.808062553405762 0
      vertex 13.176578089594841 14.929282985627651 0
    endloop
  endfacet
  facet normal 0 0 -1
    outer loop
      vertex 13.79847102612257 15.712410524487495 0
      vertex 13.80827384442091 15.704524911940098 0
      vertex 13.176578089594841 14.929282985627651 0
    endloop
  endfacet
  facet normal 0 0 -1
    outer loop
      vertex 13.645017825067043 15.832703687250614 0
      vertex 13.79847102612257 15.712410524487495 0
      vertex 13.176578089594841 14.929282985627651 0
    endloop
  endfacet
  facet normal 0 0 -1
    outer loop
      vertex 13.645017825067043 15.832703687250614 0
      vertex 13.176578089594841 14.929282985627651 0
      vertex 13.033469140529633 15.041467197239399 0
    endloop
  endfacet
  facet normal 0 0 -1
    outer loop
      vertex 13.63411708176136 15.841010212898254 0
      vertex 13.645017825067043 15.832703687250614 0
      vertex 13.033469140529633 15.041467197239399 0
    endloop
  endfacet
  facet normal 0 0 -1
    outer loop
      vertex 13.634116664528847 15.841010510921478 0
      vertex 13.63411708176136 15.841010212898254 0
      vertex 13.033469140529633 15.041467197239399 0
    endloop
  endfacet
  facet normal 0 0 -1
    outer loop
      vertex 13.483323872089386 15.952683597803116 0
      vertex 13.634116664528847 15.841010510921478 0
      vertex 13.033469140529633 15.041467197239399 0
    endloop
  endfacet
  facet normal 0 0 -1
    outer loop
      vertex 13.483323872089386 15.952683597803116 0
      vertex 13.033469140529633 15.041467197239399 0
      vertex 12.894183970987797 15.144618049263954 0
    endloop
  endfacet
  facet normal 0 0 -1
    outer loop
      vertex 13.483323872089386 15.952683597803116 0
      vertex 12.894183970987797 15.144618049263954 0
      vertex 12.75879780203104 15.238753542304039 0
    endloop
  endfacet
  facet normal 0 0 -1
    outer loop
      vertex 13.483323469758034 15.952683910727501 0
      vertex 13.483323872089386 15.952683597803116 0
      vertex 12.75879780203104 15.238753542304039 0
    endloop
  endfacet
  facet normal 0 0 -1
    outer loop
      vertex 13.471191018819809 15.961391352117062 0
      vertex 13.483323469758034 15.952683910727501 0
      vertex 12.75879780203104 15.238753542304039 0
    endloop
  endfacet
  facet normal 0 0 -1
    outer loop
      vertex 13.322992011904716 16.06443575769663 0
      vertex 13.471191018819809 15.961391352117062 0
      vertex 12.75879780203104 15.238753542304039 0
    endloop
  endfacet
  facet normal 0 0 -1
    outer loop
      vertex 13.309481404721737 16.07350727915764 0
      vertex 13.322992011904716 16.06443575769663 0
      vertex 12.75879780203104 15.238753542304039 0
    endloop
  endfacet
  facet normal 0 0 -1
    outer loop
      vertex 13.16381200402975 16.167912527918816 0
      vertex 13.309481404721737 16.07350727915764 0
      vertex 12.75879780203104 15.238753542304039 0
    endloop
  endfacet
  facet normal 0 0 -1
    outer loop
      vertex 13.16381200402975 16.167912527918816 0
      vertex 12.75879780203104 15.238753542304039 0
      vertex 12.627397656440735 15.323911182582378 0
    endloop
  endfacet
  facet normal 0 0 -1
    outer loop
      vertex 13.148765563964844 16.177289254963398 0
      vertex 13.16381200402975 16.167912527918816 0
      vertex 12.627397656440735 15.323911182582378 0
    endloop
  endfacet
  facet normal 0 0 -1
    outer loop
      vertex 13.005561381578445 16.263045132160187 0
      vertex 13.148765563964844 16.177289254963398 0
      vertex 12.627397656440735 15.323911182582378 0
    endloop
  endfacet
  facet normal 0 0 -1
    outer loop
      vertex 13.005561381578445 16.263045132160187 0
      vertex 12.627397656440735 15.323911182582378 0
      vertex 12.500080540776253 15.400153324007988 0
    endloop
  endfacet
  facet normal 0 0 -1
    outer loop
      vertex 13.005561381578445 16.263045132160187 0
      vertex 12.500080540776253 15.400153324007988 0
      vertex 12.376948773860931 15.4675737246871 0
    endloop
  endfacet
  facet normal 0 0 -1
    outer loop
      vertex 13.005560763180256 16.263045519590378 0
      vertex 13.005561381578445 16.263045132160187 0
      vertex 12.376948773860931 15.4675737246871 0
    endloop
  endfacet
  facet normal 0 0 -1
    outer loop
      vertex 12.988812886178493 16.272640511393547 0
      vertex 13.005560763180256 16.263045519590378 0
      vertex 12.376948773860931 15.4675737246871 0
    endloop
  endfacet
  facet normal 0 0 -1
    outer loop
      vertex 12.98881222307682 16.272640861570835 0
      vertex 12.988812886178493 16.272640511393547 0
      vertex 12.376948773860931 15.4675737246871 0
    endloop
  endfacet
  facet normal 0 0 -1
    outer loop
      vertex 12.848007678985596 16.34973794221878 0
      vertex 12.98881222307682 16.272640861570835 0
      vertex 12.376948773860931 15.4675737246871 0
    endloop
  endfacet
  facet normal 0 0 -1
    outer loop
      vertex 12.838749893009663 16.354681432247162 0
      vertex 12.848007678985596 16.34973794221878 0
      vertex 12.376948773860931 15.4675737246871 0
    endloop
  endfacet
  facet normal 0 0 -1
    outer loop
      vertex 12.82939038425684 16.35942953824997 0
      vertex 12.838749893009663 16.354681432247162 0
      vertex 12.376948773860931 15.4675737246871 0
    endloop
  endfacet
  facet normal 0 0 -1
    outer loop
      vertex 12.690919771790504 16.42785830050707 0
      vertex 12.82939038425684 16.35942953824997 0
      vertex 12.376948773860931 15.4675737246871 0
    endloop
  endfacet
  facet normal 0 0 -1
    outer loop
      vertex 12.690919771790504 16.42785830050707 0
      vertex 12.376948773860931 15.4675737246871 0
      vertex 12.25810293853283 15.52630440890789 0
    endloop
  endfacet
  facet normal 0 0 -1
    outer loop
      vertex 12.680650435388088 16.43278841674328 0
      vertex 12.690919771790504 16.42785830050707 0
      vertex 12.25810293853283 15.52630440890789 0
    endloop
  endfacet
  facet normal 0 0 -1
    outer loop
      vertex 12.670271441340446 16.4374832957983 0
      vertex 12.680650435388088 16.43278841674328 0
      vertex 12.25810293853283 15.52630440890789 0
    endloop
  endfacet
  facet normal 0 0 -1
    outer loop
      vertex 12.670270718634129 16.437483601272106 0
      vertex 12.670271441340446 16.4374832957983 0
      vertex 12.25810293853283 15.52630440890789 0
    endloop
  endfacet
  facet normal 0 0 -1
    outer loop
      vertex 12.534071125090122 16.497233226895332 0
      vertex 12.670270718634129 16.437483601272106 0
      vertex 12.25810293853283 15.52630440890789 0
    endloop
  endfacet
  facet normal 0 0 -1
    outer loop
      vertex 12.534071125090122 16.497233226895332 0
      vertex 12.25810293853283 15.52630440890789 0
      vertex 12.14363145828247 15.576522089540958 0
    endloop
  endfacet
  facet normal 0 0 -1
    outer loop
      vertex 12.534070417284966 16.497233547270298 0
      vertex 12.534071125090122 16.497233226895332 0
      vertex 12.14363145828247 15.576522089540958 0
    endloop
  endfacet
  facet normal 0 0 -1
    outer loop
      vertex 12.52271705120802 16.50204810500145 0
      vertex 12.534070417284966 16.497233547270298 0
      vertex 12.14363145828247 15.576522089540958 0
    endloop
  endfacet
  facet normal 0 0 -1
    outer loop
      vertex 12.511248402297497 16.50658119469881 0
      vertex 12.52271705120802 16.50204810500145 0
      vertex 12.14363145828247 15.576522089540958 0
    endloop
  endfacet
  facet normal 0 0 -1
    outer loop
      vertex 12.377251975238323 16.557643085718155 0
      vertex 12.511248402297497 16.50658119469881 0
      vertex 12.14363145828247 15.576522089540958 0
    endloop
  endfacet
  facet normal 0 0 -1
    outer loop
      vertex 12.377251975238323 16.557643085718155 0
      vertex 12.14363145828247 15.576522089540958 0
      vertex 12.033595368266106 15.618453435599804 0
    endloop
  endfacet
  facet normal 0 0 -1
    outer loop
      vertex 12.364759370684624 16.562214255332947 0
      vertex 12.377251975238323 16.557643085718155 0
      vertex 12.033595368266106 15.618453435599804 0
    endloop
  endfacet
  facet normal 0 0 -1
    outer loop
      vertex 12.352149583399296 16.566451475024223 0
      vertex 12.364759370684624 16.562214255332947 0
      vertex 12.033595368266106 15.618453435599804 0
    endloop
  endfacet
  facet normal 0 0 -1
    outer loop
      vertex 12.22029273957014 16.608815170824528 0
      vertex 12.352149583399296 16.566451475024223 0
      vertex 12.033595368266106 15.618453435599804 0
    endloop
  endfacet
  facet normal 0 0 -1
    outer loop
      vertex 12.22029273957014 16.608815170824528 0
      vertex 12.033595368266106 15.618453435599804 0
      vertex 11.928009510040283 15.652376651763916 0
    endloop
  endfacet
  facet normal 0 0 -1
    outer loop
      vertex 12.206633359193802 16.612989462912083 0
      vertex 12.22029273957014 16.608815170824528 0
      vertex 11.928009510040283 15.652376651763916 0
    endloop
  endfacet
  facet normal 0 0 -1
    outer loop
      vertex 12.192860320210457 16.616771891713142 0
      vertex 12.206633359193802 16.612989462912083 0
      vertex 11.928009510040283 15.652376651763916 0
    endloop
  endfacet
  facet normal 0 0 -1
    outer loop
      vertex 12.063078068196774 16.65042755752802 0
      vertex 12.192860320210457 16.616771891713142 0
      vertex 11.928009510040283 15.652376651763916 0
    endloop
  endfacet
  facet normal 0 0 -1
    outer loop
      vertex 12.063078068196774 16.65042755752802 0
      vertex 11.928009510040283 15.652376651763916 0
      vertex 11.826819702982903 15.678617604076862 0
    endloop
  endfacet
  facet normal 0 0 -1
    outer loop
      vertex 12.04826395958662 16.654029101133347 0
      vertex 12.063078068196774 16.65042755752802 0
      vertex 11.826819702982903 15.678617604076862 0
    endloop
  endfacet
  facet normal 0 0 -1
    outer loop
      vertex 12.033346936106682 16.657177314162254 0
      vertex 12.04826395958662 16.654029101133347 0
      vertex 11.826819702982903 15.678617604076862 0
    endloop
  endfacet
  facet normal 0 0 -1
    outer loop
      vertex 11.905574262142181 16.682115092873573 0
      vertex 12.033346936106682 16.657177314162254 0
      vertex 11.826819702982903 15.678617604076862 0
    endloop
  endfacet
  facet normal 0 0 -1
    outer loop
      vertex 11.905574262142181 16.682115092873573 0
      vertex 11.826819702982903 15.678617604076862 0
      vertex 11.729879029095173 15.697537809610367 0
    endloop
  endfacet
  facet normal 0 0 -1
    outer loop
      vertex 11.889669075608253 16.684953399002552 0
      vertex 11.905574262142181 16.682115092873573 0
      vertex 11.729879029095173 15.697537809610367 0
    endloop
  endfacet
  facet normal 0 0 -1
    outer loop
      vertex 11.873680487275124 16.68727634847164 0
      vertex 11.889669075608253 16.684953399002552 0
      vertex 11.729879029095173 15.697537809610367 0
    endloop
  endfacet
  facet normal 0 0 -1
    outer loop
      vertex 11.747852392494678 16.703486412763596 0
      vertex 11.873680487275124 16.68727634847164 0
      vertex 11.729879029095173 15.697537809610367 0
    endloop
  endfacet
  facet normal 0 0 -1
    outer loop
      vertex 11.747852392494678 16.703486412763596 0
      vertex 11.729879029095173 15.697537809610367 0
      vertex 11.636925332248211 15.709512755274773 0
    endloop
  endfacet
  facet normal 0 0 -1
    outer loop
      vertex 11.730981171131134 16.70536931604147 0
      vertex 11.747852392494678 16.703486412763596 0
      vertex 11.636925332248211 15.709512755274773 0
    endloop
  endfacet
  facet normal 0 0 -1
    outer loop
      vertex 11.714055746793747 16.70667841285467 0
      vertex 11.730981171131134 16.70536931604147 0
      vertex 11.636925332248211 15.709512755274773 0
    endloop
  endfacet
  facet normal 0 0 -1
    outer loop
      vertex 11.714054889976978 16.706678450107574 0
      vertex 11.714055746793747 16.70667841285467 0
      vertex 11.636925332248211 15.709512755274773 0
    endloop
  endfacet
  facet normal 0 0 -1
    outer loop
      vertex 11.590107224881649 16.71415090560913 0
      vertex 11.714054889976978 16.706678450107574 0
      vertex 11.636925332248211 15.709512755274773 0
    endloop
  endfacet
  facet normal 0 0 -1
    outer loop
      vertex 11.590107224881649 16.71415090560913 0
      vertex 11.636925332248211 15.709512755274773 0
      vertex 11.547567807137966 15.714899860322475 0
    endloop
  endfacet
  facet normal 0 0 -1
    outer loop
      vertex 11.572461016476154 16.714902222156525 0
      vertex 11.590107224881649 16.71415090560913 0
      vertex 11.547567807137966 15.714899860322475 0
    endloop
  endfacet
  facet normal 0 0 -1
    outer loop
      vertex 11.554799288511276 16.715029828250408 0
      vertex 11.572461016476154 16.714902222156525 0
      vertex 11.547567807137966 15.714899860322475 0
    endloop
  endfacet
  facet normal 0 0 -1
    outer loop
      vertex 11.432665340602398 16.713754922151566 0
      vertex 11.554799288511276 16.715029828250408 0
      vertex 11.547567807137966 15.714899860322475 0
    endloop
  endfacet
  facet normal 0 0 -1
    outer loop
      vertex 11.432665340602398 16.713754922151566 0
      vertex 11.547567807137966 15.714899860322475 0
      vertex 11.46128635108471 15.713999196887016 0
    endloop
  endfacet
  facet normal 0 0 -1
    outer loop
      vertex 11.414497770369053 16.713234931230545 0
      vertex 11.432665340602398 16.713754922151566 0
      vertex 11.46128635108471 15.713999196887016 0
    endloop
  endfacet
  facet normal 0 0 -1
    outer loop
      vertex 11.396361105144024 16.71205499768257 0
      vertex 11.414497770369053 16.713234931230545 0
      vertex 11.46128635108471 15.713999196887016 0
    endloop
  endfacet
  facet normal 0 0 -1
    outer loop
      vertex 11.396360255777836 16.712054915726185 0
      vertex 11.396361105144024 16.71205499768257 0
      vertex 11.46128635108471 15.713999196887016 0
    endloop
  endfacet
  facet normal 0 0 -1
    outer loop
      vertex 11.275976739823818 16.702022835612297 0
      vertex 11.396360255777836 16.712054915726185 0
      vertex 11.46128635108471 15.713999196887016 0
    endloop
  endfacet
  facet normal 0 0 -1
    outer loop
      vertex 11.275976739823818 16.702022835612297 0
      vertex 11.46128635108471 15.713999196887016 0
      vertex 11.377450197935104 15.707012757658958 0
    endloop
  endfacet
  facet normal 0 0 -1
    outer loop
      vertex 11.257590763270855 16.70014790445566 0
      vertex 11.275976739823818 16.702022835612297 0
      vertex 11.377450197935104 15.707012757658958 0
    endloop
  endfacet
  facet normal 0 0 -1
    outer loop
      vertex 11.239286631345749 16.69759477674961 0
      vertex 11.257590763270855 16.70014790445566 0
      vertex 11.377450197935104 15.707012757658958 0
    endloop
  endfacet
  facet normal 0 0 -1
    outer loop
      vertex 11.120586834847927 16.678795538842678 0
      vertex 11.239286631345749 16.69759477674961 0
      vertex 11.377450197935104 15.707012757658958 0
    endloop
  endfacet
  facet normal 0 0 -1
    outer loop
      vertex 11.120586834847927 16.678795538842678 0
      vertex 11.377450197935104 15.707012757658958 0
      vertex 11.295354656875134 15.694010764360428 0
    endloop
  endfacet
  facet normal 0 0 -1
    outer loop
      vertex 11.10231228172779 16.675552509725094 0
      vertex 11.120586834847927 16.678795538842678 0
      vertex 11.295354656875134 15.694010764360428 0
    endloop
  endfacet
  facet normal 0 0 -1
    outer loop
      vertex 11.084170684218407 16.67163348197937 0
      vertex 11.10231228172779 16.675552509725094 0
      vertex 11.295354656875134 15.694010764360428 0
    endloop
  endfacet
  facet normal 0 0 -1
    outer loop
      vertex 11.084169685840607 16.67163323611021 0
      vertex 11.084170684218407 16.67163348197937 0
      vertex 11.295354656875134 15.694010764360428 0
    endloop
  endfacet
  facet normal 0 0 -1
    outer loop
      vertex 10.96709107607603 16.64405743777752 0
      vertex 11.084169685840607 16.67163323611021 0
      vertex 11.295354656875134 15.694010764360428 0
    endloop
  endfacet
  facet normal 0 0 -1
    outer loop
      vertex 10.96709107607603 16.64405743777752 0
      vertex 11.295354656875134 15.694010764360428 0
      vertex 11.214274026453495 15.67491365224123 0
    endloop
  endfacet
  facet normal 0 0 -1
    outer loop
      vertex 10.967090457677841 16.64405730366707 0
      vertex 10.96709107607603 16.64405743777752 0
      vertex 11.214274026453495 15.67491365224123 0
    endloop
  endfacet
  facet normal 0 0 -1
    outer loop
      vertex 10.949255712330341 16.639508605003357 0
      vertex 10.967090457677841 16.64405730366707 0
      vertex 11.214274026453495 15.67491365224123 0
    endloop
  endfacet
  facet normal 0 0 -1
    outer loop
      vertex 10.931600466370583 16.634306579828262 0
      vertex 10.949255712330341 16.639508605003357 0
      vertex 11.214274026453495 15.67491365224123 0
    endloop
  endfacet
  facet normal 0 0 -1
    outer loop
      vertex 10.93159992992878 16.634306401014328 0
      vertex 10.931600466370583 16.634306579828262 0
      vertex 11.214274026453495 15.67491365224123 0
    endloop
  endfacet
  facet normal 0 0 -1
    outer loop
      vertex 10.816075816750526 16.59794393181801 0
      vertex 10.93159992992878 16.634306401014328 0
      vertex 11.214274026453495 15.67491365224123 0
    endloop
  endfacet
  facet normal 0 0 -1
    outer loop
      vertex 10.816075816750526 16.59794393181801 0
      vertex 11.214274026453495 15.67491365224123 0
      vertex 11.13351932913065 15.649495236575603 0
    endloop
  endfacet
  facet normal 0 0 -1
    outer loop
      vertex 10.816074796020985 16.597943626344204 0
      vertex 10.816075816750526 16.59794393181801 0
      vertex 11.13351932913065 15.649495236575603 0
    endloop
  endfacet
  facet normal 0 0 -1
    outer loop
      vertex 10.798977993428707 16.592221453785896 0
      vertex 10.816074796020985 16.597943626344204 0
      vertex 11.13351932913065 15.649495236575603 0
    endloop
  endfacet
  facet normal 0 0 -1
    outer loop
      vertex 10.782098613679409 16.585886634886265 0
      vertex 10.798977993428707 16.592221453785896 0
      vertex 11.13351932913065 15.649495236575603 0
    endloop
  endfacet
  facet normal 0 0 -1
    outer loop
      vertex 10.78209787607193 16.58588632941246 0
      vertex 10.782098613679409 16.585886634886265 0
      vertex 11.13351932913065 15.649495236575603 0
    endloop
  endfacet
  facet normal 0 0 -1
    outer loop
      vertex 10.668062515556812 16.54072706401348 0
      vertex 10.78209787607193 16.58588632941246 0
      vertex 11.13351932913065 15.649495236575603 0
    endloop
  endfacet
  facet normal 0 0 -1
    outer loop
      vertex 10.668062515556812 16.54072706401348 0
      vertex 11.13351932913065 15.649495236575603 0
      vertex 11.052490465342999 15.617406897246838 0
    endloop
  endfacet
  facet normal 0 0 -1
    outer loop
      vertex 10.651948004961014 16.534017823636532 0
      vertex 10.668062515556812 16.54072706401348 0
      vertex 11.052490465342999 15.617406897246838 0
    endloop
  endfacet
  facet normal 0 0 -1
    outer loop
      vertex 10.636077500879765 16.526750192046165 0
      vertex 10.651948004961014 16.534017823636532 0
      vertex 11.052490465342999 15.617406897246838 0
    endloop
  endfacet
  facet normal 0 0 -1
    outer loop
      vertex 10.636076807975769 16.526749849319458 0
      vertex 10.636077500879765 16.526750192046165 0
      vertex 11.052490465342999 15.617406897246838 0
    endloop
  endfacet
  facet normal 0 0 -1
    outer loop
      vertex 10.52346596121788 16.472784161567688 0
      vertex 10.636076807975769 16.526749849319458 0
      vertex 11.052490465342999 15.617406897246838 0
    endloop
  endfacet
  facet normal 0 0 -1
    outer loop
      vertex 10.52346596121788 16.472784161567688 0
      vertex 11.052490465342999 15.617406897246838 0
      vertex 10.970712579786777 15.578217066824436 0
    endloop
  endfacet
  facet normal 0 0 -1
    outer loop
      vertex 10.508510015904903 16.465306892991066 0
      vertex 10.52346596121788 16.472784161567688 0
      vertex 10.970712579786777 15.578217066824436 0
    endloop
  endfacet
  facet normal 0 0 -1
    outer loop
      vertex 10.493812449276447 16.457333713769913 0
      vertex 10.508510015904903 16.465306892991066 0
      vertex 10.970712579786777 15.578217066824436 0
    endloop
  endfacet
  facet normal 0 0 -1
    outer loop
      vertex 10.382560461759567 16.394551388919353 0
      vertex 10.493812449276447 16.457333713769913 0
      vertex 10.970712579786777 15.578217066824436 0
    endloop
  endfacet
  facet normal 0 0 -1
    outer loop
      vertex 10.382560461759567 16.394551388919353 0
      vertex 10.970712579786777 15.578217066824436 0
      vertex 10.88785244524479 15.531456984579563 0
    endloop
  endfacet
  facet normal 0 0 -1
    outer loop
      vertex 10.368867568671703 16.386535063385963 0
      vertex 10.382560461759567 16.394551388919353 0
      vertex 10.88785244524479 15.531456984579563 0
    endloop
  endfacet
  facet normal 0 0 -1
    outer loop
      vertex 10.35543593019247 16.37808831036091 0
      vertex 10.368867568671703 16.386535063385963 0
      vertex 10.88785244524479 15.531456984579563 0
    endloop
  endfacet
  facet normal 0 0 -1
    outer loop
      vertex 10.245478503406048 16.3064798489213 0
      vertex 10.35543593019247 16.37808831036091 0
      vertex 10.88785244524479 15.531456984579563 0
    endloop
  endfacet
  facet normal 0 0 -1
    outer loop
      vertex 10.245478503406048 16.3064798489213 0
      vertex 10.88785244524479 15.531456984579563 0
      vertex 10.803715094923973 15.476663537323475 0
    endloop
  endfacet
  facet normal 0 0 -1
    outer loop
      vertex 10.233086809515953 16.298143729567528 0
      vertex 10.245478503406048 16.3064798489213 0
      vertex 10.803715094923973 15.476663537323475 0
    endloop
  endfacet
  facet normal 0 0 -1
    outer loop
      vertex 10.220949612557888 16.289441242814064 0
      vertex 10.233086809515953 16.298143729567528 0
      vertex 10.803715094923973 15.476663537323475 0
    endloop
  endfacet
  facet normal 0 0 -1
    outer loop
      vertex 10.112221740186214 16.208996787667274 0
      vertex 10.220949612557888 16.289441242814064 0
      vertex 10.803715094923973 15.476663537323475 0
    endloop
  endfacet
  facet normal 0 0 -1
    outer loop
      vertex 10.112221740186214 16.208996787667274 0
      vertex 10.803715094923973 15.476663537323475 0
      vertex 10.718224607408047 15.413411729037762 0
    endloop
  endfacet
  facet normal 0 0 -1
    outer loop
      vertex 10.101114451885223 16.200536333024502 0
      vertex 10.112221740186214 16.208996787667274 0
      vertex 10.718224607408047 15.413411729037762 0
    endloop
  endfacet
  facet normal 0 0 -1
    outer loop
      vertex 10.090247735381126 16.191769041121006 0
      vertex 10.101114451885223 16.200536333024502 0
      vertex 10.718224607408047 15.413411729037762 0
    endloop
  endfacet
  facet normal 0 0 -1
    outer loop
      vertex 9.982684411108494 16.10247876495123 0
      vertex 10.090247735381126 16.191769041121006 0
      vertex 10.718224607408047 15.413411729037762 0
    endloop
  endfacet
  facet normal 0 0 -1
    outer loop
      vertex 9.982684411108494 16.10247876495123 0
      vertex 10.718224607408047 15.413411729037762 0
      vertex 10.63139921426773 15.341336376965046 0
    endloop
  endfacet
  facet normal 0 0 -1
    outer loop
      vertex 9.972803875803947 16.094057708978653 0
      vertex 9.982684411108494 16.10247876495123 0
      vertex 10.63139921426773 15.341336376965046 0
    endloop
  endfacet
  facet normal 0 0 -1
    outer loop
      vertex 9.963145300745964 16.085382975637913 0
      vertex 9.972803875803947 16.094057708978653 0
      vertex 10.63139921426773 15.341336376965046 0
    endloop
  endfacet
  facet normal 0 0 -1
    outer loop
      vertex 9.856681518256664 15.9872370287776 0
      vertex 9.963145300745964 16.085382975637913 0
      vertex 10.63139921426773 15.341336376965046 0
    endloop
  endfacet
  facet normal 0 0 -1
    outer loop
      vertex 9.856681518256664 15.9872370287776 0
      vertex 10.63139921426773 15.341336376965046 0
      vertex 10.54332184791565 15.260140344500542 0
    endloop
  endfacet
  facet normal 0 0 -1
    outer loop
      vertex 9.847943104803562 15.978984855115414 0
      vertex 9.856681518256664 15.9872370287776 0
      vertex 10.54332184791565 15.260140344500542 0
    endloop
  endfacet
  facet normal 0 0 -1
    outer loop
      vertex 9.839405559003353 15.97052501887083 0
      vertex 9.847943104803562 15.978984855115414 0
      vertex 10.54332184791565 15.260140344500542 0
    endloop
  endfacet
  facet normal 0 0 -1
    outer loop
      vertex 9.73397632688284 15.863513566553593 0
      vertex 9.839405559003353 15.97052501887083 0
      vertex 10.54332184791565 15.260140344500542 0
    endloop
  endfacet
  facet normal 0 0 -1
    outer loop
      vertex 9.73397632688284 15.863513566553593 0
      vertex 10.54332184791565 15.260140344500542 0
      vertex 10.454115308821201 15.169595047831535 0
    endloop
  endfacet
  facet normal 0 0 -1
    outer loop
      vertex 9.72628041356802 15.855526871979237 0
      vertex 9.73397632688284 15.863513566553593 0
      vertex 10.454115308821201 15.169595047831535 0
    endloop
  endfacet
  facet normal 0 0 -1
    outer loop
      vertex 9.718763537704945 15.847371444106102 0
      vertex 9.72628041356802 15.855526871979237 0
      vertex 10.454115308821201 15.169595047831535 0
    endloop
  endfacet
  facet normal 0 0 -1
    outer loop
      vertex 9.614304661750793 15.731485530734062 0
      vertex 9.718763537704945 15.847371444106102 0
      vertex 10.454115308821201 15.169595047831535 0
    endloop
  endfacet
  facet normal 0 0 -1
    outer loop
      vertex 9.614304661750793 15.731485530734062 0
      vertex 10.454115308821201 15.169595047831535 0
      vertex 10.363920405507088 15.069533497095108 0
    endloop
  endfacet
  facet normal 0 0 -1
    outer loop
      vertex 9.614303849637508 15.731484644114971 0
      vertex 9.614304661750793 15.731485530734062 0
      vertex 10.363920405507088 15.069533497095108 0
    endloop
  endfacet
  facet normal 0 0 -1
    outer loop
      vertex 9.600944235920906 15.716040775179863 0
      vertex 9.614303849637508 15.731484644114971 0
      vertex 10.363920405507088 15.069533497095108 0
    endloop
  endfacet
  facet normal 0 0 -1
    outer loop
      vertex 9.49738909304142 15.59126878529787 0
      vertex 9.600944235920906 15.716040775179863 0
      vertex 10.363920405507088 15.069533497095108 0
    endloop
  endfacet
  facet normal 0 0 -1
    outer loop
      vertex 9.49738909304142 15.59126878529787 0
      vertex 10.363920405507088 15.069533497095108 0
      vertex 10.272881723940372 14.959842398762703 0
    endloop
  endfacet
  facet normal 0 0 -1
    outer loop
      vertex 9.485675491392612 15.576603651046753 0
      vertex 9.49738909304142 15.59126878529787 0
      vertex 10.272881723940372 14.959842398762703 0
    endloop
  endfacet
  facet normal 0 0 -1
    outer loop
      vertex 9.382959887385368 15.44293662160635 0
      vertex 9.485675491392612 15.576603651046753 0
      vertex 10.272881723940372 14.959842398762703 0
    endloop
  endfacet
  facet normal 0 0 -1
    outer loop
      vertex 9.382959887385368 15.44293662160635 0
      vertex 10.272881723940372 14.959842398762703 0
      vertex 10.18113649636507 14.840451456606388 0
    endloop
  endfacet
  facet normal 0 0 -1
    outer loop
      vertex 9.372696235775948 15.429092787206173 0
      vertex 9.382959887385368 15.44293662160635 0
      vertex 10.18113649636507 14.840451456606388 0
    endloop
  endfacet
  facet normal 0 0 -1
    outer loop
      vertex 9.270755171775818 15.286520883440971 0
      vertex 9.372696235775948 15.429092787206173 0
      vertex 10.18113649636507 14.840451456606388 0
    endloop
  endfacet
  facet normal 0 0 -1
    outer loop
      vertex 9.270755171775818 15.286520883440971 0
      vertex 10.18113649636507 14.840451456606388 0
      vertex 10.088807813823223 14.71132317185402 0
    endloop
  endfacet
  facet normal 0 0 -1
    outer loop
      vertex 9.26176119595766 15.27351213991642 0
      vertex 9.270755171775818 15.286520883440971 0
      vertex 10.088807813823223 14.71132317185402 0
    endloop
  endfacet
  facet normal 0 0 -1
    outer loop
      vertex 9.160529658198357 15.122025519609451 0
      vertex 9.26176119595766 15.27351213991642 0
      vertex 10.088807813823223 14.71132317185402 0
    endloop
  endfacet
  facet normal 0 0 -1
    outer loop
      vertex 9.160529658198357 15.122025519609451 0
      vertex 10.088807813823223 14.71132317185402 0
      vertex 9.996001996099949 14.572445102036 0
    endloop
  endfacet
  facet normal 0 0 -1
    outer loop
      vertex 9.152642987668514 15.109844617545605 0
      vertex 9.160529658198357 15.122025519609451 0
      vertex 9.996001996099949 14.572445102036 0
    endloop
  endfacet
  facet normal 0 0 -1
    outer loop
      vertex 9.052055984735489 14.9494334384799 0
      vertex 9.152642987668514 15.109844617545605 0
      vertex 9.996001996099949 14.572445102036 0
    endloop
  endfacet
  facet normal 0 0 -1
    outer loop
      vertex 9.052055984735489 14.9494334384799 0
      vertex 9.996001996099949 14.572445102036 0
      vertex 9.90280744433403 14.423823036253452 0
    endloop
  endfacet
  facet normal 0 0 -1
    outer loop
      vertex 9.045132517814636 14.938058450818062 0
      vertex 9.052055984735489 14.9494334384799 0
      vertex 9.90280744433403 14.423823036253452 0
    endloop
  endfacet
  facet normal 0 0 -1
    outer loop
      vertex 8.945125043392181 14.768712855875492 0
      vertex 9.045132517814636 14.938058450818062 0
      vertex 9.90280744433403 14.423823036253452 0
    endloop
  endfacet
  facet normal 0 0 -1
    outer loop
      vertex 8.945125043392181 14.768712855875492 0
      vertex 9.90280744433403 14.423823036253452 0
      vertex 9.809294082224369 14.265474110841751 0
    endloop
  endfacet
  facet normal 0 0 -1
    outer loop
      vertex 8.939038269221783 14.758112087845802 0
      vertex 8.945125043392181 14.768712855875492 0
      vertex 9.809294082224369 14.265474110841751 0
    endloop
  endfacet
  facet normal 0 0 -1
    outer loop
      vertex 8.83954531699419 14.57982225716114 0
      vertex 8.939038269221783 14.758112087845802 0
      vertex 9.809294082224369 14.265474110841751 0
    endloop
  endfacet
  facet normal 0 0 -1
    outer loop
      vertex 8.83954531699419 14.57982225716114 0
      vertex 9.809294082224369 14.265474110841751 0
      vertex 9.71551538258791 14.097424127161503 0
    endloop
  endfacet
  facet normal 0 0 -1
    outer loop
      vertex 8.834184981882572 14.569957971572876 0
      vertex 8.83954531699419 14.57982225716114 0
      vertex 9.71551538258791 14.097424127161503 0
    endloop
  endfacet
  facet normal 0 0 -1
    outer loop
      vertex 8.735141552984715 14.382714048027992 0
      vertex 8.834184981882572 14.569957971572876 0
      vertex 9.71551538258791 14.097424127161503 0
    endloop
  endfacet
  facet normal 0 0 -1
    outer loop
      vertex 8.735141552984715 14.382714048027992 0
      vertex 9.71551538258791 14.097424127161503 0
      vertex 9.62150875478983 13.919702395796776 0
    endloop
  endfacet
  facet normal 0 0 -1
    outer loop
      vertex 8.730412095785141 14.37354526668787 0
      vertex 8.735141552984715 14.382714048027992 0
      vertex 9.62150875478983 13.919702395796776 0
    endloop
  endfacet
  facet normal 0 0 -1
    outer loop
      vertex 8.63175319135189 14.177337422966957 0
      vertex 8.730412095785141 14.37354526668787 0
      vertex 9.62150875478983 13.919702395796776 0
    endloop
  endfacet
  facet normal 0 0 -1
    outer loop
      vertex 8.63175319135189 14.177337422966957 0
      vertex 9.62150875478983 13.919702395796776 0
      vertex 9.527298256754875 13.732341311872005 0
    endloop
  endfacet
  facet normal 0 0 -1
    outer loop
      vertex 8.62757208943367 14.168821915984154 0
      vertex 8.63175319135189 14.177337422966957 0
      vertex 9.527298256754875 13.732341311872005 0
    endloop
  endfacet
  facet normal 0 0 -1
    outer loop
      vertex 8.529232695698738 13.963640294969082 0
      vertex 8.62757208943367 14.168821915984154 0
      vertex 9.527298256754875 13.732341311872005 0
    endloop
  endfacet
  facet normal 0 0 -1
    outer loop
      vertex 8.529232695698738 13.963640294969082 0
      vertex 9.527298256754875 13.732341311872005 0
      vertex 9.43289539963007 13.535373121500015 0
    endloop
  endfacet
  facet normal 0 0 -1
    outer loop
      vertex 8.525528810918331 13.955735959112644 0
      vertex 8.529232695698738 13.963640294969082 0
      vertex 9.43289539963007 13.535373121500015 0
    endloop
  endfacet
  facet normal 0 0 -1
    outer loop
      vertex 8.42744393646717 13.741570726037025 0
      vertex 8.525528810918331 13.955735959112644 0
      vertex 9.43289539963007 13.535373121500015 0
    endloop
  endfacet
  facet normal 0 0 -1
    outer loop
      vertex 8.42744393646717 13.741570726037025 0
      vertex 9.43289539963007 13.535373121500015 0
      vertex 9.338301464915276 13.328830242156982 0
    endloop
  endfacet
  facet normal 0 0 -1
    outer loop
      vertex 8.42415601760149 13.734236523509026 0
      vertex 8.42744393646717 13.741570726037025 0
      vertex 9.338301464915276 13.328830242156982 0
    endloop
  endfacet
  facet normal 0 0 -1
    outer loop
      vertex 8.326260663568974 13.511077836155891 0
      vertex 8.42415601760149 13.734236523509026 0
      vertex 9.338301464915276 13.328830242156982 0
    endloop
  endfacet
  facet normal 0 0 -1
    outer loop
      vertex 8.326260663568974 13.511077836155891 0
      vertex 9.338301464915276 13.328830242156982 0
      vertex 9.243508078157902 13.112742692232132 0
    endloop
  endfacet
  facet normal 0 0 -1
    outer loop
      vertex 8.323336020112038 13.504274420440197 0
      vertex 8.326260663568974 13.511077836155891 0
      vertex 9.243508078157902 13.112742692232132 0
    endloop
  endfacet
  facet normal 0 0 -1
    outer loop
      vertex 8.225565180182457 13.272112436592579 0
      vertex 8.323336020112038 13.504274420440197 0
      vertex 9.243508078157902 13.112742692232132 0
    endloop
  endfacet
  facet normal 0 0 -1
    outer loop
      vertex 8.225565180182457 13.272112436592579 0
      vertex 9.243508078157902 13.112742692232132 0
      vertex 9.148499332368374 12.887139469385147 0
    endloop
  endfacet
  facet normal 0 0 -1
    outer loop
      vertex 8.22295843809843 13.265802502632141 0
      vertex 8.225565180182457 13.272112436592579 0
      vertex 9.148499332368374 12.887139469385147 0
    endloop
  endfacet
  facet normal 0 0 -1
    outer loop
      vertex 8.125247098505497 13.024627387523651 0
      vertex 8.22295843809843 13.265802502632141 0
      vertex 9.148499332368374 12.887139469385147 0
    endloop
  endfacet
  facet normal 0 0 -1
    outer loop
      vertex 8.125247098505497 13.024627387523651 0
      vertex 9.148499332368374 12.887139469385147 0
      vertex 9.05325223505497 12.652046672999859 0
    endloop
  endfacet
  facet normal 0 0 -1
    outer loop
      vertex 8.122919172048569 13.01877587288618 0
      vertex 8.125247098505497 13.024627387523651 0
      vertex 9.05325223505497 12.652046672999859 0
    endloop
  endfacet
  facet normal 0 0 -1
    outer loop
      vertex 8.025202341377735 12.76857776939869 0
      vertex 8.122919172048569 13.01877587288618 0
      vertex 9.05325223505497 12.652046672999859 0
    endloop
  endfacet
  facet normal 0 0 -1
    outer loop
      vertex 8.025202341377735 12.76857776939869 0
      vertex 9.05325223505497 12.652046672999859 0
      vertex 8.95773809403181 12.40748843550682 0
    endloop
  endfacet
  facet normal 0 0 -1
    outer loop
      vertex 8.023119501769543 12.763151936233044 0
      vertex 8.025202341377735 12.76857776939869 0
      vertex 8.95773809403181 12.40748843550682 0
    endloop
  endfacet
  facet normal 0 0 -1
    outer loop
      vertex 7.925332173705101 12.503921017050743 0
      vertex 8.023119501769543 12.763151936233044 0
      vertex 8.95773809403181 12.40748843550682 0
    endloop
  endfacet
  facet normal 0 0 -1
    outer loop
      vertex 7.925332173705101 12.503921017050743 0
      vertex 8.95773809403181 12.40748843550682 0
      vertex 8.861923307180405 12.153486631810665 0
    endloop
  endfacet
  facet normal 0 0 -1
    outer loop
      vertex 7.923465296626091 12.498890407383442 0
      vertex 7.925332173705101 12.503921017050743 0
      vertex 8.861923307180405 12.153486631810665 0
    endloop
  endfacet
  facet normal 0 0 -1
    outer loop
      vertex 7.825542479753494 12.230616822838783 0
      vertex 7.923465296626091 12.498890407383442 0
      vertex 8.861923307180405 12.153486631810665 0
    endloop
  endfacet
  facet normal 0 0 -1
    outer loop
      vertex 7.825542479753494 12.230616822838783 0
      vertex 8.861923307180405 12.153486631810665 0
      vertex 8.765769995748997 11.890060871839523 0
    endloop
  endfacet
  facet normal 0 0 -1
    outer loop
      vertex 7.823866359889507 12.225953221321106 0
      vertex 7.825542479753494 12.230616822838783 0
      vertex 8.765769995748997 11.890060871839523 0
    endloop
  endfacet
  facet normal 0 0 -1
    outer loop
      vertex 7.725743032991886 11.94862712919712 0
      vertex 7.823866359889507 12.225953221321106 0
      vertex 8.765769995748997 11.890060871839523 0
    endloop
  endfacet
  facet normal 0 0 -1
    outer loop
      vertex 7.725743032991886 11.94862712919712 0
      vertex 8.765769995748997 11.890060871839523 0
      vertex 8.669236645102501 11.617228515446186 0
    endloop
  endfacet
  facet normal 0 0 -1
    outer loop
      vertex 7.724235825240612 11.944304466247559 0
      vertex 7.725743032991886 11.94862712919712 0
      vertex 8.669236645102501 11.617228515446186 0
    endloop
  endfacet
  facet normal 0 0 -1
    outer loop
      vertex 7.724235825240612 11.944304466247559 0
      vertex 8.669236645102501 11.617228515446186 0
      vertex 8.572278834879398 11.335005424916744 0
    endloop
  endfacet
  facet normal 0 0 -1
    outer loop
      vertex 7.625847004354 11.65791603922844 0
      vertex 7.724235825240612 11.944304466247559 0
      vertex 8.572278834879398 11.335005424916744 0
    endloop
  endfacet
  facet normal 0 0 -1
    outer loop
      vertex 7.6244897320866585 11.653910264372826 0
      vertex 7.625847004354 11.65791603922844 0
      vertex 8.572278834879398 11.335005424916744 0
    endloop
  endfacet
  facet normal 0 0 -1
    outer loop
      vertex 7.525770403444767 11.358449630439281 0
      vertex 7.6244897320866585 11.653910264372826 0
      vertex 8.572278834879398 11.335005424916744 0
    endloop
  endfacet
  facet normal 0 0 -1
    outer loop
      vertex 7.525770403444767 11.358449630439281 0
      vertex 8.572278834879398 11.335005424916744 0
      vertex 8.474229596555233 11.041550360620022 0
    endloop
  endfacet
  facet normal 0 0 -1
    outer loop
      vertex 7.525770403444767 11.358449630439281 0
      vertex 8.474229596555233 11.041550360620022 0
      vertex 8.46717843413353 11.021830677986145 0
    endloop
  endfacet
  facet normal 0 0 -1
    outer loop
      vertex 7.525770403444767 11.358449630439281 0
      vertex 8.46717843413353 11.021830677986145 0
      vertex 8.459307685494423 11.00242356210947 0
    endloop
  endfacet
  facet normal 0 0 -1
    outer loop
      vertex 7.525770403444767 11.358449630439281 0
      vertex 8.459307685494423 11.00242356210947 0
      vertex 8.450631156563759 10.983363054692745 0
    endloop
  endfacet
  facet normal 0 0 -1
    outer loop
      vertex 7.525770403444767 11.358449630439281 0
      vertex 8.450631156563759 10.983363054692745 0
      vertex 8.441164061427116 10.96468260884285 0
    endloop
  endfacet
  facet normal 0 0 -1
    outer loop
      vertex 7.525770403444767 11.358449630439281 0
      vertex 8.441164061427116 10.96468260884285 0
      vertex 8.430923014879227 10.94641499221325 0
    endloop
  endfacet
  facet normal 0 0 -1
    outer loop
      vertex 7.519551195204258 11.338451966643333 0
      vertex 7.525770403444767 11.358449630439281 0
      vertex 8.430923014879227 10.94641499221325 0
    endloop
  endfacet
  facet normal 0 0 -1
    outer loop
      vertex 7.514174863696098 11.318211421370506 0
      vertex 7.519551195204258 11.338451966643333 0
      vertex 8.430923014879227 10.94641499221325 0
    endloop
  endfacet
  facet normal 0 0 -1
    outer loop
      vertex 7.509650833904743 11.297763481736183 0
      vertex 7.514174863696098 11.318211421370506 0
      vertex 8.430923014879227 10.94641499221325 0
    endloop
  endfacet
  facet normal 0 0 -1
    outer loop
      vertex 7.505987048149109 11.2771440371871 0
      vertex 7.509650833904743 11.297763481736183 0
      vertex 8.430923014879227 10.94641499221325 0
    endloop
  endfacet
  facet normal 0 0 -1
    outer loop
      vertex 7.50318992882967 11.256389252841473 0
      vertex 7.505987048149109 11.2771440371871 0
      vertex 8.430923014879227 10.94641499221325 0
    endloop
  endfacet
  facet normal 0 0 -1
    outer loop
      vertex 7.501264370977879 11.23553553968668 0
      vertex 7.50318992882967 11.256389252841473 0
      vertex 8.430923014879227 10.94641499221325 0
    endloop
  endfacet
  facet normal 0 0 -1
    outer loop
      vertex 7.500213772058487 11.214619487524033 0
      vertex 7.501264370977879 11.23553553968668 0
      vertex 8.430923014879227 10.94641499221325 0
    endloop
  endfacet
  facet normal 0 0 -1
    outer loop
      vertex 7.5000399723649025 11.19367779046297 0
      vertex 7.500213772058487 11.214619487524033 0
      vertex 8.430923014879227 10.94641499221325 0
    endloop
  endfacet
  facet normal 0 0 -1
    outer loop
      vertex 7.5000399723649025 11.19367779046297 0
      vertex 8.430923014879227 10.94641499221325 0
      vertex 8.41992598772049 10.92859224230051 0
    endloop
  endfacet
  facet normal 0 0 -1
    outer loop
      vertex 7.5000399723649025 11.19367779046297 0
      vertex 8.41992598772049 10.92859224230051 0
      vertex 8.408192254602909 10.91124563664198 0
    endloop
  endfacet
  facet normal 0 0 -1
    outer loop
      vertex 7.5000399723649025 11.19367779046297 0
      vertex 8.408192254602909 10.91124563664198 0
      vertex 8.395742423832417 10.894405610859394 0
    endloop
  endfacet
  facet normal 0 0 -1
    outer loop
      vertex 7.5007432624697685 11.172747179865837 0
      vertex 7.5000399723649025 11.19367779046297 0
      vertex 8.395742423832417 10.894405610859394 0
    endloop
  endfacet
  facet normal 0 0 -1
    outer loop
      vertex 7.502322427928448 11.151864387094975 0
      vertex 7.5007432624697685 11.172747179865837 0
      vertex 8.395742423832417 10.894405610859394 0
    endloop
  endfacet
  facet normal 0 0 -1
    outer loop
      vertex 7.504774689674377 11.131066039204597 0
      vertex 7.502322427928448 11.151864387094975 0
      vertex 8.395742423832417 10.894405610859394 0
    endloop
  endfacet
  facet normal 0 0 -1
    outer loop
      vertex 7.508095741271973 11.110388621687889 0
      vertex 7.504774689674377 11.131066039204597 0
      vertex 8.395742423832417 10.894405610859394 0
    endloop
  endfacet
  facet normal 0 0 -1
    outer loop
      vertex 7.512279756367207 11.089868418872356 0
      vertex 7.508095741271973 11.110388621687889 0
      vertex 8.395742423832417 10.894405610859394 0
    endloop
  endfacet
  facet normal 0 0 -1
    outer loop
      vertex 7.512279756367207 11.089868418872356 0
      vertex 8.395742423832417 10.894405610859394 0
      vertex 8.382598333060741 10.87810169160366 0
    endloop
  endfacet
  facet normal 0 0 -1
    outer loop
      vertex 7.517319403588772 11.069541417062283 0
      vertex 7.512279756367207 11.089868418872356 0
      vertex 8.382598333060741 10.87810169160366 0
    endloop
  endfacet
  facet normal 0 0 -1
    outer loop
      vertex 7.517319403588772 11.069541417062283 0
      vertex 8.382598333060741 10.87810169160366 0
      vertex 8.36878302693367 10.862362496554852 0
    endloop
  endfacet
  facet normal 0 0 -1
    outer loop
      vertex 7.5232058390975 11.049443282186985 0
      vertex 7.517319403588772 11.069541417062283 0
      vertex 8.36878302693367 10.862362496554852 0
    endloop
  endfacet
  facet normal 0 0 -1
    outer loop
      vertex 7.5232058390975 11.049443282186985 0
      vertex 8.36878302693367 10.862362496554852 0
      vertex 8.354320749640465 10.847215630114079 0
    endloop
  endfacet
  facet normal 0 0 -1
    outer loop
      vertex 7.5232058390975 11.049443282186985 0
      vertex 8.354320749640465 10.847215630114079 0
      vertex 8.339236870408058 10.832687675952911 0
    endloop
  endfacet
  facet normal 0 0 -1
    outer loop
      vertex 7.5232058390975 11.049443282186985 0
      vertex 8.339236870408058 10.832687675952911 0
      vertex 8.323557861149311 10.818804107606411 0
    endloop
  endfacet
  facet normal 0 0 -1
    outer loop
      vertex 7.5232058390975 11.049443282186985 0
      vertex 8.323557861149311 10.818804107606411 0
      vertex 8.307311214506626 10.805589281022549 0
    endloop
  endfacet
  facet normal 0 0 -1
    outer loop
      vertex 7.529928721487522 11.029609277844429 0
      vertex 7.5232058390975 11.049443282186985 0
      vertex 8.307311214506626 10.805589281022549 0
    endloop
  endfacet
  facet normal 0 0 -1
    outer loop
      vertex 7.537476286292076 11.010074198246002 0
      vertex 7.529928721487522 11.029609277844429 0
      vertex 8.307311214506626 10.805589281022549 0
    endloop
  endfacet
  facet normal 0 0 -1
    outer loop
      vertex 7.545835264027119 10.99087230861187 0
      vertex 7.537476286292076 11.010074198246002 0
      vertex 8.307311214506626 10.805589281022549 0
    endloop
  endfacet
  facet normal 0 0 -1
    outer loop
      vertex 7.554990999400616 10.972037307918072 0
      vertex 7.545835264027119 10.99087230861187 0
      vertex 8.307311214506626 10.805589281022549 0
    endloop
  endfacet
  facet normal 0 0 -1
    outer loop
      vertex 7.554990999400616 10.972037307918072 0
      vertex 8.307311214506626 10.805589281022549 0
      vertex 8.290525443851948 10.793066382408142 0
    endloop
  endfacet
  facet normal 0 0 -1
    outer loop
      vertex 7.554990999400616 10.972037307918072 0
      vertex 8.290525443851948 10.793066382408142 0
      vertex 8.273229993879795 10.781257390975952 0
    endloop
  endfacet
  facet normal 0 0 -1
    outer loop
      vertex 7.554990999400616 10.972037307918072 0
      vertex 8.273229993879795 10.781257390975952 0
      vertex 8.255455203354359 10.770183019340038 0
    endloop
  endfacet
  facet normal 0 0 -1
    outer loop
      vertex 7.554990999400616 10.972037307918072 0
      vertex 8.255455203354359 10.770183019340038 0
      vertex 8.237232252955437 10.759862683713436 0
    endloop
  endfacet
  facet normal 0 0 -1
    outer loop
      vertex 7.564927436411381 10.953602224588394 0
      vertex 7.554990999400616 10.972037307918072 0
      vertex 8.237232252955437 10.759862683713436 0
    endloop
  endfacet
  facet normal 0 0 -1
    outer loop
      vertex 7.564927436411381 10.953602224588394 0
      vertex 8.237232252955437 10.759862683713436 0
      vertex 8.218593128025532 10.750314503908157 0
    endloop
  endfacet
  facet normal 0 0 -1
    outer loop
      vertex 7.5756271332502365 10.93559941649437 0
      vertex 7.564927436411381 10.953602224588394 0
      vertex 8.218593128025532 10.750314503908157 0
    endloop
  endfacet
  facet normal 0 0 -1
    outer loop
      vertex 7.5756271332502365 10.93559941649437 0
      vertex 8.218593128025532 10.750314503908157 0
      vertex 8.199570514261723 10.741555228829384 0
    endloop
  endfacet
  facet normal 0 0 -1
    outer loop
      vertex 7.58707132935524 10.918060444295406 0
      vertex 7.5756271332502365 10.93559941649437 0
      vertex 8.199570514261723 10.741555228829384 0
    endloop
  endfacet
  facet normal 0 0 -1
    outer loop
      vertex 7.58707132935524 10.918060444295406 0
      vertex 8.199570514261723 10.741555228829384 0
      vertex 8.180197782814503 10.733600214123726 0
    endloop
  endfacet
  facet normal 0 0 -1
    outer loop
      vertex 7.5992399379611015 10.901016093790531 0
      vertex 7.58707132935524 10.918060444295406 0
      vertex 8.180197782814503 10.733600214123726 0
    endloop
  endfacet
  facet normal 0 0 -1
    outer loop
      vertex 7.5992399379611015 10.901016093790531 0
      vertex 8.180197782814503 10.733600214123726 0
      vertex 8.160508923232555 10.726463422179222 0
    endloop
  endfacet
  facet normal 0 0 -1
    outer loop
      vertex 7.612111620604992 10.88449626415968 0
      vertex 7.5992399379611015 10.901016093790531 0
      vertex 8.160508923232555 10.726463422179222 0
    endloop
  endfacet
  facet normal 0 0 -1
    outer loop
      vertex 7.612111620604992 10.88449626415968 0
      vertex 8.160508923232555 10.726463422179222 0
      vertex 8.140538468956947 10.720157377421856 0
    endloop
  endfacet
  facet normal 0 0 -1
    outer loop
      vertex 7.625663794577122 10.868529938161373 0
      vertex 7.612111620604992 10.88449626415968 0
      vertex 8.140538468956947 10.720157377421856 0
    endloop
  endfacet
  facet normal 0 0 -1
    outer loop
      vertex 7.625663794577122 10.868529938161373 0
      vertex 8.140538468956947 10.720157377421856 0
      vertex 8.120321474969387 10.714693143963814 0
    endloop
  endfacet
  facet normal 0 0 -1
    outer loop
      vertex 7.625663794577122 10.868529938161373 0
      vertex 8.120321474969387 10.714693143963814 0
      vertex 8.099893391132355 10.710080303251743 0
    endloop
  endfacet
  facet normal 0 0 -1
    outer loop
      vertex 7.639872670173645 10.853145122528076 0
      vertex 7.625663794577122 10.868529938161373 0
      vertex 8.099893391132355 10.710080303251743 0
    endloop
  endfacet
  facet normal 0 0 -1
    outer loop
      vertex 7.639872670173645 10.853145122528076 0
      vertex 8.099893391132355 10.710080303251743 0
      vertex 8.079290062189102 10.706326946616173 0
    endloop
  endfacet
  facet normal 0 0 -1
    outer loop
      vertex 7.654713340103626 10.83836880326271 0
      vertex 7.639872670173645 10.853145122528076 0
      vertex 8.079290062189102 10.706326946616173 0
    endloop
  endfacet
  facet normal 0 0 -1
    outer loop
      vertex 7.670159757137299 10.824226908385754 0
      vertex 7.654713340103626 10.83836880326271 0
      vertex 8.079290062189102 10.706326946616173 0
    endloop
  endfacet
  facet normal 0 0 -1
    outer loop
      vertex 7.670159757137299 10.824226908385754 0
      vertex 8.079290062189102 10.706326946616173 0
      vertex 8.058547630906105 10.70343965291977 0
    endloop
  endfacet
  facet normal 0 0 -1
    outer loop
      vertex 7.670159757137299 10.824226908385754 0
      vertex 8.058547630906105 10.70343965291977 0
      vertex 8.037702485918999 10.7014235034585 0
    endloop
  endfacet
  facet normal 0 0 -1
    outer loop
      vertex 7.686184830963612 10.810744248330593 0
      vertex 7.670159757137299 10.824226908385754 0
      vertex 8.037702485918999 10.7014235034585 0
    endloop
  endfacet
  facet normal 0 0 -1
    outer loop
      vertex 7.686184830963612 10.810744248330593 0
      vertex 8.037702485918999 10.7014235034585 0
      vertex 8.016791194677353 10.700282022356987 0
    endloop
  endfacet
  facet normal 0 0 -1
    outer loop
      vertex 7.7027604430913925 10.797944478690624 0
      vertex 7.686184830963612 10.810744248330593 0
      vertex 8.016791194677353 10.700282022356987 0
    endloop
  endfacet
  facet normal 0 0 -1
    outer loop
      vertex 7.7027604430913925 10.797944478690624 0
      vertex 8.016791194677353 10.700282022356987 0
      vertex 7.995850443840027 10.700017221271992 0
    endloop
  endfacet
  facet normal 0 0 -1
    outer loop
      vertex 7.71985749900341 10.785850048065186 0
      vertex 7.7027604430913925 10.797944478690624 0
      vertex 7.995850443840027 10.700017221271992 0
    endloop
  endfacet
  facet normal 0 0 -1
    outer loop
      vertex 7.737446039915085 10.774482175707817 0
      vertex 7.71985749900341 10.785850048065186 0
      vertex 7.995850443840027 10.700017221271992 0
    endloop
  endfacet
  facet normal 0 0 -1
    outer loop
      vertex 7.737446039915085 10.774482175707817 0
      vertex 7.995850443840027 10.700017221271992 0
      vertex 7.974916979670525 10.70062955468893 0
    endloop
  endfacet
  facet normal 0 0 -1
    outer loop
      vertex 7.737446039915085 10.774482175707817 0
      vertex 7.974916979670525 10.70062955468893 0
      vertex 7.954027518630028 10.702117957174778 0
    endloop
  endfacet
  facet normal 0 0 -1
    outer loop
      vertex 7.755495175719261 10.763860806822777 0
      vertex 7.737446039915085 10.774482175707817 0
      vertex 7.954027518630028 10.702117957174778 0
    endloop
  endfacet
  facet normal 0 0 -1
    outer loop
      vertex 7.773973263800144 10.754004582762718 0
      vertex 7.755495175719261 10.763860806822777 0
      vertex 7.954027518630028 10.702117957174778 0
    endloop
  endfacet
  facet normal 0 0 -1
    outer loop
      vertex 7.773973263800144 10.754004582762718 0
      vertex 7.954027518630028 10.702117957174778 0
      vertex 7.933218710124493 10.704479806125164 0
    endloop
  endfacet
  facet normal 0 0 -1
    outer loop
      vertex 7.773973263800144 10.754004582762718 0
      vertex 7.933218710124493 10.704479806125164 0
      vertex 7.9125270545482635 10.707710981369019 0
    endloop
  endfacet
  facet normal 0 0 -1
    outer loop
      vertex 7.792847879230976 10.744930773973465 0
      vertex 7.773973263800144 10.754004582762718 0
      vertex 7.9125270545482635 10.707710981369019 0
    endloop
  endfacet
  facet normal 0 0 -1
    outer loop
      vertex 7.792847879230976 10.744930773973465 0
      vertex 7.9125270545482635 10.707710981369019 0
      vertex 7.891988858580589 10.711805783212185 0
    endloop
  endfacet
  facet normal 0 0 -1
    outer loop
      vertex 7.812085911631584 10.736655317246914 0
      vertex 7.792847879230976 10.744930773973465 0
      vertex 7.891988858580589 10.711805783212185 0
    endloop
  endfacet
  facet normal 0 0 -1
    outer loop
      vertex 7.812085911631584 10.736655317246914 0
      vertex 7.891988858580589 10.711805783212185 0
      vertex 7.871640145778656 10.71675705164671 0
    endloop
  endfacet
  facet normal 0 0 -1
    outer loop
      vertex 7.871640145778656 10.71675705164671 0
      vertex 7.851516626775265 10.722556084394455 0
      vertex 7.831653602421284 10.729192726314068 0
    endloop
  endfacet
  facet normal 0 0 -1
    outer loop
      vertex 7.812085911631584 10.736655317246914 0
      vertex 7.871640145778656 10.71675705164671 0
      vertex 7.831653602421284 10.729192726314068 0
    endloop
  endfacet
  facet normal 0 0 1
    outer loop
      vertex 13.471191018819809 15.961391352117062 1
      vertex 13.47119102627039 15.961391359567642 1
      vertex 13.322992011904716 16.06443575769663 1
    endloop
  endfacet
  facet normal 0 0 1
    outer loop
      vertex 14.302022822201252 15.277538858354092 1
      vertex 14.302022829651833 15.277538865804672 1
      vertex 14.140200778841972 15.423631355166435 1
    endloop
  endfacet
  facet normal 0 0 1
    outer loop
      vertex 13.79847102612257 15.712410524487495 1
      vertex 13.79847103357315 15.712410531938076 1
      vertex 13.645017825067043 15.832703687250614 1
    endloop
  endfacet
  facet normal 0 0 1
    outer loop
      vertex 13.964451670646667 15.575622133910656 1
      vertex 13.964451678097248 15.575622141361237 1
      vertex 13.80827385187149 15.704524919390678 1
    endloop
  endfacet
  facet normal 0 0 1
    outer loop
      vertex 15.748965196311474 13.758215352892876 1
      vertex 15.748965203762054 13.758215360343456 1
      vertex 15.561966501176357 13.97267259657383 1
    endloop
  endfacet
  facet normal 0 0 1
    outer loop
      vertex 13.964451670646667 15.575622133910656 1
      vertex 13.80827385187149 15.704524919390678 1
      vertex 13.80827384442091 15.704524911940098 1
    endloop
  endfacet
  facet normal 0 0 1
    outer loop
      vertex 16.543730318546295 12.80152054131031 1
      vertex 16.543730325996876 12.801520548760891 1
      vertex 16.3425827100873 13.049924597144127 1
    endloop
  endfacet
  facet normal 0 0 1
    outer loop
      vertex 12.511248402297497 16.50658119469881 1
      vertex 12.377251982688904 16.557643093168736 1
      vertex 12.377251975238323 16.557643085718155 1
    endloop
  endfacet
  facet normal 0 0 1
    outer loop
      vertex 12.352149583399296 16.566451475024223 1
      vertex 12.220292747020721 16.60881517827511 1
      vertex 12.22029273957014 16.608815170824528 1
    endloop
  endfacet
  facet normal 0 0 1
    outer loop
      vertex 13.80827384442091 15.704524911940098 1
      vertex 13.798471041023731 15.712410524487495 1
      vertex 13.79847102612257 15.712410524487495 1
    endloop
  endfacet
  facet normal 0 0 1
    outer loop
      vertex 16.752776734530926 11.920603103935719 1
      vertex 16.765388406813145 11.937322281301022 1
      vertex 16.777288869023323 11.954554915428162 1
    endloop
  endfacet
  facet normal 0 0 1
    outer loop
      vertex 16.73947601020336 11.904426716268063 1
      vertex 16.752776734530926 11.920603103935719 1
      vertex 16.777288869023323 11.954554915428162 1
    endloop
  endfacet
  facet normal 0 0 1
    outer loop
      vertex 16.72550954669714 11.888821497559547 1
      vertex 16.73947601020336 11.904426716268063 1
      vertex 16.777288869023323 11.954554915428162 1
    endloop
  endfacet
  facet normal 0 0 1
    outer loop
      vertex 16.710901856422424 11.873814813792706 1
      vertex 16.72550954669714 11.888821497559547 1
      vertex 16.777288869023323 11.954554915428162 1
    endloop
  endfacet
  facet normal 0 0 1
    outer loop
      vertex 16.69567856937647 11.859433002769947 1
      vertex 16.710901856422424 11.873814813792706 1
      vertex 16.777288869023323 11.954554915428162 1
    endloop
  endfacet
  facet normal 0 0 1
    outer loop
      vertex 16.679866388440132 11.845701299607754 1
      vertex 16.69567856937647 11.859433002769947 1
      vertex 16.777288869023323 11.954554915428162 1
    endloop
  endfacet
  facet normal 0 0 1
    outer loop
      vertex 16.663493052124977 11.832643777132034 1
      vertex 16.679866388440132 11.845701299607754 1
      vertex 16.777288869023323 11.954554915428162 1
    endloop
  endfacet
  facet normal 0 0 1
    outer loop
      vertex 16.646587289869785 11.820283360779285 1
      vertex 16.663493052124977 11.832643777132034 1
      vertex 16.777288869023323 11.954554915428162 1
    endloop
  endfacet
  facet normal 0 0 1
    outer loop
      vertex 16.629178754985332 11.808641716837883 1
      vertex 16.646587289869785 11.820283360779285 1
      vertex 16.777288869023323 11.954554915428162 1
    endloop
  endfacet
  facet normal 0 0 1
    outer loop
      vertex 16.611297979950905 11.797739289700985 1
      vertex 16.629178754985332 11.808641716837883 1
      vertex 16.777288869023323 11.954554915428162 1
    endloop
  endfacet
  facet normal 0 0 1
    outer loop
      vertex 16.592976354062557 11.787595182657242 1
      vertex 16.611297979950905 11.797739289700985 1
      vertex 16.777288869023323 11.954554915428162 1
    endloop
  endfacet
  facet normal 0 0 1
    outer loop
      vertex 16.574245996773243 11.778227217495441 1
      vertex 16.592976354062557 11.787595182657242 1
      vertex 16.777288869023323 11.954554915428162 1
    endloop
  endfacet
  facet normal 0 0 1
    outer loop
      vertex 16.555139787495136 11.769651800394058 1
      vertex 16.574245996773243 11.778227217495441 1
      vertex 16.777288869023323 11.954554915428162 1
    endloop
  endfacet
  facet normal 0 0 1
    outer loop
      vertex 16.535691238939762 11.76188400387764 1
      vertex 16.555139787495136 11.769651800394058 1
      vertex 16.777288869023323 11.954554915428162 1
    endloop
  endfacet
  facet normal 0 0 1
    outer loop
      vertex 16.515934459865093 11.754937432706356 1
      vertex 16.535691238939762 11.76188400387764 1
      vertex 16.777288869023323 11.954554915428162 1
    endloop
  endfacet
  facet normal 0 0 1
    outer loop
      vertex 16.495904125273228 11.748824283480644 1
      vertex 16.515934459865093 11.754937432706356 1
      vertex 16.777288869023323 11.954554915428162 1
    endloop
  endfacet
  facet normal 0 0 1
    outer loop
      vertex 16.47563536465168 11.743555277585983 1
      vertex 16.495904125273228 11.748824283480644 1
      vertex 16.777288869023323 11.954554915428162 1
    endloop
  endfacet
  facet normal 0 0 1
    outer loop
      vertex 16.45516373962164 11.739139676094055 1
      vertex 16.47563536465168 11.743555277585983 1
      vertex 16.777288869023323 11.954554915428162 1
    endloop
  endfacet
  facet normal 0 0 1
    outer loop
      vertex 16.434525169432163 11.735585197806358 1
      vertex 16.45516373962164 11.739139676094055 1
      vertex 16.777288869023323 11.954554915428162 1
    endloop
  endfacet
  facet normal 0 0 1
    outer loop
      vertex 16.413755856454372 11.732898086309433 1
      vertex 16.434525169432163 11.735585197806358 1
      vertex 16.777288869023323 11.954554915428162 1
    endloop
  endfacet
  facet normal 0 0 1
    outer loop
      vertex 16.392892241477966 11.731083072721958 1
      vertex 16.413755856454372 11.732898086309433 1
      vertex 16.777288869023323 11.954554915428162 1
    endloop
  endfacet
  facet normal 0 0 1
    outer loop
      vertex 16.371970906853676 11.730143323540688 1
      vertex 16.392892241477966 11.731083072721958 1
      vertex 16.777288869023323 11.954554915428162 1
    endloop
  endfacet
  facet normal 0 0 1
    outer loop
      vertex 16.351028583943844 11.730080492794514 1
      vertex 16.371970906853676 11.730143323540688 1
      vertex 16.777288869023323 11.954554915428162 1
    endloop
  endfacet
  facet normal 0 0 1
    outer loop
      vertex 16.330101996660233 11.730894692242146 1
      vertex 16.351028583943844 11.730080492794514 1
      vertex 16.777288869023323 11.954554915428162 1
    endloop
  endfacet
  facet normal 0 0 1
    outer loop
      vertex 16.309227861464024 11.732584491372108 1
      vertex 16.330101996660233 11.730894692242146 1
      vertex 16.777288869023323 11.954554915428162 1
    endloop
  endfacet
  facet normal 0 0 1
    outer loop
      vertex 16.28844280540943 11.735146924853325 1
      vertex 16.309227861464024 11.732584491372108 1
      vertex 16.777288869023323 11.954554915428162 1
    endloop
  endfacet
  facet normal 0 0 1
    outer loop
      vertex 16.267783269286156 11.738577499985695 1
      vertex 16.28844280540943 11.735146924853325 1
      vertex 16.777288869023323 11.954554915428162 1
    endloop
  endfacet
  facet normal 0 0 1
    outer loop
      vertex 16.247285522520542 11.742870196700096 1
      vertex 16.267783269286156 11.738577499985695 1
      vertex 16.777288869023323 11.954554915428162 1
    endloop
  endfacet
  facet normal 0 0 1
    outer loop
      vertex 16.22698552161455 11.748017482459545 1
      vertex 16.247285522520542 11.742870196700096 1
      vertex 16.777288869023323 11.954554915428162 1
    endloop
  endfacet
  facet normal 0 0 1
    outer loop
      vertex 16.206918857991695 11.754010334610939 1
      vertex 16.22698552161455 11.748017482459545 1
      vertex 16.777288869023323 11.954554915428162 1
    endloop
  endfacet
  facet normal 0 0 1
    outer loop
      vertex 16.187120757997036 11.760838225483894 1
      vertex 16.206918857991695 11.754010334610939 1
      vertex 16.777288869023323 11.954554915428162 1
    endloop
  endfacet
  facet normal 0 0 1
    outer loop
      vertex 16.167625941336155 11.768489196896553 1
      vertex 16.187120757997036 11.760838225483894 1
      vertex 16.777288869023323 11.954554915428162 1
    endloop
  endfacet
  facet normal 0 0 1
    outer loop
      vertex 16.148468621075153 11.776949808001518 1
      vertex 16.167625941336155 11.768489196896553 1
      vertex 16.777288869023323 11.954554915428162 1
    endloop
  endfacet
  facet normal 0 0 1
    outer loop
      vertex 16.129682399332523 11.786205224692822 1
      vertex 16.148468621075153 11.776949808001518 1
      vertex 16.777288869023323 11.954554915428162 1
    endloop
  endfacet
  facet normal 0 0 1
    outer loop
      vertex 16.111300230026245 11.796239204704762 1
      vertex 16.129682399332523 11.786205224692822 1
      vertex 16.777288869023323 11.954554915428162 1
    endloop
  endfacet
  facet normal 0 0 1
    outer loop
      vertex 16.093354366719723 11.807034157216549 1
      vertex 16.111300230026245 11.796239204704762 1
      vertex 16.777288869023323 11.954554915428162 1
    endloop
  endfacet
  facet normal 0 0 1
    outer loop
      vertex 16.07587628811598 11.818571127951145 1
      vertex 16.093354366719723 11.807034157216549 1
      vertex 16.777288869023323 11.954554915428162 1
    endloop
  endfacet
  facet normal 0 0 1
    outer loop
      vertex 16.05889666080475 11.83082988858223 1
      vertex 16.07587628811598 11.818571127951145 1
      vertex 16.777288869023323 11.954554915428162 1
    endloop
  endfacet
  facet normal 0 0 1
    outer loop
      vertex 16.04244527220726 11.843788929283619 1
      vertex 16.05889666080475 11.83082988858223 1
      vertex 16.777288869023323 11.954554915428162 1
    endloop
  endfacet
  facet normal 0 0 1
    outer loop
      vertex 16.026550978422165 11.857425510883331 1
      vertex 16.04244527220726 11.843788929283619 1
      vertex 16.777288869023323 11.954554915428162 1
    endloop
  endfacet
  facet normal 0 0 1
    outer loop
      vertex 16.011241666972637 11.87171571701765 1
      vertex 16.026550978422165 11.857425510883331 1
      vertex 16.777288869023323 11.954554915428162 1
    endloop
  endfacet
  facet normal 0 0 1
    outer loop
      vertex 15.996544197201729 11.886634476482868 1
      vertex 16.011241666972637 11.87171571701765 1
      vertex 16.777288869023323 11.954554915428162 1
    endloop
  endfacet
  facet normal 0 0 1
    outer loop
      vertex 15.982484363019466 11.902155615389347 1
      vertex 15.996544197201729 11.886634476482868 1
      vertex 16.777288869023323 11.954554915428162 1
    endloop
  endfacet
  facet normal 0 0 1
    outer loop
      vertex 15.969086803495884 11.918251901865005 1
      vertex 15.982484363019466 11.902155615389347 1
      vertex 16.777288869023323 11.954554915428162 1
    endloop
  endfacet
  facet normal 0 0 1
    outer loop
      vertex 15.969086803495884 11.918251901865005 1
      vertex 16.777288869023323 11.954554915428162 1
      vertex 16.788457289338112 11.972270771861076 1
    endloop
  endfacet
  facet normal 0 0 1
    outer loop
      vertex 15.969086803495884 11.918251901865005 1
      vertex 16.788457289338112 11.972270771861076 1
      vertex 16.79887403547764 11.990438774228096 1
    endloop
  endfacet
  facet normal 0 0 1
    outer loop
      vertex 15.969086803495884 11.918251901865005 1
      vertex 16.79887403547764 11.990438774228096 1
      vertex 16.80852085351944 12.009027048945427 1
    endloop
  endfacet
  facet normal 0 0 1
    outer loop
      vertex 15.969086803495884 11.918251901865005 1
      vertex 16.80852085351944 12.009027048945427 1
      vertex 16.81738080829382 12.028002984821796 1
    endloop
  endfacet
  facet normal 0 0 1
    outer loop
      vertex 15.969086803495884 11.918251901865005 1
      vertex 16.81738080829382 12.028002984821796 1
      vertex 16.825438365340233 12.047333292663097 1
    endloop
  endfacet
  facet normal 0 0 1
    outer loop
      vertex 15.969086803495884 11.918251901865005 1
      vertex 16.825438365340233 12.047333292663097 1
      vertex 16.832679390907288 12.066984057426453 1
    endloop
  endfacet
  facet normal 0 0 1
    outer loop
      vertex 15.969086803495884 11.918251901865005 1
      vertex 16.832679390907288 12.066984057426453 1
      vertex 16.839091166853905 12.08692080527544 1
    endloop
  endfacet
  facet normal 0 0 1
    outer loop
      vertex 15.969086803495884 11.918251901865005 1
      vertex 16.839091166853905 12.08692080527544 1
      vertex 16.844662457704544 12.107108563184738 1
    endloop
  endfacet
  facet normal 0 0 1
    outer loop
      vertex 15.969086803495884 11.918251901865005 1
      vertex 16.844662457704544 12.107108563184738 1
      vertex 16.849383480846882 12.12751192599535 1
    endloop
  endfacet
  facet normal 0 0 1
    outer loop
      vertex 15.969086803495884 11.918251901865005 1
      vertex 16.849383480846882 12.12751192599535 1
      vertex 16.853245966136456 12.148095071315765 1
    endloop
  endfacet
  facet normal 0 0 1
    outer loop
      vertex 15.969086803495884 11.918251901865005 1
      vertex 16.853245966136456 12.148095071315765 1
      vertex 16.85624312609434 12.168821915984154 1
    endloop
  endfacet
  facet normal 0 0 1
    outer loop
      vertex 15.969086803495884 11.918251901865005 1
      vertex 16.85624312609434 12.168821915984154 1
      vertex 16.85836970806122 12.18965607881546 1
    endloop
  endfacet
  facet normal 0 0 1
    outer loop
      vertex 15.969086803495884 11.918251901865005 1
      vertex 16.85836970806122 12.18965607881546 1
      vertex 16.859621979296207 12.210561029613018 1
    endloop
  endfacet
  facet normal 0 0 1
    outer loop
      vertex 15.969086803495884 11.918251901865005 1
      vertex 16.859621979296207 12.210561029613018 1
      vertex 16.859997749328613 12.231500081717968 1
    endloop
  endfacet
  facet normal 0 0 1
    outer loop
      vertex 15.969086803495884 11.918251901865005 1
      vertex 16.859997749328613 12.231500081717968 1
      vertex 16.859496347606182 12.252436488866806 1
    endloop
  endfacet
  facet normal 0 0 1
    outer loop
      vertex 15.969086803495884 11.918251901865005 1
      vertex 16.859496347606182 12.252436488866806 1
      vertex 16.858118660748005 12.273333549499512 1
    endloop
  endfacet
  facet normal 0 0 1
    outer loop
      vertex 15.969086803495884 11.918251901865005 1
      vertex 16.858118660748005 12.273333549499512 1
      vertex 16.855867110192776 12.294154584407806 1
    endloop
  endfacet
  facet normal 0 0 1
    outer loop
      vertex 15.969086803495884 11.918251901865005 1
      vertex 16.855867110192776 12.294154584407806 1
      vertex 16.85274563729763 12.314863070845604 1
    endloop
  endfacet
  facet normal 0 0 1
    outer loop
      vertex 15.969086803495884 11.918251901865005 1
      vertex 16.85274563729763 12.314863070845604 1
      vertex 16.848759718239307 12.335422672331333 1
    endloop
  endfacet
  facet normal 0 0 1
    outer loop
      vertex 15.969086803495884 11.918251901865005 1
      vertex 16.848759718239307 12.335422672331333 1
      vertex 16.843916349112988 12.355797335505486 1
    endloop
  endfacet
  facet normal 0 0 1
    outer loop
      vertex 15.969086803495884 11.918251901865005 1
      vertex 16.843916349112988 12.355797335505486 1
      vertex 16.83822403103113 12.375951297581196 1
    endloop
  endfacet
  facet normal 0 0 1
    outer loop
      vertex 15.969086803495884 11.918251901865005 1
      vertex 16.83822403103113 12.375951297581196 1
      vertex 16.83169273287058 12.395849220454693 1
    endloop
  endfacet
  facet normal 0 0 1
    outer loop
      vertex 15.969086803495884 11.918251901865005 1
      vertex 16.83169273287058 12.395849220454693 1
      vertex 16.82433393597603 12.415456183254719 1
    endloop
  endfacet
  facet normal 0 0 1
    outer loop
      vertex 15.969086803495884 11.918251901865005 1
      vertex 16.82433393597603 12.415456183254719 1
      vertex 16.816160537302494 12.434737794101238 1
    endloop
  endfacet
  facet normal 0 0 1
    outer loop
      vertex 15.969086803495884 11.918251901865005 1
      vertex 16.816160537302494 12.434737794101238 1
      vertex 16.807186871767044 12.453660227358341 1
    endloop
  endfacet
  facet normal 0 0 1
    outer loop
      vertex 15.969086803495884 11.918251901865005 1
      vertex 16.807186871767044 12.453660227358341 1
      vertex 16.79742869734764 12.472190283238888 1
    endloop
  endfacet
  facet normal 0 0 1
    outer loop
      vertex 15.969086803495884 11.918251901865005 1
      vertex 16.79742869734764 12.472190283238888 1
      vertex 16.786903128027916 12.490295454859734 1
    endloop
  endfacet
  facet normal 0 0 1
    outer loop
      vertex 15.969086803495884 11.918251901865005 1
      vertex 16.786903128027916 12.490295454859734 1
      vertex 16.775628618896008 12.507943980395794 1
    endloop
  endfacet
  facet normal 0 0 1
    outer loop
      vertex 15.969086803495884 11.918251901865005 1
      vertex 16.775628618896008 12.507943980395794 1
      vertex 16.7636249512434 12.525104887783527 1
    endloop
  endfacet
  facet normal 0 0 1
    outer loop
      vertex 15.969086803495884 11.918251901865005 1
      vertex 16.7636249512434 12.525104887783527 1
      vertex 16.750913195312023 12.541748091578484 1
    endloop
  endfacet
  facet normal 0 0 1
    outer loop
      vertex 15.765402145683765 12.173660106956959 1
      vertex 15.969086803495884 11.918251901865005 1
      vertex 16.750913195312023 12.541748091578484 1
    endloop
  endfacet
  facet normal 0 0 1
    outer loop
      vertex 15.765402145683765 12.173660106956959 1
      vertex 16.750913195312023 12.541748091578484 1
      vertex 16.5460659340024 12.798614129424095 1
    endloop
  endfacet
  facet normal 0 0 1
    outer loop
      vertex 15.765402145683765 12.173660106956959 1
      vertex 16.5460659340024 12.798614129424095 1
      vertex 16.543730318546295 12.80152054131031 1
    endloop
  endfacet
  facet normal 0 0 1
    outer loop
      vertex 15.566696271300316 12.419048763811588 1
      vertex 15.765402145683765 12.173660106956959 1
      vertex 16.543730318546295 12.80152054131031 1
    endloop
  endfacet
  facet normal 0 0 1
    outer loop
      vertex 15.566696271300316 12.419048763811588 1
      vertex 16.543730318546295 12.80152054131031 1
      vertex 16.3425827100873 13.049924597144127 1
    endloop
  endfacet
  facet normal 0 0 1
    outer loop
      vertex 15.566696271300316 12.419048763811588 1
      vertex 16.3425827100873 13.049924597144127 1
      vertex 16.340032033622265 13.0530486702919 1
    endloop
  endfacet
  facet normal 0 0 1
    outer loop
      vertex 15.566696271300316 12.419048763811588 1
      vertex 16.340032033622265 13.0530486702919 1
      vertex 16.34003160893917 13.0530491694808 1
    endloop
  endfacet
  facet normal 0 0 1
    outer loop
      vertex 15.371851563453674 12.655739657580853 1
      vertex 15.566696271300316 12.419048763811588 1
      vertex 16.34003160893917 13.0530491694808 1
    endloop
  endfacet
  facet normal 0 0 1
    outer loop
      vertex 15.371851563453674 12.655739657580853 1
      vertex 16.34003160893917 13.0530491694808 1
      vertex 16.14251947402954 13.29298036545515 1
    endloop
  endfacet
  facet normal 0 0 1
    outer loop
      vertex 15.180824533104897 12.883709900081158 1
      vertex 15.371851563453674 12.655739657580853 1
      vertex 16.14251947402954 13.29298036545515 1
    endloop
  endfacet
  facet normal 0 0 1
    outer loop
      vertex 15.180824533104897 12.883709900081158 1
      vertex 16.14251947402954 13.29298036545515 1
      vertex 16.142519064247608 13.292980879545212 1
    endloop
  endfacet
  facet normal 0 0 1
    outer loop
      vertex 15.180824533104897 12.883709900081158 1
      vertex 16.142519064247608 13.292980879545212 1
      vertex 16.139731772243977 13.296336844563484 1
    endloop
  endfacet
  facet normal 0 0 1
    outer loop
      vertex 15.180824533104897 12.883709900081158 1
      vertex 16.139731772243977 13.296336844563484 1
      vertex 15.945788852870464 13.527786880731583 1
    endloop
  endfacet
  facet normal 0 0 1
    outer loop
      vertex 14.993577301502228 13.10293247550726 1
      vertex 15.180824533104897 12.883709900081158 1
      vertex 15.945788852870464 13.527786880731583 1
    endloop
  endfacet
  facet normal 0 0 1
    outer loop
      vertex 14.993577301502228 13.10293247550726 1
      vertex 15.945788852870464 13.527786880731583 1
      vertex 15.945788443088531 13.527787387371063 1
    endloop
  endfacet
  facet normal 0 0 1
    outer loop
      vertex 14.993577301502228 13.10293247550726 1
      vertex 15.945788443088531 13.527787387371063 1
      vertex 15.94274028390646 13.531390361487865 1
    endloop
  endfacet
  facet normal 0 0 1
    outer loop
      vertex 14.993577301502228 13.10293247550726 1
      vertex 15.94274028390646 13.531390361487865 1
      vertex 15.942739851772785 13.531390845775604 1
    endloop
  endfacet
  facet normal 0 0 1
    outer loop
      vertex 14.993577301502228 13.10293247550726 1
      vertex 15.942739851772785 13.531390845775604 1
      vertex 15.752301588654518 13.754349380731583 1
    endloop
  endfacet
  facet normal 0 0 1
    outer loop
      vertex 14.993577301502228 13.10293247550726 1
      vertex 15.752301588654518 13.754349380731583 1
      vertex 15.748965196311474 13.758215352892876 1
    endloop
  endfacet
  facet normal 0 0 1
    outer loop
      vertex 14.810072593390942 13.31338269263506 1
      vertex 14.993577301502228 13.10293247550726 1
      vertex 15.748965196311474 13.758215352892876 1
    endloop
  endfacet
  facet normal 0 0 1
    outer loop
      vertex 14.810072593390942 13.31338269263506 1
      vertex 15.748965196311474 13.758215352892876 1
      vertex 15.561966501176357 13.97267259657383 1
    endloop
  endfacet
  facet normal 0 0 1
    outer loop
      vertex 14.630278795957565 13.515032887458801 1
      vertex 14.810072593390942 13.31338269263506 1
      vertex 15.561966501176357 13.97267259657383 1
    endloop
  endfacet
  facet normal 0 0 1
    outer loop
      vertex 14.630278795957565 13.515032887458801 1
      vertex 15.561966501176357 13.97267259657383 1
      vertex 15.561966143548489 13.972673028707504 1
    endloop
  endfacet
  facet normal 0 0 1
    outer loop
      vertex 14.630278795957565 13.515032887458801 1
      vertex 15.561966143548489 13.972673028707504 1
      vertex 15.558310613036156 13.976818844676018 1
    endloop
  endfacet
  facet normal 0 0 1
    outer loop
      vertex 14.630278795957565 13.515032887458801 1
      vertex 15.558310613036156 13.976818844676018 1
      vertex 15.374686613678932 14.182764820754528 1
    endloop
  endfacet
  facet normal 0 0 1
    outer loop
      vertex 14.45416846126318 13.707854881882668 1
      vertex 14.630278795957565 13.515032887458801 1
      vertex 15.374686613678932 14.182764820754528 1
    endloop
  endfacet
  facet normal 0 0 1
    outer loop
      vertex 14.45416846126318 13.707854881882668 1
      vertex 15.374686613678932 14.182764820754528 1
      vertex 15.374686196446419 14.182765305042267 1
    endloop
  endfacet
  facet normal 0 0 1
    outer loop
      vertex 14.45416846126318 13.707854881882668 1
      vertex 15.374686196446419 14.182765305042267 1
      vertex 15.370676524937153 14.187208577990532 1
    endloop
  endfacet
  facet normal 0 0 1
    outer loop
      vertex 14.45416846126318 13.707854881882668 1
      vertex 15.370676524937153 14.187208577990532 1
      vertex 15.190361730754375 14.384634003043175 1
    endloop
  endfacet
  facet normal 0 0 1
    outer loop
      vertex 14.45416846126318 13.707854881882668 1
      vertex 15.190361730754375 14.384634003043175 1
      vertex 15.18595827370882 14.389392986893654 1
    endloop
  endfacet
  facet normal 0 0 1
    outer loop
      vertex 14.281718507409096 13.891820684075356 1
      vertex 14.45416846126318 13.707854881882668 1
      vertex 15.18595827370882 14.389392986893654 1
    endloop
  endfacet
  facet normal 0 0 1
    outer loop
      vertex 14.281718507409096 13.891820684075356 1
      vertex 15.18595827370882 14.389392986893654 1
      vertex 15.00888853520155 14.578287065029144 1
    endloop
  endfacet
  facet normal 0 0 1
    outer loop
      vertex 14.112912096083164 14.066901408135891 1
      vertex 14.281718507409096 13.891820684075356 1
      vertex 15.00888853520155 14.578287065029144 1
    endloop
  endfacet
  facet normal 0 0 1
    outer loop
      vertex 14.112912096083164 14.066901408135891 1
      vertex 15.00888853520155 14.578287065029144 1
      vertex 15.008888117969036 14.578287526965141 1
    endloop
  endfacet
  facet normal 0 0 1
    outer loop
      vertex 14.112912096083164 14.066901408135891 1
      vertex 15.008888117969036 14.578287526965141 1
      vertex 15.004045873880386 14.583380907773972 1
    endloop
  endfacet
  facet normal 0 0 1
    outer loop
      vertex 14.112912096083164 14.066901408135891 1
      vertex 15.004045873880386 14.583380907773972 1
      vertex 15.004045456647873 14.583381325006485 1
    endloop
  endfacet
  facet normal 0 0 1
    outer loop
      vertex 14.112912096083164 14.066901408135891 1
      vertex 15.004045456647873 14.583381325006485 1
      vertex 14.830155335366726 14.763734720647335 1
    endloop
  endfacet
  facet normal 0 0 1
    outer loop
      vertex 14.112912096083164 14.066901408135891 1
      vertex 14.830155335366726 14.763734720647335 1
      vertex 14.824823223054409 14.769181318581104 1
    endloop
  endfacet
  facet normal 0 0 1
    outer loop
      vertex 14.112912096083164 14.066901408135891 1
      vertex 14.824823223054409 14.769181318581104 1
      vertex 14.654047317802906 14.940984562039375 1
    endloop
  endfacet
  facet normal 0 0 1
    outer loop
      vertex 13.94773917645216 14.233067937195301 1
      vertex 14.112912096083164 14.066901408135891 1
      vertex 14.654047317802906 14.940984562039375 1
    endloop
  endfacet
  facet normal 0 0 1
    outer loop
      vertex 13.94773917645216 14.233067937195301 1
      vertex 14.654047317802906 14.940984562039375 1
      vertex 14.64816728234291 14.946802906692028 1
    endloop
  endfacet
  facet normal 0 0 1
    outer loop
      vertex 13.94773917645216 14.233067937195301 1
      vertex 14.64816728234291 14.946802906692028 1
      vertex 14.480440989136696 15.110045745968819 1
    endloop
  endfacet
  facet normal 0 0 1
    outer loop
      vertex 13.786196045577526 14.390292912721634 1
      vertex 13.94773917645216 14.233067937195301 1
      vertex 14.480440989136696 15.110045745968819 1
    endloop
  endfacet
  facet normal 0 0 1
    outer loop
      vertex 13.786196045577526 14.390292912721634 1
      vertex 14.480440989136696 15.110045745968819 1
      vertex 14.47394710034132 15.116253428161144 1
    endloop
  endfacet
  facet normal 0 0 1
    outer loop
      vertex 13.786196045577526 14.390292912721634 1
      vertex 14.47394710034132 15.116253428161144 1
      vertex 14.309205427765846 15.270926013588905 1
    endloop
  endfacet
  facet normal 0 0 1
    outer loop
      vertex 13.62828814983368 14.538549400866032 1
      vertex 13.786196045577526 14.390292912721634 1
      vertex 14.309205427765846 15.270926013588905 1
    endloop
  endfacet
  facet normal 0 0 1
    outer loop
      vertex 13.62828814983368 14.538549400866032 1
      vertex 14.309205427765846 15.270926013588905 1
      vertex 14.302022822201252 15.277538858354092 1
    endloop
  endfacet
  facet normal 0 0 1
    outer loop
      vertex 13.62828814983368 14.538549400866032 1
      vertex 14.302022822201252 15.277538858354092 1
      vertex 14.140200778841972 15.423631355166435 1
    endloop
  endfacet
  facet normal 0 0 1
    outer loop
      vertex 13.474030695855618 14.677812598645687 1
      vertex 13.62828814983368 14.538549400866032 1
      vertex 14.140200778841972 15.423631355166435 1
    endloop
  endfacet
  facet normal 0 0 1
    outer loop
      vertex 13.474030695855618 14.677812598645687 1
      vertex 14.140200778841972 15.423631355166435 1
      vertex 14.132244646549225 15.430662252008915 1
    endloop
  endfacet
  facet normal 0 0 1
    outer loop
      vertex 13.474030695855618 14.677812598645687 1
      vertex 14.132244646549225 15.430662252008915 1
      vertex 13.97327720373869 15.568164810538292 1
    endloop
  endfacet
  facet normal 0 0 1
    outer loop
      vertex 13.323448032140732 14.808062553405762 1
      vertex 13.474030695855618 14.677812598645687 1
      vertex 13.97327720373869 15.568164810538292 1
    endloop
  endfacet
  facet normal 0 0 1
    outer loop
      vertex 13.323448032140732 14.808062553405762 1
      vertex 13.97327720373869 15.568164810538292 1
      vertex 13.964451670646667 15.575622133910656 1
    endloop
  endfacet
  facet normal 0 0 1
    outer loop
      vertex 13.323448032140732 14.808062553405762 1
      vertex 13.964451670646667 15.575622133910656 1
      vertex 13.80827384442091 15.704524911940098 1
    endloop
  endfacet
  facet normal 0 0 1
    outer loop
      vertex 13.176578089594841 14.929282985627651 1
      vertex 13.323448032140732 14.808062553405762 1
      vertex 13.80827384442091 15.704524911940098 1
    endloop
  endfacet
  facet normal 0 0 1
    outer loop
      vertex 13.176578089594841 14.929282985627651 1
      vertex 13.80827384442091 15.704524911940098 1
      vertex 13.79847102612257 15.712410524487495 1
    endloop
  endfacet
  facet normal 0 0 1
    outer loop
      vertex 13.176578089594841 14.929282985627651 1
      vertex 13.79847102612257 15.712410524487495 1
      vertex 13.645017825067043 15.832703687250614 1
    endloop
  endfacet
  facet normal 0 0 1
    outer loop
      vertex 13.033469140529633 15.041467197239399 1
      vertex 13.176578089594841 14.929282985627651 1
      vertex 13.645017825067043 15.832703687250614 1
    endloop
  endfacet
  facet normal 0 0 1
    outer loop
      vertex 13.033469140529633 15.041467197239399 1
      vertex 13.645017825067043 15.832703687250614 1
      vertex 13.63411708176136 15.841010212898254 1
    endloop
  endfacet
  facet normal 0 0 1
    outer loop
      vertex 13.033469140529633 15.041467197239399 1
      vertex 13.63411708176136 15.841010212898254 1
      vertex 13.634116664528847 15.841010510921478 1
    endloop
  endfacet
  facet normal 0 0 1
    outer loop
      vertex 13.033469140529633 15.041467197239399 1
      vertex 13.634116664528847 15.841010510921478 1
      vertex 13.483323872089386 15.952683597803116 1
    endloop
  endfacet
  facet normal 0 0 1
    outer loop
      vertex 12.894183970987797 15.144618049263954 1
      vertex 13.033469140529633 15.041467197239399 1
      vertex 13.483323872089386 15.952683597803116 1
    endloop
  endfacet
  facet normal 0 0 1
    outer loop
      vertex 12.75879780203104 15.238753542304039 1
      vertex 12.894183970987797 15.144618049263954 1
      vertex 13.483323872089386 15.952683597803116 1
    endloop
  endfacet
  facet normal 0 0 1
    outer loop
      vertex 12.75879780203104 15.238753542304039 1
      vertex 13.483323872089386 15.952683597803116 1
      vertex 13.483323469758034 15.952683910727501 1
    endloop
  endfacet
  facet normal 0 0 1
    outer loop
      vertex 12.75879780203104 15.238753542304039 1
      vertex 13.483323469758034 15.952683910727501 1
      vertex 13.471191018819809 15.961391352117062 1
    endloop
  endfacet
  facet normal 0 0 1
    outer loop
      vertex 12.75879780203104 15.238753542304039 1
      vertex 13.471191018819809 15.961391352117062 1
      vertex 13.322992011904716 16.06443575769663 1
    endloop
  endfacet
  facet normal 0 0 1
    outer loop
      vertex 12.75879780203104 15.238753542304039 1
      vertex 13.322992011904716 16.06443575769663 1
      vertex 13.309481404721737 16.07350727915764 1
    endloop
  endfacet
  facet normal 0 0 1
    outer loop
      vertex 12.75879780203104 15.238753542304039 1
      vertex 13.309481404721737 16.07350727915764 1
      vertex 13.16381200402975 16.167912527918816 1
    endloop
  endfacet
  facet normal 0 0 1
    outer loop
      vertex 12.627397656440735 15.323911182582378 1
      vertex 12.75879780203104 15.238753542304039 1
      vertex 13.16381200402975 16.167912527918816 1
    endloop
  endfacet
  facet normal 0 0 1
    outer loop
      vertex 12.627397656440735 15.323911182582378 1
      vertex 13.16381200402975 16.167912527918816 1
      vertex 13.148765563964844 16.177289254963398 1
    endloop
  endfacet
  facet normal 0 0 1
    outer loop
      vertex 12.627397656440735 15.323911182582378 1
      vertex 13.148765563964844 16.177289254963398 1
      vertex 13.005561381578445 16.263045132160187 1
    endloop
  endfacet
  facet normal 0 0 1
    outer loop
      vertex 12.500080540776253 15.400153324007988 1
      vertex 12.627397656440735 15.323911182582378 1
      vertex 13.005561381578445 16.263045132160187 1
    endloop
  endfacet
  facet normal 0 0 1
    outer loop
      vertex 12.376948773860931 15.4675737246871 1
      vertex 12.500080540776253 15.400153324007988 1
      vertex 13.005561381578445 16.263045132160187 1
    endloop
  endfacet
  facet normal 0 0 1
    outer loop
      vertex 12.376948773860931 15.4675737246871 1
      vertex 13.005561381578445 16.263045132160187 1
      vertex 13.005560763180256 16.263045519590378 1
    endloop
  endfacet
  facet normal 0 0 1
    outer loop
      vertex 12.376948773860931 15.4675737246871 1
      vertex 13.005560763180256 16.263045519590378 1
      vertex 12.988812886178493 16.272640511393547 1
    endloop
  endfacet
  facet normal 0 0 1
    outer loop
      vertex 12.376948773860931 15.4675737246871 1
      vertex 12.988812886178493 16.272640511393547 1
      vertex 12.98881222307682 16.272640861570835 1
    endloop
  endfacet
  facet normal 0 0 1
    outer loop
      vertex 12.376948773860931 15.4675737246871 1
      vertex 12.98881222307682 16.272640861570835 1
      vertex 12.848007678985596 16.34973794221878 1
    endloop
  endfacet
  facet normal 0 0 1
    outer loop
      vertex 12.376948773860931 15.4675737246871 1
      vertex 12.848007678985596 16.34973794221878 1
      vertex 12.838749893009663 16.354681432247162 1
    endloop
  endfacet
  facet normal 0 0 1
    outer loop
      vertex 12.376948773860931 15.4675737246871 1
      vertex 12.838749893009663 16.354681432247162 1
      vertex 12.82939038425684 16.35942953824997 1
    endloop
  endfacet
  facet normal 0 0 1
    outer loop
      vertex 12.376948773860931 15.4675737246871 1
      vertex 12.82939038425684 16.35942953824997 1
      vertex 12.690919771790504 16.42785830050707 1
    endloop
  endfacet
  facet normal 0 0 1
    outer loop
      vertex 12.25810293853283 15.52630440890789 1
      vertex 12.376948773860931 15.4675737246871 1
      vertex 12.690919771790504 16.42785830050707 1
    endloop
  endfacet
  facet normal 0 0 1
    outer loop
      vertex 12.25810293853283 15.52630440890789 1
      vertex 12.690919771790504 16.42785830050707 1
      vertex 12.680650435388088 16.43278841674328 1
    endloop
  endfacet
  facet normal 0 0 1
    outer loop
      vertex 12.25810293853283 15.52630440890789 1
      vertex 12.680650435388088 16.43278841674328 1
      vertex 12.670271441340446 16.4374832957983 1
    endloop
  endfacet
  facet normal 0 0 1
    outer loop
      vertex 12.25810293853283 15.52630440890789 1
      vertex 12.670271441340446 16.4374832957983 1
      vertex 12.670270718634129 16.437483601272106 1
    endloop
  endfacet
  facet normal 0 0 1
    outer loop
      vertex 12.25810293853283 15.52630440890789 1
      vertex 12.670270718634129 16.437483601272106 1
      vertex 12.534071125090122 16.497233226895332 1
    endloop
  endfacet
  facet normal 0 0 1
    outer loop
      vertex 12.14363145828247 15.576522089540958 1
      vertex 12.25810293853283 15.52630440890789 1
      vertex 12.534071125090122 16.497233226895332 1
    endloop
  endfacet
  facet normal 0 0 1
    outer loop
      vertex 12.14363145828247 15.576522089540958 1
      vertex 12.534071125090122 16.497233226895332 1
      vertex 12.534070417284966 16.497233547270298 1
    endloop
  endfacet
  facet normal 0 0 1
    outer loop
      vertex 12.14363145828247 15.576522089540958 1
      vertex 12.534070417284966 16.497233547270298 1
      vertex 12.52271705120802 16.50204810500145 1
    endloop
  endfacet
  facet normal 0 0 1
    outer loop
      vertex 12.14363145828247 15.576522089540958 1
      vertex 12.52271705120802 16.50204810500145 1
      vertex 12.511248402297497 16.50658119469881 1
    endloop
  endfacet
  facet normal 0 0 1
    outer loop
      vertex 12.14363145828247 15.576522089540958 1
      vertex 12.511248402297497 16.50658119469881 1
      vertex 12.377251975238323 16.557643085718155 1
    endloop
  endfacet
  facet normal 0 0 1
    outer loop
      vertex 12.033595368266106 15.618453435599804 1
      vertex 12.14363145828247 15.576522089540958 1
      vertex 12.377251975238323 16.557643085718155 1
    endloop
  endfacet
  facet normal 0 0 1
    outer loop
      vertex 12.033595368266106 15.618453435599804 1
      vertex 12.377251975238323 16.557643085718155 1
      vertex 12.364759370684624 16.562214255332947 1
    endloop
  endfacet
  facet normal 0 0 1
    outer loop
      vertex 12.033595368266106 15.618453435599804 1
      vertex 12.364759370684624 16.562214255332947 1
      vertex 12.352149583399296 16.566451475024223 1
    endloop
  endfacet
  facet normal 0 0 1
    outer loop
      vertex 12.033595368266106 15.618453435599804 1
      vertex 12.352149583399296 16.566451475024223 1
      vertex 12.22029273957014 16.608815170824528 1
    endloop
  endfacet
  facet normal 0 0 1
    outer loop
      vertex 11.928009510040283 15.652376651763916 1
      vertex 12.033595368266106 15.618453435599804 1
      vertex 12.22029273957014 16.608815170824528 1
    endloop
  endfacet
  facet normal 0 0 1
    outer loop
      vertex 11.928009510040283 15.652376651763916 1
      vertex 12.22029273957014 16.608815170824528 1
      vertex 12.206633359193802 16.612989462912083 1
    endloop
  endfacet
  facet normal 0 0 1
    outer loop
      vertex 11.928009510040283 15.652376651763916 1
      vertex 12.206633359193802 16.612989462912083 1
      vertex 12.192860320210457 16.616771891713142 1
    endloop
  endfacet
  facet normal 0 0 1
    outer loop
      vertex 11.928009510040283 15.652376651763916 1
      vertex 12.192860320210457 16.616771891713142 1
      vertex 12.063078068196774 16.65042755752802 1
    endloop
  endfacet
  facet normal 0 0 1
    outer loop
      vertex 11.826819702982903 15.678617604076862 1
      vertex 11.928009510040283 15.652376651763916 1
      vertex 12.063078068196774 16.65042755752802 1
    endloop
  endfacet
  facet normal 0 0 1
    outer loop
      vertex 11.826819702982903 15.678617604076862 1
      vertex 12.063078068196774 16.65042755752802 1
      vertex 12.04826395958662 16.654029101133347 1
    endloop
  endfacet
  facet normal 0 0 1
    outer loop
      vertex 11.826819702982903 15.678617604076862 1
      vertex 12.04826395958662 16.654029101133347 1
      vertex 12.033346936106682 16.657177314162254 1
    endloop
  endfacet
  facet normal 0 0 1
    outer loop
      vertex 11.826819702982903 15.678617604076862 1
      vertex 12.033346936106682 16.657177314162254 1
      vertex 11.905574262142181 16.682115092873573 1
    endloop
  endfacet
  facet normal 0 0 1
    outer loop
      vertex 11.729879029095173 15.697537809610367 1
      vertex 11.826819702982903 15.678617604076862 1
      vertex 11.905574262142181 16.682115092873573 1
    endloop
  endfacet
  facet normal 0 0 1
    outer loop
      vertex 11.729879029095173 15.697537809610367 1
      vertex 11.905574262142181 16.682115092873573 1
      vertex 11.889669075608253 16.684953399002552 1
    endloop
  endfacet
  facet normal 0 0 1
    outer loop
      vertex 11.729879029095173 15.697537809610367 1
      vertex 11.889669075608253 16.684953399002552 1
      vertex 11.873680487275124 16.68727634847164 1
    endloop
  endfacet
  facet normal 0 0 1
    outer loop
      vertex 11.729879029095173 15.697537809610367 1
      vertex 11.873680487275124 16.68727634847164 1
      vertex 11.747852392494678 16.703486412763596 1
    endloop
  endfacet
  facet normal 0 0 1
    outer loop
      vertex 11.636925332248211 15.709512755274773 1
      vertex 11.729879029095173 15.697537809610367 1
      vertex 11.747852392494678 16.703486412763596 1
    endloop
  endfacet
  facet normal 0 0 1
    outer loop
      vertex 11.636925332248211 15.709512755274773 1
      vertex 11.747852392494678 16.703486412763596 1
      vertex 11.730981171131134 16.70536931604147 1
    endloop
  endfacet
  facet normal 0 0 1
    outer loop
      vertex 11.636925332248211 15.709512755274773 1
      vertex 11.730981171131134 16.70536931604147 1
      vertex 11.714055746793747 16.70667841285467 1
    endloop
  endfacet
  facet normal 0 0 1
    outer loop
      vertex 11.636925332248211 15.709512755274773 1
      vertex 11.714055746793747 16.70667841285467 1
      vertex 11.714054889976978 16.706678450107574 1
    endloop
  endfacet
  facet normal 0 0 1
    outer loop
      vertex 11.636925332248211 15.709512755274773 1
      vertex 11.714054889976978 16.706678450107574 1
      vertex 11.590107224881649 16.71415090560913 1
    endloop
  endfacet
  facet normal 0 0 1
    outer loop
      vertex 11.547567807137966 15.714899860322475 1
      vertex 11.636925332248211 15.709512755274773 1
      vertex 11.590107224881649 16.71415090560913 1
    endloop
  endfacet
  facet normal 0 0 1
    outer loop
      vertex 11.547567807137966 15.714899860322475 1
      vertex 11.590107224881649 16.71415090560913 1
      vertex 11.572461016476154 16.714902222156525 1
    endloop
  endfacet
  facet normal 0 0 1
    outer loop
      vertex 11.547567807137966 15.714899860322475 1
      vertex 11.572461016476154 16.714902222156525 1
      vertex 11.554799288511276 16.715029828250408 1
    endloop
  endfacet
  facet normal 0 0 1
    outer loop
      vertex 11.547567807137966 15.714899860322475 1
      vertex 11.554799288511276 16.715029828250408 1
      vertex 11.432665340602398 16.713754922151566 1
    endloop
  endfacet
  facet normal 0 0 1
    outer loop
      vertex 11.46128635108471 15.713999196887016 1
      vertex 11.547567807137966 15.714899860322475 1
      vertex 11.432665340602398 16.713754922151566 1
    endloop
  endfacet
  facet normal 0 0 1
    outer loop
      vertex 11.46128635108471 15.713999196887016 1
      vertex 11.432665340602398 16.713754922151566 1
      vertex 11.414497770369053 16.713234931230545 1
    endloop
  endfacet
  facet normal 0 0 1
    outer loop
      vertex 11.46128635108471 15.713999196887016 1
      vertex 11.414497770369053 16.713234931230545 1
      vertex 11.396361105144024 16.71205499768257 1
    endloop
  endfacet
  facet normal 0 0 1
    outer loop
      vertex 11.46128635108471 15.713999196887016 1
      vertex 11.396361105144024 16.71205499768257 1
      vertex 11.396360255777836 16.712054915726185 1
    endloop
  endfacet
  facet normal 0 0 1
    outer loop
      vertex 11.46128635108471 15.713999196887016 1
      vertex 11.396360255777836 16.712054915726185 1
      vertex 11.275976739823818 16.702022835612297 1
    endloop
  endfacet
  facet normal 0 0 1
    outer loop
      vertex 11.377450197935104 15.707012757658958 1
      vertex 11.46128635108471 15.713999196887016 1
      vertex 11.275976739823818 16.702022835612297 1
    endloop
  endfacet
  facet normal 0 0 1
    outer loop
      vertex 11.377450197935104 15.707012757658958 1
      vertex 11.275976739823818 16.702022835612297 1
      vertex 11.257590763270855 16.70014790445566 1
    endloop
  endfacet
  facet normal 0 0 1
    outer loop
      vertex 11.377450197935104 15.707012757658958 1
      vertex 11.257590763270855 16.70014790445566 1
      vertex 11.239286631345749 16.69759477674961 1
    endloop
  endfacet
  facet normal 0 0 1
    outer loop
      vertex 11.377450197935104 15.707012757658958 1
      vertex 11.239286631345749 16.69759477674961 1
      vertex 11.120586834847927 16.678795538842678 1
    endloop
  endfacet
  facet normal 0 0 1
    outer loop
      vertex 11.295354656875134 15.694010764360428 1
      vertex 11.377450197935104 15.707012757658958 1
      vertex 11.120586834847927 16.678795538842678 1
    endloop
  endfacet
  facet normal 0 0 1
    outer loop
      vertex 11.295354656875134 15.694010764360428 1
      vertex 11.120586834847927 16.678795538842678 1
      vertex 11.10231228172779 16.675552509725094 1
    endloop
  endfacet
  facet normal 0 0 1
    outer loop
      vertex 11.295354656875134 15.694010764360428 1
      vertex 11.10231228172779 16.675552509725094 1
      vertex 11.084170684218407 16.67163348197937 1
    endloop
  endfacet
  facet normal 0 0 1
    outer loop
      vertex 11.295354656875134 15.694010764360428 1
      vertex 11.084170684218407 16.67163348197937 1
      vertex 11.084169685840607 16.67163323611021 1
    endloop
  endfacet
  facet normal 0 0 1
    outer loop
      vertex 11.295354656875134 15.694010764360428 1
      vertex 11.084169685840607 16.67163323611021 1
      vertex 10.96709107607603 16.64405743777752 1
    endloop
  endfacet
  facet normal 0 0 1
    outer loop
      vertex 11.214274026453495 15.67491365224123 1
      vertex 11.295354656875134 15.694010764360428 1
      vertex 10.96709107607603 16.64405743777752 1
    endloop
  endfacet
  facet normal 0 0 1
    outer loop
      vertex 11.214274026453495 15.67491365224123 1
      vertex 10.96709107607603 16.64405743777752 1
      vertex 10.967090457677841 16.64405730366707 1
    endloop
  endfacet
  facet normal 0 0 1
    outer loop
      vertex 11.214274026453495 15.67491365224123 1
      vertex 10.967090457677841 16.64405730366707 1
      vertex 10.949255712330341 16.639508605003357 1
    endloop
  endfacet
  facet normal 0 0 1
    outer loop
      vertex 11.214274026453495 15.67491365224123 1
      vertex 10.949255712330341 16.639508605003357 1
      vertex 10.931600466370583 16.634306579828262 1
    endloop
  endfacet
  facet normal 0 0 1
    outer loop
      vertex 11.214274026453495 15.67491365224123 1
      vertex 10.931600466370583 16.634306579828262 1
      vertex 10.93159992992878 16.634306401014328 1
    endloop
  endfacet
  facet normal 0 0 1
    outer loop
      vertex 11.214274026453495 15.67491365224123 1
      vertex 10.93159992992878 16.634306401014328 1
      vertex 10.816075816750526 16.59794393181801 1
    endloop
  endfacet
  facet normal 0 0 1
    outer loop
      vertex 11.13351932913065 15.649495236575603 1
      vertex 11.214274026453495 15.67491365224123 1
      vertex 10.816075816750526 16.59794393181801 1
    endloop
  endfacet
  facet normal 0 0 1
    outer loop
      vertex 11.13351932913065 15.649495236575603 1
      vertex 10.816075816750526 16.59794393181801 1
      vertex 10.816074796020985 16.597943626344204 1
    endloop
  endfacet
  facet normal 0 0 1
    outer loop
      vertex 11.13351932913065 15.649495236575603 1
      vertex 10.816074796020985 16.597943626344204 1
      vertex 10.798977993428707 16.592221453785896 1
    endloop
  endfacet
  facet normal 0 0 1
    outer loop
      vertex 11.13351932913065 15.649495236575603 1
      vertex 10.798977993428707 16.592221453785896 1
      vertex 10.782098613679409 16.585886634886265 1
    endloop
  endfacet
  facet normal 0 0 1
    outer loop
      vertex 11.13351932913065 15.649495236575603 1
      vertex 10.782098613679409 16.585886634886265 1
      vertex 10.78209787607193 16.58588632941246 1
    endloop
  endfacet
  facet normal 0 0 1
    outer loop
      vertex 11.13351932913065 15.649495236575603 1
      vertex 10.78209787607193 16.58588632941246 1
      vertex 10.668062515556812 16.54072706401348 1
    endloop
  endfacet
  facet normal 0 0 1
    outer loop
      vertex 11.052490465342999 15.617406897246838 1
      vertex 11.13351932913065 15.649495236575603 1
      vertex 10.668062515556812 16.54072706401348 1
    endloop
  endfacet
  facet normal 0 0 1
    outer loop
      vertex 11.052490465342999 15.617406897246838 1
      vertex 10.668062515556812 16.54072706401348 1
      vertex 10.651948004961014 16.534017823636532 1
    endloop
  endfacet
  facet normal 0 0 1
    outer loop
      vertex 11.052490465342999 15.617406897246838 1
      vertex 10.651948004961014 16.534017823636532 1
      vertex 10.636077500879765 16.526750192046165 1
    endloop
  endfacet
  facet normal 0 0 1
    outer loop
      vertex 11.052490465342999 15.617406897246838 1
      vertex 10.636077500879765 16.526750192046165 1
      vertex 10.636076807975769 16.526749849319458 1
    endloop
  endfacet
  facet normal 0 0 1
    outer loop
      vertex 11.052490465342999 15.617406897246838 1
      vertex 10.636076807975769 16.526749849319458 1
      vertex 10.52346596121788 16.472784161567688 1
    endloop
  endfacet
  facet normal 0 0 1
    outer loop
      vertex 10.970712579786777 15.578217066824436 1
      vertex 11.052490465342999 15.617406897246838 1
      vertex 10.52346596121788 16.472784161567688 1
    endloop
  endfacet
  facet normal 0 0 1
    outer loop
      vertex 10.970712579786777 15.578217066824436 1
      vertex 10.52346596121788 16.472784161567688 1
      vertex 10.508510015904903 16.465306892991066 1
    endloop
  endfacet
  facet normal 0 0 1
    outer loop
      vertex 10.970712579786777 15.578217066824436 1
      vertex 10.508510015904903 16.465306892991066 1
      vertex 10.493812449276447 16.457333713769913 1
    endloop
  endfacet
  facet normal 0 0 1
    outer loop
      vertex 10.970712579786777 15.578217066824436 1
      vertex 10.493812449276447 16.457333713769913 1
      vertex 10.382560461759567 16.394551388919353 1
    endloop
  endfacet
  facet normal 0 0 1
    outer loop
      vertex 10.88785244524479 15.531456984579563 1
      vertex 10.970712579786777 15.578217066824436 1
      vertex 10.382560461759567 16.394551388919353 1
    endloop
  endfacet
  facet normal 0 0 1
    outer loop
      vertex 10.88785244524479 15.531456984579563 1
      vertex 10.382560461759567 16.394551388919353 1
      vertex 10.368867568671703 16.386535063385963 1
    endloop
  endfacet
  facet normal 0 0 1
    outer loop
      vertex 10.88785244524479 15.531456984579563 1
      vertex 10.368867568671703 16.386535063385963 1
      vertex 10.35543593019247 16.37808831036091 1
    endloop
  endfacet
  facet normal 0 0 1
    outer loop
      vertex 10.88785244524479 15.531456984579563 1
      vertex 10.35543593019247 16.37808831036091 1
      vertex 10.245478503406048 16.3064798489213 1
    endloop
  endfacet
  facet normal 0 0 1
    outer loop
      vertex 10.803715094923973 15.476663537323475 1
      vertex 10.88785244524479 15.531456984579563 1
      vertex 10.245478503406048 16.3064798489213 1
    endloop
  endfacet
  facet normal 0 0 1
    outer loop
      vertex 10.803715094923973 15.476663537323475 1
      vertex 10.245478503406048 16.3064798489213 1
      vertex 10.233086809515953 16.298143729567528 1
    endloop
  endfacet
  facet normal 0 0 1
    outer loop
      vertex 10.803715094923973 15.476663537323475 1
      vertex 10.233086809515953 16.298143729567528 1
      vertex 10.220949612557888 16.289441242814064 1
    endloop
  endfacet
  facet normal 0 0 1
    outer loop
      vertex 10.803715094923973 15.476663537323475 1
      vertex 10.220949612557888 16.289441242814064 1
      vertex 10.112221740186214 16.208996787667274 1
    endloop
  endfacet
  facet normal 0 0 1
    outer loop
      vertex 10.718224607408047 15.413411729037762 1
      vertex 10.803715094923973 15.476663537323475 1
      vertex 10.112221740186214 16.208996787667274 1
    endloop
  endfacet
  facet normal 0 0 1
    outer loop
      vertex 10.718224607408047 15.413411729037762 1
      vertex 10.112221740186214 16.208996787667274 1
      vertex 10.101114451885223 16.200536333024502 1
    endloop
  endfacet
  facet normal 0 0 1
    outer loop
      vertex 10.718224607408047 15.413411729037762 1
      vertex 10.101114451885223 16.200536333024502 1
      vertex 10.090247735381126 16.191769041121006 1
    endloop
  endfacet
  facet normal 0 0 1
    outer loop
      vertex 10.718224607408047 15.413411729037762 1
      vertex 10.090247735381126 16.191769041121006 1
      vertex 9.982684411108494 16.10247876495123 1
    endloop
  endfacet
  facet normal 0 0 1
    outer loop
      vertex 10.63139921426773 15.341336376965046 1
      vertex 10.718224607408047 15.413411729037762 1
      vertex 9.982684411108494 16.10247876495123 1
    endloop
  endfacet
  facet normal 0 0 1
    outer loop
      vertex 10.63139921426773 15.341336376965046 1
      vertex 9.982684411108494 16.10247876495123 1
      vertex 9.972803875803947 16.094057708978653 1
    endloop
  endfacet
  facet normal 0 0 1
    outer loop
      vertex 10.63139921426773 15.341336376965046 1
      vertex 9.972803875803947 16.094057708978653 1
      vertex 9.963145300745964 16.085382975637913 1
    endloop
  endfacet
  facet normal 0 0 1
    outer loop
      vertex 10.63139921426773 15.341336376965046 1
      vertex 9.963145300745964 16.085382975637913 1
      vertex 9.856681518256664 15.9872370287776 1
    endloop
  endfacet
  facet normal 0 0 1
    outer loop
      vertex 10.54332184791565 15.260140344500542 1
      vertex 10.63139921426773 15.341336376965046 1
      vertex 9.856681518256664 15.9872370287776 1
    endloop
  endfacet
  facet normal 0 0 1
    outer loop
      vertex 10.54332184791565 15.260140344500542 1
      vertex 9.856681518256664 15.9872370287776 1
      vertex 9.847943104803562 15.978984855115414 1
    endloop
  endfacet
  facet normal 0 0 1
    outer loop
      vertex 10.54332184791565 15.260140344500542 1
      vertex 9.847943104803562 15.978984855115414 1
      vertex 9.839405559003353 15.97052501887083 1
    endloop
  endfacet
  facet normal 0 0 1
    outer loop
      vertex 10.54332184791565 15.260140344500542 1
      vertex 9.839405559003353 15.97052501887083 1
      vertex 9.73397632688284 15.863513566553593 1
    endloop
  endfacet
  facet normal 0 0 1
    outer loop
      vertex 10.454115308821201 15.169595047831535 1
      vertex 10.54332184791565 15.260140344500542 1
      vertex 9.73397632688284 15.863513566553593 1
    endloop
  endfacet
  facet normal 0 0 1
    outer loop
      vertex 10.454115308821201 15.169595047831535 1
      vertex 9.73397632688284 15.863513566553593 1
      vertex 9.72628041356802 15.855526871979237 1
    endloop
  endfacet
  facet normal 0 0 1
    outer loop
      vertex 10.454115308821201 15.169595047831535 1
      vertex 9.72628041356802 15.855526871979237 1
      vertex 9.718763537704945 15.847371444106102 1
    endloop
  endfacet
  facet normal 0 0 1
    outer loop
      vertex 10.454115308821201 15.169595047831535 1
      vertex 9.718763537704945 15.847371444106102 1
      vertex 9.614304661750793 15.731485530734062 1
    endloop
  endfacet
  facet normal 0 0 1
    outer loop
      vertex 10.363920405507088 15.069533497095108 1
      vertex 10.454115308821201 15.169595047831535 1
      vertex 9.614304661750793 15.731485530734062 1
    endloop
  endfacet
  facet normal 0 0 1
    outer loop
      vertex 10.363920405507088 15.069533497095108 1
      vertex 9.614304661750793 15.731485530734062 1
      vertex 9.614303849637508 15.731484644114971 1
    endloop
  endfacet
  facet normal 0 0 1
    outer loop
      vertex 10.363920405507088 15.069533497095108 1
      vertex 9.614303849637508 15.731484644114971 1
      vertex 9.600944235920906 15.716040775179863 1
    endloop
  endfacet
  facet normal 0 0 1
    outer loop
      vertex 10.363920405507088 15.069533497095108 1
      vertex 9.600944235920906 15.716040775179863 1
      vertex 9.49738909304142 15.59126878529787 1
    endloop
  endfacet
  facet normal 0 0 1
    outer loop
      vertex 10.272881723940372 14.959842398762703 1
      vertex 10.363920405507088 15.069533497095108 1
      vertex 9.49738909304142 15.59126878529787 1
    endloop
  endfacet
  facet normal 0 0 1
    outer loop
      vertex 10.272881723940372 14.959842398762703 1
      vertex 9.49738909304142 15.59126878529787 1
      vertex 9.485675491392612 15.576603651046753 1
    endloop
  endfacet
  facet normal 0 0 1
    outer loop
      vertex 10.272881723940372 14.959842398762703 1
      vertex 9.485675491392612 15.576603651046753 1
      vertex 9.382959887385368 15.44293662160635 1
    endloop
  endfacet
  facet normal 0 0 1
    outer loop
      vertex 10.18113649636507 14.840451456606388 1
      vertex 10.272881723940372 14.959842398762703 1
      vertex 9.382959887385368 15.44293662160635 1
    endloop
  endfacet
  facet normal 0 0 1
    outer loop
      vertex 10.18113649636507 14.840451456606388 1
      vertex 9.382959887385368 15.44293662160635 1
      vertex 9.372696235775948 15.429092787206173 1
    endloop
  endfacet
  facet normal 0 0 1
    outer loop
      vertex 10.18113649636507 14.840451456606388 1
      vertex 9.372696235775948 15.429092787206173 1
      vertex 9.270755171775818 15.286520883440971 1
    endloop
  endfacet
  facet normal 0 0 1
    outer loop
      vertex 10.088807813823223 14.71132317185402 1
      vertex 10.18113649636507 14.840451456606388 1
      vertex 9.270755171775818 15.286520883440971 1
    endloop
  endfacet
  facet normal 0 0 1
    outer loop
      vertex 10.088807813823223 14.71132317185402 1
      vertex 9.270755171775818 15.286520883440971 1
      vertex 9.26176119595766 15.27351213991642 1
    endloop
  endfacet
  facet normal 0 0 1
    outer loop
      vertex 10.088807813823223 14.71132317185402 1
      vertex 9.26176119595766 15.27351213991642 1
      vertex 9.160529658198357 15.122025519609451 1
    endloop
  endfacet
  facet normal 0 0 1
    outer loop
      vertex 9.996001996099949 14.572445102036 1
      vertex 10.088807813823223 14.71132317185402 1
      vertex 9.160529658198357 15.122025519609451 1
    endloop
  endfacet
  facet normal 0 0 1
    outer loop
      vertex 9.996001996099949 14.572445102036 1
      vertex 9.160529658198357 15.122025519609451 1
      vertex 9.152642987668514 15.109844617545605 1
    endloop
  endfacet
  facet normal 0 0 1
    outer loop
      vertex 9.996001996099949 14.572445102036 1
      vertex 9.152642987668514 15.109844617545605 1
      vertex 9.052055984735489 14.9494334384799 1
    endloop
  endfacet
  facet normal 0 0 1
    outer loop
      vertex 9.90280744433403 14.423823036253452 1
      vertex 9.996001996099949 14.572445102036 1
      vertex 9.052055984735489 14.9494334384799 1
    endloop
  endfacet
  facet normal 0 0 1
    outer loop
      vertex 9.90280744433403 14.423823036253452 1
      vertex 9.052055984735489 14.9494334384799 1
      vertex 9.045132517814636 14.938058450818062 1
    endloop
  endfacet
  facet normal 0 0 1
    outer loop
      vertex 9.90280744433403 14.423823036253452 1
      vertex 9.045132517814636 14.938058450818062 1
      vertex 8.945125043392181 14.768712855875492 1
    endloop
  endfacet
  facet normal 0 0 1
    outer loop
      vertex 9.809294082224369 14.265474110841751 1
      vertex 9.90280744433403 14.423823036253452 1
      vertex 8.945125043392181 14.768712855875492 1
    endloop
  endfacet
  facet normal 0 0 1
    outer loop
      vertex 9.809294082224369 14.265474110841751 1
      vertex 8.945125043392181 14.768712855875492 1
      vertex 8.939038269221783 14.758112087845802 1
    endloop
  endfacet
  facet normal 0 0 1
    outer loop
      vertex 9.809294082224369 14.265474110841751 1
      vertex 8.939038269221783 14.758112087845802 1
      vertex 8.83954531699419 14.57982225716114 1
    endloop
  endfacet
  facet normal 0 0 1
    outer loop
      vertex 9.71551538258791 14.097424127161503 1
      vertex 9.809294082224369 14.265474110841751 1
      vertex 8.83954531699419 14.57982225716114 1
    endloop
  endfacet
  facet normal 0 0 1
    outer loop
      vertex 9.71551538258791 14.097424127161503 1
      vertex 8.83954531699419 14.57982225716114 1
      vertex 8.834184981882572 14.569957971572876 1
    endloop
  endfacet
  facet normal 0 0 1
    outer loop
      vertex 9.71551538258791 14.097424127161503 1
      vertex 8.834184981882572 14.569957971572876 1
      vertex 8.735141552984715 14.382714048027992 1
    endloop
  endfacet
  facet normal 0 0 1
    outer loop
      vertex 9.62150875478983 13.919702395796776 1
      vertex 9.71551538258791 14.097424127161503 1
      vertex 8.735141552984715 14.382714048027992 1
    endloop
  endfacet
  facet normal 0 0 1
    outer loop
      vertex 9.62150875478983 13.919702395796776 1
      vertex 8.735141552984715 14.382714048027992 1
      vertex 8.730412095785141 14.37354526668787 1
    endloop
  endfacet
  facet normal 0 0 1
    outer loop
      vertex 9.62150875478983 13.919702395796776 1
      vertex 8.730412095785141 14.37354526668787 1
      vertex 8.63175319135189 14.177337422966957 1
    endloop
  endfacet
  facet normal 0 0 1
    outer loop
      vertex 9.527298256754875 13.732341311872005 1
      vertex 9.62150875478983 13.919702395796776 1
      vertex 8.63175319135189 14.177337422966957 1
    endloop
  endfacet
  facet normal 0 0 1
    outer loop
      vertex 9.527298256754875 13.732341311872005 1
      vertex 8.63175319135189 14.177337422966957 1
      vertex 8.62757208943367 14.168821915984154 1
    endloop
  endfacet
  facet normal 0 0 1
    outer loop
      vertex 9.527298256754875 13.732341311872005 1
      vertex 8.62757208943367 14.168821915984154 1
      vertex 8.529232695698738 13.963640294969082 1
    endloop
  endfacet
  facet normal 0 0 1
    outer loop
      vertex 9.43289539963007 13.535373121500015 1
      vertex 9.527298256754875 13.732341311872005 1
      vertex 8.529232695698738 13.963640294969082 1
    endloop
  endfacet
  facet normal 0 0 1
    outer loop
      vertex 9.43289539963007 13.535373121500015 1
      vertex 8.529232695698738 13.963640294969082 1
      vertex 8.525528810918331 13.955735959112644 1
    endloop
  endfacet
  facet normal 0 0 1
    outer loop
      vertex 9.43289539963007 13.535373121500015 1
      vertex 8.525528810918331 13.955735959112644 1
      vertex 8.42744393646717 13.741570726037025 1
    endloop
  endfacet
  facet normal 0 0 1
    outer loop
      vertex 9.338301464915276 13.328830242156982 1
      vertex 9.43289539963007 13.535373121500015 1
      vertex 8.42744393646717 13.741570726037025 1
    endloop
  endfacet
  facet normal 0 0 1
    outer loop
      vertex 9.338301464915276 13.328830242156982 1
      vertex 8.42744393646717 13.741570726037025 1
      vertex 8.42415601760149 13.734236523509026 1
    endloop
  endfacet
  facet normal 0 0 1
    outer loop
      vertex 9.338301464915276 13.328830242156982 1
      vertex 8.42415601760149 13.734236523509026 1
      vertex 8.326260663568974 13.511077836155891 1
    endloop
  endfacet
  facet normal 0 0 1
    outer loop
      vertex 9.243508078157902 13.112742692232132 1
      vertex 9.338301464915276 13.328830242156982 1
      vertex 8.326260663568974 13.511077836155891 1
    endloop
  endfacet
  facet normal 0 0 1
    outer loop
      vertex 9.243508078157902 13.112742692232132 1
      vertex 8.326260663568974 13.511077836155891 1
      vertex 8.323336020112038 13.504274420440197 1
    endloop
  endfacet
  facet normal 0 0 1
    outer loop
      vertex 9.243508078157902 13.112742692232132 1
      vertex 8.323336020112038 13.504274420440197 1
      vertex 8.225565180182457 13.272112436592579 1
    endloop
  endfacet
  facet normal 0 0 1
    outer loop
      vertex 9.148499332368374 12.887139469385147 1
      vertex 9.243508078157902 13.112742692232132 1
      vertex 8.225565180182457 13.272112436592579 1
    endloop
  endfacet
  facet normal 0 0 1
    outer loop
      vertex 9.148499332368374 12.887139469385147 1
      vertex 8.225565180182457 13.272112436592579 1
      vertex 8.22295843809843 13.265802502632141 1
    endloop
  endfacet
  facet normal 0 0 1
    outer loop
      vertex 9.148499332368374 12.887139469385147 1
      vertex 8.22295843809843 13.265802502632141 1
      vertex 8.125247098505497 13.024627387523651 1
    endloop
  endfacet
  facet normal 0 0 1
    outer loop
      vertex 9.05325223505497 12.652046672999859 1
      vertex 9.148499332368374 12.887139469385147 1
      vertex 8.125247098505497 13.024627387523651 1
    endloop
  endfacet
  facet normal 0 0 1
    outer loop
      vertex 9.05325223505497 12.652046672999859 1
      vertex 8.125247098505497 13.024627387523651 1
      vertex 8.122919172048569 13.01877587288618 1
    endloop
  endfacet
  facet normal 0 0 1
    outer loop
      vertex 9.05325223505497 12.652046672999859 1
      vertex 8.122919172048569 13.01877587288618 1
      vertex 8.025202341377735 12.76857776939869 1
    endloop
  endfacet
  facet normal 0 0 1
    outer loop
      vertex 8.95773809403181 12.40748843550682 1
      vertex 9.05325223505497 12.652046672999859 1
      vertex 8.025202341377735 12.76857776939869 1
    endloop
  endfacet
  facet normal 0 0 1
    outer loop
      vertex 8.95773809403181 12.40748843550682 1
      vertex 8.025202341377735 12.76857776939869 1
      vertex 8.023119501769543 12.763151936233044 1
    endloop
  endfacet
  facet normal 0 0 1
    outer loop
      vertex 8.95773809403181 12.40748843550682 1
      vertex 8.023119501769543 12.763151936233044 1
      vertex 7.925332173705101 12.503921017050743 1
    endloop
  endfacet
  facet normal 0 0 1
    outer loop
      vertex 8.861923307180405 12.153486631810665 1
      vertex 8.95773809403181 12.40748843550682 1
      vertex 7.925332173705101 12.503921017050743 1
    endloop
  endfacet
  facet normal 0 0 1
    outer loop
      vertex 8.861923307180405 12.153486631810665 1
      vertex 7.925332173705101 12.503921017050743 1
      vertex 7.923465296626091 12.498890407383442 1
    endloop
  endfacet
  facet normal 0 0 1
    outer loop
      vertex 8.861923307180405 12.153486631810665 1
      vertex 7.923465296626091 12.498890407383442 1
      vertex 7.825542479753494 12.230616822838783 1
    endloop
  endfacet
  facet normal 0 0 1
    outer loop
      vertex 8.765769995748997 11.890060871839523 1
      vertex 8.861923307180405 12.153486631810665 1
      vertex 7.825542479753494 12.230616822838783 1
    endloop
  endfacet
  facet normal 0 0 1
    outer loop
      vertex 8.765769995748997 11.890060871839523 1
      vertex 7.825542479753494 12.230616822838783 1
      vertex 7.823866359889507 12.225953221321106 1
    endloop
  endfacet
  facet normal 0 0 1
    outer loop
      vertex 8.765769995748997 11.890060871839523 1
      vertex 7.823866359889507 12.225953221321106 1
      vertex 7.725743032991886 11.94862712919712 1
    endloop
  endfacet
  facet normal 0 0 1
    outer loop
      vertex 8.669236645102501 11.617228515446186 1
      vertex 8.765769995748997 11.890060871839523 1
      vertex 7.725743032991886 11.94862712919712 1
    endloop
  endfacet
  facet normal 0 0 1
    outer loop
      vertex 8.669236645102501 11.617228515446186 1
      vertex 7.725743032991886 11.94862712919712 1
      vertex 7.724235825240612 11.944304466247559 1
    endloop
  endfacet
  facet normal 0 0 1
    outer loop
      vertex 8.572278834879398 11.335005424916744 1
      vertex 8.669236645102501 11.617228515446186 1
      vertex 7.724235825240612 11.944304466247559 1
    endloop
  endfacet
  facet normal 0 0 1
    outer loop
      vertex 8.572278834879398 11.335005424916744 1
      vertex 7.724235825240612 11.944304466247559 1
      vertex 7.625847004354 11.65791603922844 1
    endloop
  endfacet
  facet normal 0 0 1
    outer loop
      vertex 8.572278834879398 11.335005424916744 1
      vertex 7.625847004354 11.65791603922844 1
      vertex 7.6244897320866585 11.653910264372826 1
    endloop
  endfacet
  facet normal 0 0 1
    outer loop
      vertex 8.572278834879398 11.335005424916744 1
      vertex 7.6244897320866585 11.653910264372826 1
      vertex 7.525770403444767 11.358449630439281 1
    endloop
  endfacet
  facet normal 0 0 1
    outer loop
      vertex 8.474229596555233 11.041550360620022 1
      vertex 8.572278834879398 11.335005424916744 1
      vertex 7.525770403444767 11.358449630439281 1
    endloop
  endfacet
  facet normal 0 0 1
    outer loop
      vertex 8.46717843413353 11.021830677986145 1
      vertex 8.474229596555233 11.041550360620022 1
      vertex 7.525770403444767 11.358449630439281 1
    endloop
  endfacet
  facet normal 0 0 1
    outer loop
      vertex 8.459307685494423 11.00242356210947 1
      vertex 8.46717843413353 11.021830677986145 1
      vertex 7.525770403444767 11.358449630439281 1
    endloop
  endfacet
  facet normal 0 0 1
    outer loop
      vertex 8.450631156563759 10.983363054692745 1
      vertex 8.459307685494423 11.00242356210947 1
      vertex 7.525770403444767 11.358449630439281 1
    endloop
  endfacet
  facet normal 0 0 1
    outer loop
      vertex 8.441164061427116 10.96468260884285 1
      vertex 8.450631156563759 10.983363054692745 1
      vertex 7.525770403444767 11.358449630439281 1
    endloop
  endfacet
  facet normal 0 0 1
    outer loop
      vertex 8.430923014879227 10.94641499221325 1
      vertex 8.441164061427116 10.96468260884285 1
      vertex 7.525770403444767 11.358449630439281 1
    endloop
  endfacet
  facet normal 0 0 1
    outer loop
      vertex 8.430923014879227 10.94641499221325 1
      vertex 7.525770403444767 11.358449630439281 1
      vertex 7.519551195204258 11.338451966643333 1
    endloop
  endfacet
  facet normal 0 0 1
    outer loop
      vertex 8.430923014879227 10.94641499221325 1
      vertex 7.519551195204258 11.338451966643333 1
      vertex 7.514174863696098 11.318211421370506 1
    endloop
  endfacet
  facet normal 0 0 1
    outer loop
      vertex 8.430923014879227 10.94641499221325 1
      vertex 7.514174863696098 11.318211421370506 1
      vertex 7.509650833904743 11.297763481736183 1
    endloop
  endfacet
  facet normal 0 0 1
    outer loop
      vertex 8.430923014879227 10.94641499221325 1
      vertex 7.509650833904743 11.297763481736183 1
      vertex 7.505987048149109 11.2771440371871 1
    endloop
  endfacet
  facet normal 0 0 1
    outer loop
      vertex 8.430923014879227 10.94641499221325 1
      vertex 7.505987048149109 11.2771440371871 1
      vertex 7.50318992882967 11.256389252841473 1
    endloop
  endfacet
  facet normal 0 0 1
    outer loop
      vertex 8.430923014879227 10.94641499221325 1
      vertex 7.50318992882967 11.256389252841473 1
      vertex 7.501264370977879 11.23553553968668 1
    endloop
  endfacet
  facet normal 0 0 1
    outer loop
      vertex 8.430923014879227 10.94641499221325 1
      vertex 7.501264370977879 11.23553553968668 1
      vertex 7.500213772058487 11.214619487524033 1
    endloop
  endfacet
  facet normal 0 0 1
    outer loop
      vertex 8.430923014879227 10.94641499221325 1
      vertex 7.500213772058487 11.214619487524033 1
      vertex 7.5000399723649025 11.19367779046297 1
    endloop
  endfacet
  facet normal 0 0 1
    outer loop
      vertex 8.41992598772049 10.92859224230051 1
      vertex 8.430923014879227 10.94641499221325 1
      vertex 7.5000399723649025 11.19367779046297 1
    endloop
  endfacet
  facet normal 0 0 1
    outer loop
      vertex 8.408192254602909 10.91124563664198 1
      vertex 8.41992598772049 10.92859224230051 1
      vertex 7.5000399723649025 11.19367779046297 1
    endloop
  endfacet
  facet normal 0 0 1
    outer loop
      vertex 8.395742423832417 10.894405610859394 1
      vertex 8.408192254602909 10.91124563664198 1
      vertex 7.5000399723649025 11.19367779046297 1
    endloop
  endfacet
  facet normal 0 0 1
    outer loop
      vertex 8.395742423832417 10.894405610859394 1
      vertex 7.5000399723649025 11.19367779046297 1
      vertex 7.5007432624697685 11.172747179865837 1
    endloop
  endfacet
  facet normal 0 0 1
    outer loop
      vertex 8.395742423832417 10.894405610859394 1
      vertex 7.5007432624697685 11.172747179865837 1
      vertex 7.502322427928448 11.151864387094975 1
    endloop
  endfacet
  facet normal 0 0 1
    outer loop
      vertex 8.395742423832417 10.894405610859394 1
      vertex 7.502322427928448 11.151864387094975 1
      vertex 7.504774689674377 11.131066039204597 1
    endloop
  endfacet
  facet normal 0 0 1
    outer loop
      vertex 8.395742423832417 10.894405610859394 1
      vertex 7.504774689674377 11.131066039204597 1
      vertex 7.508095741271973 11.110388621687889 1
    endloop
  endfacet
  facet normal 0 0 1
    outer loop
      vertex 8.395742423832417 10.894405610859394 1
      vertex 7.508095741271973 11.110388621687889 1
      vertex 7.512279756367207 11.089868418872356 1
    endloop
  endfacet
  facet normal 0 0 1
    outer loop
      vertex 8.382598333060741 10.87810169160366 1
      vertex 8.395742423832417 10.894405610859394 1
      vertex 7.512279756367207 11.089868418872356 1
    endloop
  endfacet
  facet normal 0 0 1
    outer loop
      vertex 8.382598333060741 10.87810169160366 1
      vertex 7.512279756367207 11.089868418872356 1
      vertex 7.517319403588772 11.069541417062283 1
    endloop
  endfacet
  facet normal 0 0 1
    outer loop
      vertex 8.36878302693367 10.862362496554852 1
      vertex 8.382598333060741 10.87810169160366 1
      vertex 7.517319403588772 11.069541417062283 1
    endloop
  endfacet
  facet normal 0 0 1
    outer loop
      vertex 8.36878302693367 10.862362496554852 1
      vertex 7.517319403588772 11.069541417062283 1
      vertex 7.5232058390975 11.049443282186985 1
    endloop
  endfacet
  facet normal 0 0 1
    outer loop
      vertex 8.354320749640465 10.847215630114079 1
      vertex 8.36878302693367 10.862362496554852 1
      vertex 7.5232058390975 11.049443282186985 1
    endloop
  endfacet
  facet normal 0 0 1
    outer loop
      vertex 8.339236870408058 10.832687675952911 1
      vertex 8.354320749640465 10.847215630114079 1
      vertex 7.5232058390975 11.049443282186985 1
    endloop
  endfacet
  facet normal 0 0 1
    outer loop
      vertex 8.323557861149311 10.818804107606411 1
      vertex 8.339236870408058 10.832687675952911 1
      vertex 7.5232058390975 11.049443282186985 1
    endloop
  endfacet
  facet normal 0 0 1
    outer loop
      vertex 8.307311214506626 10.805589281022549 1
      vertex 8.323557861149311 10.818804107606411 1
      vertex 7.5232058390975 11.049443282186985 1
    endloop
  endfacet
  facet normal 0 0 1
    outer loop
      vertex 8.307311214506626 10.805589281022549 1
      vertex 7.5232058390975 11.049443282186985 1
      vertex 7.529928721487522 11.029609277844429 1
    endloop
  endfacet
  facet normal 0 0 1
    outer loop
      vertex 8.307311214506626 10.805589281022549 1
      vertex 7.529928721487522 11.029609277844429 1
      vertex 7.537476286292076 11.010074198246002 1
    endloop
  endfacet
  facet normal 0 0 1
    outer loop
      vertex 8.307311214506626 10.805589281022549 1
      vertex 7.537476286292076 11.010074198246002 1
      vertex 7.545835264027119 10.99087230861187 1
    endloop
  endfacet
  facet normal 0 0 1
    outer loop
      vertex 8.307311214506626 10.805589281022549 1
      vertex 7.545835264027119 10.99087230861187 1
      vertex 7.554990999400616 10.972037307918072 1
    endloop
  endfacet
  facet normal 0 0 1
    outer loop
      vertex 8.290525443851948 10.793066382408142 1
      vertex 8.307311214506626 10.805589281022549 1
      vertex 7.554990999400616 10.972037307918072 1
    endloop
  endfacet
  facet normal 0 0 1
    outer loop
      vertex 8.273229993879795 10.781257390975952 1
      vertex 8.290525443851948 10.793066382408142 1
      vertex 7.554990999400616 10.972037307918072 1
    endloop
  endfacet
  facet normal 0 0 1
    outer loop
      vertex 8.255455203354359 10.770183019340038 1
      vertex 8.273229993879795 10.781257390975952 1
      vertex 7.554990999400616 10.972037307918072 1
    endloop
  endfacet
  facet normal 0 0 1
    outer loop
      vertex 8.237232252955437 10.759862683713436 1
      vertex 8.255455203354359 10.770183019340038 1
      vertex 7.554990999400616 10.972037307918072 1
    endloop
  endfacet
  facet normal 0 0 1
    outer loop
      vertex 8.237232252955437 10.759862683713436 1
      vertex 7.554990999400616 10.972037307918072 1
      vertex 7.564927436411381 10.953602224588394 1
    endloop
  endfacet
  facet normal 0 0 1
    outer loop
      vertex 8.218593128025532 10.750314503908157 1
      vertex 8.237232252955437 10.759862683713436 1
      vertex 7.564927436411381 10.953602224588394 1
    endloop
  endfacet
  facet normal 0 0 1
    outer loop
      vertex 8.218593128025532 10.750314503908157 1
      vertex 7.564927436411381 10.953602224588394 1
      vertex 7.5756271332502365 10.93559941649437 1
    endloop
  endfacet
  facet normal 0 0 1
    outer loop
      vertex 8.199570514261723 10.741555228829384 1
      vertex 8.218593128025532 10.750314503908157 1
      vertex 7.5756271332502365 10.93559941649437 1
    endloop
  endfacet
  facet normal 0 0 1
    outer loop
      vertex 8.199570514261723 10.741555228829384 1
      vertex 7.5756271332502365 10.93559941649437 1
      vertex 7.58707132935524 10.918060444295406 1
    endloop
  endfacet
  facet normal 0 0 1
    outer loop
      vertex 8.180197782814503 10.733600214123726 1
      vertex 8.199570514261723 10.741555228829384 1
      vertex 7.58707132935524 10.918060444295406 1
    endloop
  endfacet
  facet normal 0 0 1
    outer loop
      vertex 8.180197782814503 10.733600214123726 1
      vertex 7.58707132935524 10.918060444295406 1
      vertex 7.5992399379611015 10.901016093790531 1
    endloop
  endfacet
  facet normal 0 0 1
    outer loop
      vertex 8.160508923232555 10.726463422179222 1
      vertex 8.180197782814503 10.733600214123726 1
      vertex 7.5992399379611015 10.901016093790531 1
    endloop
  endfacet
  facet normal 0 0 1
    outer loop
      vertex 8.160508923232555 10.726463422179222 1
      vertex 7.5992399379611015 10.901016093790531 1
      vertex 7.612111620604992 10.88449626415968 1
    endloop
  endfacet
  facet normal 0 0 1
    outer loop
      vertex 8.140538468956947 10.720157377421856 1
      vertex 8.160508923232555 10.726463422179222 1
      vertex 7.612111620604992 10.88449626415968 1
    endloop
  endfacet
  facet normal 0 0 1
    outer loop
      vertex 8.140538468956947 10.720157377421856 1
      vertex 7.612111620604992 10.88449626415968 1
      vertex 7.625663794577122 10.868529938161373 1
    endloop
  endfacet
  facet normal 0 0 1
    outer loop
      vertex 8.120321474969387 10.714693143963814 1
      vertex 8.140538468956947 10.720157377421856 1
      vertex 7.625663794577122 10.868529938161373 1
    endloop
  endfacet
  facet normal 0 0 1
    outer loop
      vertex 8.099893391132355 10.710080303251743 1
      vertex 8.120321474969387 10.714693143963814 1
      vertex 7.625663794577122 10.868529938161373 1
    endloop
  endfacet
  facet normal 0 0 1
    outer loop
      vertex 8.099893391132355 10.710080303251743 1
      vertex 7.625663794577122 10.868529938161373 1
      vertex 7.639872670173645 10.853145122528076 1
    endloop
  endfacet
  facet normal 0 0 1
    outer loop
      vertex 8.079290062189102 10.706326946616173 1
      vertex 8.099893391132355 10.710080303251743 1
      vertex 7.639872670173645 10.853145122528076 1
    endloop
  endfacet
  facet normal 0 0 1
    outer loop
      vertex 8.079290062189102 10.706326946616173 1
      vertex 7.639872670173645 10.853145122528076 1
      vertex 7.654713340103626 10.83836880326271 1
    endloop
  endfacet
  facet normal 0 0 1
    outer loop
      vertex 8.079290062189102 10.706326946616173 1
      vertex 7.654713340103626 10.83836880326271 1
      vertex 7.670159757137299 10.824226908385754 1
    endloop
  endfacet
  facet normal 0 0 1
    outer loop
      vertex 8.058547630906105 10.70343965291977 1
      vertex 8.079290062189102 10.706326946616173 1
      vertex 7.670159757137299 10.824226908385754 1
    endloop
  endfacet
  facet normal 0 0 1
    outer loop
      vertex 8.037702485918999 10.7014235034585 1
      vertex 8.058547630906105 10.70343965291977 1
      vertex 7.670159757137299 10.824226908385754 1
    endloop
  endfacet
  facet normal 0 0 1
    outer loop
      vertex 8.037702485918999 10.7014235034585 1
      vertex 7.670159757137299 10.824226908385754 1
      vertex 7.686184830963612 10.810744248330593 1
    endloop
  endfacet
  facet normal 0 0 1
    outer loop
      vertex 8.016791194677353 10.700282022356987 1
      vertex 8.037702485918999 10.7014235034585 1
      vertex 7.686184830963612 10.810744248330593 1
    endloop
  endfacet
  facet normal 0 0 1
    outer loop
      vertex 8.016791194677353 10.700282022356987 1
      vertex 7.686184830963612 10.810744248330593 1
      vertex 7.7027604430913925 10.797944478690624 1
    endloop
  endfacet
  facet normal 0 0 1
    outer loop
      vertex 7.995850443840027 10.700017221271992 1
      vertex 8.016791194677353 10.700282022356987 1
      vertex 7.7027604430913925 10.797944478690624 1
    endloop
  endfacet
  facet normal 0 0 1
    outer loop
      vertex 7.995850443840027 10.700017221271992 1
      vertex 7.7027604430913925 10.797944478690624 1
      vertex 7.71985749900341 10.785850048065186 1
    endloop
  endfacet
  facet normal 0 0 1
    outer loop
      vertex 7.995850443840027 10.700017221271992 1
      vertex 7.71985749900341 10.785850048065186 1
      vertex 7.737446039915085 10.774482175707817 1
    endloop
  endfacet
  facet normal 0 0 1
    outer loop
      vertex 7.974916979670525 10.70062955468893 1
      vertex 7.995850443840027 10.700017221271992 1
      vertex 7.737446039915085 10.774482175707817 1
    endloop
  endfacet
  facet normal 0 0 1
    outer loop
      vertex 7.954027518630028 10.702117957174778 1
      vertex 7.974916979670525 10.70062955468893 1
      vertex 7.737446039915085 10.774482175707817 1
    endloop
  endfacet
  facet normal 0 0 1
    outer loop
      vertex 7.954027518630028 10.702117957174778 1
      vertex 7.737446039915085 10.774482175707817 1
      vertex 7.755495175719261 10.763860806822777 1
    endloop
  endfacet
  facet normal 0 0 1
    outer loop
      vertex 7.954027518630028 10.702117957174778 1
      vertex 7.755495175719261 10.763860806822777 1
      vertex 7.773973263800144 10.754004582762718 1
    endloop
  endfacet
  facet normal 0 0 1
    outer loop
      vertex 7.933218710124493 10.704479806125164 1
      vertex 7.954027518630028 10.702117957174778 1
      vertex 7.773973263800144 10.754004582762718 1
    endloop
  endfacet
  facet normal 0 0 1
    outer loop
      vertex 7.9125270545482635 10.707710981369019 1
      vertex 7.933218710124493 10.704479806125164 1
      vertex 7.773973263800144 10.754004582762718 1
    endloop
  endfacet
  facet normal 0 0 1
    outer loop
      vertex 7.9125270545482635 10.707710981369019 1
      vertex 7.773973263800144 10.754004582762718 1
      vertex 7.792847879230976 10.744930773973465 1
    endloop
  endfacet
  facet normal 0 0 1
    outer loop
      vertex 7.891988858580589 10.711805783212185 1
      vertex 7.9125270545482635 10.707710981369019 1
      vertex 7.792847879230976 10.744930773973465 1
    endloop
  endfacet
  facet normal 0 0 1
    outer loop
      vertex 7.891988858580589 10.711805783212185 1
      vertex 7.792847879230976 10.744930773973465 1
      vertex 7.812085911631584 10.736655317246914 1
    endloop
  endfacet
  facet normal 0 0 1
    outer loop
      vertex 7.871640145778656 10.71675705164671 1
      vertex 7.891988858580589 10.711805783212185 1
      vertex 7.812085911631584 10.736655317246914 1
    endloop
  endfacet
  facet normal 0 0 1
    outer loop
      vertex 7.831653602421284 10.729192726314068 1
      vertex 7.851516626775265 10.722556084394455 1
      vertex 7.871640145778656 10.71675705164671 1
    endloop
  endfacet
  facet normal 0 0 1
    outer loop
      vertex 7.831653602421284 10.729192726314068 1
      vertex 7.871640145778656 10.71675705164671 1
      vertex 7.812085911631584 10.736655317246914 1
    endloop
  endfacet
endsolid OpenSCAD_Model
