solid OpenSCAD_Model
  facet normal 0.57735 -0.57735 -0.57735
    outer loop
      vertex 40 -7.5 0.5
      vertex 39.5 -8 0.5
      vertex 39.5 -7.5 0
    endloop
  endfacet
  facet normal 0 0 1
    outer loop
      vertex 33.234 22.6274 5
      vertex 22.5151 20.2292 5
      vertex 22.5476 19.8854 5
    endloop
  endfacet
  facet normal 0 0 1
    outer loop
      vertex 33.234 22.6274 5
      vertex 22.4398 20.5662 5
      vertex 22.5151 20.2292 5
    endloop
  endfacet
  facet normal 0 0 1
    outer loop
      vertex 33.234 22.6274 5
      vertex 22.3228 20.8911 5
      vertex 22.4398 20.5662 5
    endloop
  endfacet
  facet normal 0 0 1
    outer loop
      vertex 33.234 22.6274 5
      vertex 22.166 21.1989 5
      vertex 22.3228 20.8911 5
    endloop
  endfacet
  facet normal 0 0 1
    outer loop
      vertex 33.234 22.6274 5
      vertex 21.9719 21.4845 5
      vertex 22.166 21.1989 5
    endloop
  endfacet
  facet normal 0 0 1
    outer loop
      vertex 33.234 22.6274 5
      vertex 21.7435 21.7435 5
      vertex 21.9719 21.4845 5
    endloop
  endfacet
  facet normal 0 0 1
    outer loop
      vertex 22.6274 33.234 5
      vertex 21.4845 21.9719 5
      vertex 21.7435 21.7435 5
    endloop
  endfacet
  facet normal 0 0 1
    outer loop
      vertex 22.6274 33.234 5
      vertex 21.1989 22.166 5
      vertex 21.4845 21.9719 5
    endloop
  endfacet
  facet normal 0 0 1
    outer loop
      vertex 22.6274 33.234 5
      vertex 20.8911 22.3228 5
      vertex 21.1989 22.166 5
    endloop
  endfacet
  facet normal 0 0 1
    outer loop
      vertex 22.6274 33.234 5
      vertex 20.5662 22.4398 5
      vertex 20.8911 22.3228 5
    endloop
  endfacet
  facet normal 0 0 1
    outer loop
      vertex 22.6274 33.234 5
      vertex 20.2292 22.5151 5
      vertex 20.5662 22.4398 5
    endloop
  endfacet
  facet normal 0 0 1
    outer loop
      vertex 22.6274 33.234 5
      vertex 19.8854 22.5476 5
      vertex 20.2292 22.5151 5
    endloop
  endfacet
  facet normal 0 0 1
    outer loop
      vertex 22.6274 33.234 5
      vertex 19.5402 22.5368 5
      vertex 19.8854 22.5476 5
    endloop
  endfacet
  facet normal 0 0 1
    outer loop
      vertex 22.6274 33.234 5
      vertex 19.1991 22.4828 5
      vertex 19.5402 22.5368 5
    endloop
  endfacet
  facet normal 0 0 1
    outer loop
      vertex 22.6274 33.234 5
      vertex 18.8675 22.3864 5
      vertex 19.1991 22.4828 5
    endloop
  endfacet
  facet normal 0 0 1
    outer loop
      vertex 22.6274 33.234 5
      vertex 18.5505 22.2493 5
      vertex 18.8675 22.3864 5
    endloop
  endfacet
  facet normal 0 0 1
    outer loop
      vertex 22.6274 33.234 5
      vertex 18.2533 22.0735 5
      vertex 18.5505 22.2493 5
    endloop
  endfacet
  facet normal 0 0 1
    outer loop
      vertex 22.6274 33.234 5
      vertex 17.9804 21.8618 5
      vertex 18.2533 22.0735 5
    endloop
  endfacet
  facet normal 0 0 1
    outer loop
      vertex 22.6274 33.234 5
      vertex 17.7362 21.6176 5
      vertex 17.9804 21.8618 5
    endloop
  endfacet
  facet normal 0 0 1
    outer loop
      vertex 22.6274 33.234 5
      vertex 17.5245 21.3447 5
      vertex 17.7362 21.6176 5
    endloop
  endfacet
  facet normal 0 0 1
    outer loop
      vertex -2.48669 8.11992 5
      vertex 17.5245 21.3447 5
      vertex 22.6274 33.234 5
    endloop
  endfacet
  facet normal 0 0 1
    outer loop
      vertex -2.48669 8.11992 5
      vertex 17.0503 19.7126 5
      vertex 17.0612 20.0578 5
    endloop
  endfacet
  facet normal 0 0 1
    outer loop
      vertex -2.48669 8.11992 5
      vertex 17.0612 20.0578 5
      vertex 17.1152 20.3989 5
    endloop
  endfacet
  facet normal 0 0 1
    outer loop
      vertex -2.48669 8.11992 5
      vertex 17.1152 20.3989 5
      vertex 17.2116 20.7305 5
    endloop
  endfacet
  facet normal 0 0 1
    outer loop
      vertex -2.48669 8.11992 5
      vertex 17.2116 20.7305 5
      vertex 17.3487 21.0475 5
    endloop
  endfacet
  facet normal 0 0 1
    outer loop
      vertex 17.5245 21.3447 5
      vertex -2.48669 8.11992 5
      vertex 17.3487 21.0475 5
    endloop
  endfacet
  facet normal 0 0 1
    outer loop
      vertex 17.0503 19.7126 5
      vertex -2.48669 8.11992 5
      vertex 3.9666 -7.5 5
    endloop
  endfacet
  facet normal 0 -0 1
    outer loop
      vertex 1.59274 -8.34944 5
      vertex 3.9666 -7.5 5
      vertex -2.48669 8.11992 5
    endloop
  endfacet
  facet normal 0 0 1
    outer loop
      vertex 3.9666 -7.5 5
      vertex 2.62664 -8.08398 5
      vertex 3.61912 -7.69103 5
    endloop
  endfacet
  facet normal 0 0 1
    outer loop
      vertex 3.9666 -7.5 5
      vertex 1.59274 -8.34944 5
      vertex 2.62664 -8.08398 5
    endloop
  endfacet
  facet normal 0 0 1
    outer loop
      vertex 1.59274 -8.34944 5
      vertex -2.48669 8.11992 5
      vertex 0.533719 -8.48323 5
    endloop
  endfacet
  facet normal 0 0 1
    outer loop
      vertex 0.533719 -8.48323 5
      vertex -2.48669 8.11992 5
      vertex -0.533719 -8.48323 5
    endloop
  endfacet
  facet normal 0 0 1
    outer loop
      vertex -0.533719 -8.48323 5
      vertex -2.48669 8.11992 5
      vertex -1.59274 -8.34944 5
    endloop
  endfacet
  facet normal 0 0 1
    outer loop
      vertex -3.61912 7.69103 5
      vertex -2.48669 8.11992 5
      vertex -2.62664 8.08398 5
    endloop
  endfacet
  facet normal 0 0 1
    outer loop
      vertex -2.48669 8.11992 5
      vertex -2.62664 -8.08398 5
      vertex -1.59274 -8.34944 5
    endloop
  endfacet
  facet normal 0 0 1
    outer loop
      vertex -2.48669 8.11992 5
      vertex -3.61912 7.69103 5
      vertex -2.62664 -8.08398 5
    endloop
  endfacet
  facet normal 0 0 1
    outer loop
      vertex -3.61912 7.69103 5
      vertex -3.61912 -7.69103 5
      vertex -2.62664 -8.08398 5
    endloop
  endfacet
  facet normal -0 0 1
    outer loop
      vertex -4.55453 7.17679 5
      vertex -3.61912 -7.69103 5
      vertex -3.61912 7.69103 5
    endloop
  endfacet
  facet normal 0 0 1
    outer loop
      vertex -4.55453 7.17679 5
      vertex -4.55453 -7.17679 5
      vertex -3.61912 -7.69103 5
    endloop
  endfacet
  facet normal -0 0 1
    outer loop
      vertex -5.4181 6.54936 5
      vertex -4.55453 -7.17679 5
      vertex -4.55453 7.17679 5
    endloop
  endfacet
  facet normal 0 0 1
    outer loop
      vertex -5.4181 6.54936 5
      vertex -5.4181 -6.54936 5
      vertex -4.55453 -7.17679 5
    endloop
  endfacet
  facet normal -0 0 1
    outer loop
      vertex -6.19623 5.81865 5
      vertex -5.4181 -6.54936 5
      vertex -5.4181 6.54936 5
    endloop
  endfacet
  facet normal 0 0 1
    outer loop
      vertex -6.19623 5.81865 5
      vertex -6.19623 -5.81865 5
      vertex -5.4181 -6.54936 5
    endloop
  endfacet
  facet normal -0 0 1
    outer loop
      vertex -6.87664 4.99617 5
      vertex -6.19623 -5.81865 5
      vertex -6.19623 5.81865 5
    endloop
  endfacet
  facet normal 0 0 1
    outer loop
      vertex -6.87664 4.99617 5
      vertex -6.87664 -4.99617 5
      vertex -6.19623 -5.81865 5
    endloop
  endfacet
  facet normal -0 0 1
    outer loop
      vertex -7.44861 4.09491 5
      vertex -6.87664 -4.99617 5
      vertex -6.87664 4.99617 5
    endloop
  endfacet
  facet normal 0 0 1
    outer loop
      vertex -7.44861 4.09491 5
      vertex -7.44861 -4.09491 5
      vertex -6.87664 -4.99617 5
    endloop
  endfacet
  facet normal -0 0 1
    outer loop
      vertex -7.9031 3.12906 5
      vertex -7.44861 -4.09491 5
      vertex -7.44861 4.09491 5
    endloop
  endfacet
  facet normal 0 0 1
    outer loop
      vertex -7.9031 3.12906 5
      vertex -7.9031 -3.12906 5
      vertex -7.44861 -4.09491 5
    endloop
  endfacet
  facet normal -0 0 1
    outer loop
      vertex -8.23296 2.11386 5
      vertex -7.9031 -3.12906 5
      vertex -7.9031 3.12906 5
    endloop
  endfacet
  facet normal 0 0 1
    outer loop
      vertex -8.23296 2.11386 5
      vertex -8.23296 -2.11386 5
      vertex -7.9031 -3.12906 5
    endloop
  endfacet
  facet normal -0 0 1
    outer loop
      vertex -8.43297 1.06533 5
      vertex -8.23296 -2.11386 5
      vertex -8.23296 2.11386 5
    endloop
  endfacet
  facet normal 0 0 1
    outer loop
      vertex -8.43297 1.06533 5
      vertex -8.43297 -1.06533 5
      vertex -8.23296 -2.11386 5
    endloop
  endfacet
  facet normal 0 -0 1
    outer loop
      vertex -8.43297 -1.06533 5
      vertex -8.43297 1.06533 5
      vertex -8.5 0 5
    endloop
  endfacet
  facet normal 0 0 1
    outer loop
      vertex 21.7435 21.7435 5
      vertex 33.234 22.6274 5
      vertex 22.6274 33.234 5
    endloop
  endfacet
  facet normal 0 0 1
    outer loop
      vertex 22.5368 19.5402 5
      vertex 33.234 22.6274 5
      vertex 22.5476 19.8854 5
    endloop
  endfacet
  facet normal 0 0 1
    outer loop
      vertex 22.4828 19.1991 5
      vertex 33.234 22.6274 5
      vertex 22.5368 19.5402 5
    endloop
  endfacet
  facet normal 0 0 1
    outer loop
      vertex 22.3864 18.8675 5
      vertex 33.234 22.6274 5
      vertex 22.4828 19.1991 5
    endloop
  endfacet
  facet normal 0 0 1
    outer loop
      vertex 22.2493 18.5505 5
      vertex 33.234 22.6274 5
      vertex 22.3864 18.8675 5
    endloop
  endfacet
  facet normal 0 0 1
    outer loop
      vertex 22.0735 18.2533 5
      vertex 33.234 22.6274 5
      vertex 22.2493 18.5505 5
    endloop
  endfacet
  facet normal 0 0 1
    outer loop
      vertex 21.8618 17.9804 5
      vertex 33.234 22.6274 5
      vertex 22.0735 18.2533 5
    endloop
  endfacet
  facet normal 0 0 1
    outer loop
      vertex 18.1066 7.5 5
      vertex 21.8618 17.9804 5
      vertex 21.6176 17.7362 5
    endloop
  endfacet
  facet normal 0 0 1
    outer loop
      vertex 18.1066 7.5 5
      vertex 21.6176 17.7362 5
      vertex 21.3447 17.5245 5
    endloop
  endfacet
  facet normal 0 0 1
    outer loop
      vertex 18.1066 7.5 5
      vertex 21.3447 17.5245 5
      vertex 21.0475 17.3487 5
    endloop
  endfacet
  facet normal -0 0 1
    outer loop
      vertex 21.8618 17.9804 5
      vertex 18.1066 7.5 5
      vertex 33.234 22.6274 5
    endloop
  endfacet
  facet normal -0 0 1
    outer loop
      vertex 20.7305 17.2116 5
      vertex 18.1066 7.5 5
      vertex 21.0475 17.3487 5
    endloop
  endfacet
  facet normal -0 0 1
    outer loop
      vertex 20.3989 17.1152 5
      vertex 18.1066 7.5 5
      vertex 20.7305 17.2116 5
    endloop
  endfacet
  facet normal -0 0 1
    outer loop
      vertex 20.0578 17.0612 5
      vertex 18.1066 7.5 5
      vertex 20.3989 17.1152 5
    endloop
  endfacet
  facet normal -0 0 1
    outer loop
      vertex 19.7126 17.0503 5
      vertex 18.1066 7.5 5
      vertex 20.0578 17.0612 5
    endloop
  endfacet
  facet normal 0 0 1
    outer loop
      vertex 19.3688 17.0828 5
      vertex 18.1066 7.5 5
      vertex 19.7126 17.0503 5
    endloop
  endfacet
  facet normal 0 0 1
    outer loop
      vertex 19.0318 17.1582 5
      vertex 18.1066 7.5 5
      vertex 19.3688 17.0828 5
    endloop
  endfacet
  facet normal 0 0 1
    outer loop
      vertex 18.7068 17.2752 5
      vertex 18.1066 7.5 5
      vertex 19.0318 17.1582 5
    endloop
  endfacet
  facet normal 0 0 1
    outer loop
      vertex 18.3991 17.4319 5
      vertex 18.1066 7.5 5
      vertex 18.7068 17.2752 5
    endloop
  endfacet
  facet normal 0 0 1
    outer loop
      vertex 18.1135 17.6261 5
      vertex 18.1066 7.5 5
      vertex 18.3991 17.4319 5
    endloop
  endfacet
  facet normal 0 -0 1
    outer loop
      vertex 18.1066 7.5 5
      vertex 18.1135 17.6261 5
      vertex 17.8544 17.8544 5
    endloop
  endfacet
  facet normal 0 0 1
    outer loop
      vertex 39.5 7.5 5
      vertex 30.75 0 5
      vertex 39.5 -7.5 5
    endloop
  endfacet
  facet normal 0 0 1
    outer loop
      vertex 39.5 7.5 5
      vertex 30.7283 0.344666 5
      vertex 30.75 0 5
    endloop
  endfacet
  facet normal 0 0 1
    outer loop
      vertex 39.5 7.5 5
      vertex 30.6636 0.683897 5
      vertex 30.7283 0.344666 5
    endloop
  endfacet
  facet normal 0 0 1
    outer loop
      vertex 39.5 7.5 5
      vertex 30.5569 1.01234 5
      vertex 30.6636 0.683897 5
    endloop
  endfacet
  facet normal 0 0 1
    outer loop
      vertex 39.5 7.5 5
      vertex 30.4098 1.32482 5
      vertex 30.5569 1.01234 5
    endloop
  endfacet
  facet normal 0 0 1
    outer loop
      vertex 39.5 7.5 5
      vertex 30.2248 1.61641 5
      vertex 30.4098 1.32482 5
    endloop
  endfacet
  facet normal 0 0 1
    outer loop
      vertex 39.5 7.5 5
      vertex 30.0047 1.8825 5
      vertex 30.2248 1.61641 5
    endloop
  endfacet
  facet normal 0 0 1
    outer loop
      vertex 39.5 7.5 5
      vertex 29.7529 2.11891 5
      vertex 30.0047 1.8825 5
    endloop
  endfacet
  facet normal 0 0 1
    outer loop
      vertex 39.5 7.5 5
      vertex 29.4735 2.3219 5
      vertex 29.7529 2.11891 5
    endloop
  endfacet
  facet normal 0 0 1
    outer loop
      vertex 39.5 7.5 5
      vertex 29.1709 2.48827 5
      vertex 29.4735 2.3219 5
    endloop
  endfacet
  facet normal 0 0 1
    outer loop
      vertex 39.5 7.5 5
      vertex 28.8498 2.61541 5
      vertex 29.1709 2.48827 5
    endloop
  endfacet
  facet normal 0 0 1
    outer loop
      vertex 39.5 7.5 5
      vertex 28.5153 2.70129 5
      vertex 28.8498 2.61541 5
    endloop
  endfacet
  facet normal 0 0 1
    outer loop
      vertex 39.5 7.5 5
      vertex 28.1727 2.74457 5
      vertex 28.5153 2.70129 5
    endloop
  endfacet
  facet normal -0 0 1
    outer loop
      vertex 18.1066 7.5 5
      vertex 28.1727 2.74457 5
      vertex 39.5 7.5 5
    endloop
  endfacet
  facet normal 0 0 1
    outer loop
      vertex 28.1727 2.74457 5
      vertex 18.1066 7.5 5
      vertex 27.8273 2.74457 5
    endloop
  endfacet
  facet normal 0 0 1
    outer loop
      vertex 27.8273 2.74457 5
      vertex 18.1066 7.5 5
      vertex 27.4847 2.70129 5
    endloop
  endfacet
  facet normal 0 0 1
    outer loop
      vertex 25.2717 0.344666 5
      vertex 18.1066 7.5 5
      vertex 25.25 0 5
    endloop
  endfacet
  facet normal 0 0 1
    outer loop
      vertex 25.3364 0.683897 5
      vertex 18.1066 7.5 5
      vertex 25.2717 0.344666 5
    endloop
  endfacet
  facet normal 0 0 1
    outer loop
      vertex 25.4431 1.01234 5
      vertex 18.1066 7.5 5
      vertex 25.3364 0.683897 5
    endloop
  endfacet
  facet normal 0 0 1
    outer loop
      vertex 25.5902 1.32482 5
      vertex 18.1066 7.5 5
      vertex 25.4431 1.01234 5
    endloop
  endfacet
  facet normal 0 0 1
    outer loop
      vertex 25.7752 1.61641 5
      vertex 18.1066 7.5 5
      vertex 25.5902 1.32482 5
    endloop
  endfacet
  facet normal 0 0 1
    outer loop
      vertex 25.9953 1.8825 5
      vertex 18.1066 7.5 5
      vertex 25.7752 1.61641 5
    endloop
  endfacet
  facet normal 0 0 1
    outer loop
      vertex 26.2471 2.11891 5
      vertex 18.1066 7.5 5
      vertex 25.9953 1.8825 5
    endloop
  endfacet
  facet normal 0 0 1
    outer loop
      vertex 26.5265 2.3219 5
      vertex 18.1066 7.5 5
      vertex 26.2471 2.11891 5
    endloop
  endfacet
  facet normal 0 0 1
    outer loop
      vertex 26.8291 2.48827 5
      vertex 18.1066 7.5 5
      vertex 26.5265 2.3219 5
    endloop
  endfacet
  facet normal 0 0 1
    outer loop
      vertex 27.1502 2.61541 5
      vertex 18.1066 7.5 5
      vertex 26.8291 2.48827 5
    endloop
  endfacet
  facet normal 0 0 1
    outer loop
      vertex 27.4847 2.70129 5
      vertex 18.1066 7.5 5
      vertex 27.1502 2.61541 5
    endloop
  endfacet
  facet normal -0 0 1
    outer loop
      vertex 30.7283 -0.344666 5
      vertex 39.5 -7.5 5
      vertex 30.75 0 5
    endloop
  endfacet
  facet normal -0 0 1
    outer loop
      vertex 30.6636 -0.683897 5
      vertex 39.5 -7.5 5
      vertex 30.7283 -0.344666 5
    endloop
  endfacet
  facet normal -0 0 1
    outer loop
      vertex 30.5569 -1.01234 5
      vertex 39.5 -7.5 5
      vertex 30.6636 -0.683897 5
    endloop
  endfacet
  facet normal -0 0 1
    outer loop
      vertex 30.4098 -1.32482 5
      vertex 39.5 -7.5 5
      vertex 30.5569 -1.01234 5
    endloop
  endfacet
  facet normal -0 0 1
    outer loop
      vertex 30.2248 -1.61641 5
      vertex 39.5 -7.5 5
      vertex 30.4098 -1.32482 5
    endloop
  endfacet
  facet normal -0 0 1
    outer loop
      vertex 30.0047 -1.8825 5
      vertex 39.5 -7.5 5
      vertex 30.2248 -1.61641 5
    endloop
  endfacet
  facet normal -0 0 1
    outer loop
      vertex 29.7529 -2.11891 5
      vertex 39.5 -7.5 5
      vertex 30.0047 -1.8825 5
    endloop
  endfacet
  facet normal -0 0 1
    outer loop
      vertex 29.4735 -2.3219 5
      vertex 39.5 -7.5 5
      vertex 29.7529 -2.11891 5
    endloop
  endfacet
  facet normal -0 0 1
    outer loop
      vertex 29.1709 -2.48827 5
      vertex 39.5 -7.5 5
      vertex 29.4735 -2.3219 5
    endloop
  endfacet
  facet normal -0 0 1
    outer loop
      vertex 28.8498 -2.61541 5
      vertex 39.5 -7.5 5
      vertex 29.1709 -2.48827 5
    endloop
  endfacet
  facet normal -0 0 1
    outer loop
      vertex 28.5153 -2.70129 5
      vertex 39.5 -7.5 5
      vertex 28.8498 -2.61541 5
    endloop
  endfacet
  facet normal -0 0 1
    outer loop
      vertex 28.1727 -2.74457 5
      vertex 39.5 -7.5 5
      vertex 28.5153 -2.70129 5
    endloop
  endfacet
  facet normal -0 0 1
    outer loop
      vertex 27.8273 -2.74457 5
      vertex 39.5 -7.5 5
      vertex 28.1727 -2.74457 5
    endloop
  endfacet
  facet normal 0 0 1
    outer loop
      vertex 27.4847 -2.70129 5
      vertex 39.5 -7.5 5
      vertex 27.8273 -2.74457 5
    endloop
  endfacet
  facet normal 0 0 1
    outer loop
      vertex 3.9666 -7.5 5
      vertex 27.4847 -2.70129 5
      vertex 27.1502 -2.61541 5
    endloop
  endfacet
  facet normal 0 0 1
    outer loop
      vertex 18.1066 7.5 5
      vertex 25.2717 -0.344666 5
      vertex 25.25 0 5
    endloop
  endfacet
  facet normal 0 0 1
    outer loop
      vertex 18.1066 7.5 5
      vertex 25.3364 -0.683897 5
      vertex 25.2717 -0.344666 5
    endloop
  endfacet
  facet normal 0 0 1
    outer loop
      vertex 3.9666 -7.5 5
      vertex 25.3364 -0.683897 5
      vertex 18.1066 7.5 5
    endloop
  endfacet
  facet normal 0 0 1
    outer loop
      vertex 25.3364 -0.683897 5
      vertex 3.9666 -7.5 5
      vertex 25.4431 -1.01234 5
    endloop
  endfacet
  facet normal 0 0 1
    outer loop
      vertex 25.4431 -1.01234 5
      vertex 3.9666 -7.5 5
      vertex 25.5902 -1.32482 5
    endloop
  endfacet
  facet normal 0 0 1
    outer loop
      vertex 25.5902 -1.32482 5
      vertex 3.9666 -7.5 5
      vertex 25.7752 -1.61641 5
    endloop
  endfacet
  facet normal 0 0 1
    outer loop
      vertex 17.6261 18.1135 5
      vertex 18.1066 7.5 5
      vertex 17.8544 17.8544 5
    endloop
  endfacet
  facet normal 0 0 1
    outer loop
      vertex 17.4319 18.3991 5
      vertex 18.1066 7.5 5
      vertex 17.6261 18.1135 5
    endloop
  endfacet
  facet normal 0 0 1
    outer loop
      vertex 17.2752 18.7068 5
      vertex 18.1066 7.5 5
      vertex 17.4319 18.3991 5
    endloop
  endfacet
  facet normal 0 0 1
    outer loop
      vertex 3.9666 -7.5 5
      vertex 17.2752 18.7068 5
      vertex 17.1582 19.0318 5
    endloop
  endfacet
  facet normal 0 0 1
    outer loop
      vertex 3.9666 -7.5 5
      vertex 17.1582 19.0318 5
      vertex 17.0828 19.3688 5
    endloop
  endfacet
  facet normal 0 0 1
    outer loop
      vertex 3.9666 -7.5 5
      vertex 17.0828 19.3688 5
      vertex 17.0503 19.7126 5
    endloop
  endfacet
  facet normal 0 0 1
    outer loop
      vertex 27.4847 -2.70129 5
      vertex 3.9666 -7.5 5
      vertex 39.5 -7.5 5
    endloop
  endfacet
  facet normal 0 0 1
    outer loop
      vertex 26.8291 -2.48827 5
      vertex 3.9666 -7.5 5
      vertex 27.1502 -2.61541 5
    endloop
  endfacet
  facet normal 0 0 1
    outer loop
      vertex 26.5265 -2.3219 5
      vertex 3.9666 -7.5 5
      vertex 26.8291 -2.48827 5
    endloop
  endfacet
  facet normal 0 0 1
    outer loop
      vertex 26.2471 -2.11891 5
      vertex 3.9666 -7.5 5
      vertex 26.5265 -2.3219 5
    endloop
  endfacet
  facet normal 0 0 1
    outer loop
      vertex 25.9953 -1.8825 5
      vertex 3.9666 -7.5 5
      vertex 26.2471 -2.11891 5
    endloop
  endfacet
  facet normal 0 0 1
    outer loop
      vertex 25.7752 -1.61641 5
      vertex 3.9666 -7.5 5
      vertex 25.9953 -1.8825 5
    endloop
  endfacet
  facet normal 0 0 1
    outer loop
      vertex 17.2752 18.7068 5
      vertex 3.9666 -7.5 5
      vertex 18.1066 7.5 5
    endloop
  endfacet
  facet normal 0.707107 0 -0.707107
    outer loop
      vertex 40 -7.5 0.5
      vertex 39.5 7.5 0
      vertex 40 7.5 0.5
    endloop
  endfacet
  facet normal 0.707107 0 -0.707107
    outer loop
      vertex 39.5 7.5 0
      vertex 40 -7.5 0.5
      vertex 39.5 -7.5 0
    endloop
  endfacet
  facet normal -0 0.707107 0.707107
    outer loop
      vertex 19.3137 8 4.5
      vertex 39.5 7.5 5
      vertex 39.5 8 4.5
    endloop
  endfacet
  facet normal 0 0.707107 0.707107
    outer loop
      vertex 39.5 7.5 5
      vertex 19.3137 8 4.5
      vertex 18.1066 7.5 5
    endloop
  endfacet
  facet normal 0 -0.707107 0.707107
    outer loop
      vertex 4.00736 -7.66132 4.83868
      vertex 39.5 -7.5 5
      vertex 3.9666 -7.5 5
    endloop
  endfacet
  facet normal 0 -0.707107 0.707107
    outer loop
      vertex 4.09294 -8 4.5
      vertex 39.5 -7.5 5
      vertex 4.00736 -7.66132 4.83868
    endloop
  endfacet
  facet normal 0 -0.707107 0.707107
    outer loop
      vertex 39.5 -7.5 5
      vertex 4.09294 -8 4.5
      vertex 39.5 -8 4.5
    endloop
  endfacet
  facet normal 1 -0 0
    outer loop
      vertex 40 -7.5 4.5
      vertex 40 7.5 0.5
      vertex 40 7.5 4.5
    endloop
  endfacet
  facet normal 1 0 0
    outer loop
      vertex 40 7.5 0.5
      vertex 40 -7.5 4.5
      vertex 40 -7.5 0.5
    endloop
  endfacet
  facet normal 0 1 -0
    outer loop
      vertex 39.5 8 0.5
      vertex 19.3137 8 4.5
      vertex 39.5 8 4.5
    endloop
  endfacet
  facet normal 0 1 0
    outer loop
      vertex 19.3137 8 4.5
      vertex 39.5 8 0.5
      vertex 19.3137 8 0.5
    endloop
  endfacet
  facet normal 0.57735 0.57735 -0.57735
    outer loop
      vertex 40 7.5 0.5
      vertex 39.5 7.5 0
      vertex 39.5 8 0.5
    endloop
  endfacet
  facet normal 0 0.707107 -0.707107
    outer loop
      vertex 39.5 7.5 0
      vertex 19.3137 8 0.5
      vertex 39.5 8 0.5
    endloop
  endfacet
  facet normal 0 0.707107 -0.707107
    outer loop
      vertex 19.3137 8 0.5
      vertex 39.5 7.5 0
      vertex 18.1066 7.5 0
    endloop
  endfacet
  facet normal -2.93785e-08 -0.707106 -0.707108
    outer loop
      vertex 39.5 -7.5 0
      vertex 4.09294 -8 0.5
      vertex 4.00736 -7.66132 0.161321
    endloop
  endfacet
  facet normal -0 -0.707109 -0.707105
    outer loop
      vertex 39.5 -7.5 0
      vertex 4.00736 -7.66132 0.161321
      vertex 3.9666 -7.5 0
    endloop
  endfacet
  facet normal 0 -0.707107 -0.707107
    outer loop
      vertex 4.09294 -8 0.5
      vertex 39.5 -7.5 0
      vertex 39.5 -8 0.5
    endloop
  endfacet
  facet normal 0.57735 0.57735 0.57735
    outer loop
      vertex 39.5 8 4.5
      vertex 39.5 7.5 5
      vertex 40 7.5 4.5
    endloop
  endfacet
  facet normal 0 0 -1
    outer loop
      vertex 39.5 -7.5 0
      vertex 36.1333 -2.86667 0
      vertex 39.5 7.5 0
    endloop
  endfacet
  facet normal 0 0 -1
    outer loop
      vertex 39.5 -7.5 0
      vertex 33.2667 -2.86667 0
      vertex 36.1333 -2.86667 0
    endloop
  endfacet
  facet normal 0 0 -1
    outer loop
      vertex 33.2667 -2.86667 0
      vertex 30.75 0 0
      vertex 33.2667 2.86667 0
    endloop
  endfacet
  facet normal 0 0 -1
    outer loop
      vertex 33.2667 -2.86667 0
      vertex 30.7283 -0.344666 0
      vertex 30.75 0 0
    endloop
  endfacet
  facet normal 0 0 -1
    outer loop
      vertex 33.2667 -2.86667 0
      vertex 30.6636 -0.683897 0
      vertex 30.7283 -0.344666 0
    endloop
  endfacet
  facet normal 0 0 -1
    outer loop
      vertex 33.2667 -2.86667 0
      vertex 30.5569 -1.01234 0
      vertex 30.6636 -0.683897 0
    endloop
  endfacet
  facet normal 0 0 -1
    outer loop
      vertex 28.5153 -2.70129 0
      vertex 33.2667 -2.86667 0
      vertex 39.5 -7.5 0
    endloop
  endfacet
  facet normal 0 0 -1
    outer loop
      vertex 33.2667 -2.86667 0
      vertex 30.4098 -1.32482 0
      vertex 30.5569 -1.01234 0
    endloop
  endfacet
  facet normal 0 0 -1
    outer loop
      vertex 33.2667 -2.86667 0
      vertex 30.2248 -1.61641 0
      vertex 30.4098 -1.32482 0
    endloop
  endfacet
  facet normal 0 0 -1
    outer loop
      vertex 33.2667 -2.86667 0
      vertex 30.0047 -1.8825 0
      vertex 30.2248 -1.61641 0
    endloop
  endfacet
  facet normal 0 0 -1
    outer loop
      vertex 33.2667 -2.86667 0
      vertex 29.7529 -2.11891 0
      vertex 30.0047 -1.8825 0
    endloop
  endfacet
  facet normal 0 0 -1
    outer loop
      vertex 33.2667 -2.86667 0
      vertex 29.4735 -2.3219 0
      vertex 29.7529 -2.11891 0
    endloop
  endfacet
  facet normal 0 0 -1
    outer loop
      vertex 33.2667 -2.86667 0
      vertex 29.1709 -2.48827 0
      vertex 29.4735 -2.3219 0
    endloop
  endfacet
  facet normal 0 0 -1
    outer loop
      vertex 33.2667 -2.86667 0
      vertex 28.8498 -2.61541 0
      vertex 29.1709 -2.48827 0
    endloop
  endfacet
  facet normal 0 0 -1
    outer loop
      vertex 33.2667 -2.86667 0
      vertex 28.5153 -2.70129 0
      vertex 28.8498 -2.61541 0
    endloop
  endfacet
  facet normal 0 0 -1
    outer loop
      vertex 39.5 -7.5 0
      vertex 28.1727 -2.74457 0
      vertex 28.5153 -2.70129 0
    endloop
  endfacet
  facet normal 0 0 -1
    outer loop
      vertex 39.5 -7.5 0
      vertex 27.8273 -2.74457 0
      vertex 28.1727 -2.74457 0
    endloop
  endfacet
  facet normal 0 0 -1
    outer loop
      vertex 22.7333 -2.86667 0
      vertex 27.8273 -2.74457 0
      vertex 39.5 -7.5 0
    endloop
  endfacet
  facet normal -0 0 -1
    outer loop
      vertex 27.8273 -2.74457 0
      vertex 22.7333 -2.86667 0
      vertex 27.4847 -2.70129 0
    endloop
  endfacet
  facet normal -0 0 -1
    outer loop
      vertex 25.2717 -0.344666 0
      vertex 22.7333 -2.86667 0
      vertex 25.25 0 0
    endloop
  endfacet
  facet normal -0 0 -1
    outer loop
      vertex 25.3364 -0.683897 0
      vertex 22.7333 -2.86667 0
      vertex 25.2717 -0.344666 0
    endloop
  endfacet
  facet normal -0 0 -1
    outer loop
      vertex 25.4431 -1.01234 0
      vertex 22.7333 -2.86667 0
      vertex 25.3364 -0.683897 0
    endloop
  endfacet
  facet normal -0 0 -1
    outer loop
      vertex 25.5902 -1.32482 0
      vertex 22.7333 -2.86667 0
      vertex 25.4431 -1.01234 0
    endloop
  endfacet
  facet normal -0 0 -1
    outer loop
      vertex 25.7752 -1.61641 0
      vertex 22.7333 -2.86667 0
      vertex 25.5902 -1.32482 0
    endloop
  endfacet
  facet normal -0 0 -1
    outer loop
      vertex 25.9953 -1.8825 0
      vertex 22.7333 -2.86667 0
      vertex 25.7752 -1.61641 0
    endloop
  endfacet
  facet normal -0 0 -1
    outer loop
      vertex 26.2471 -2.11891 0
      vertex 22.7333 -2.86667 0
      vertex 25.9953 -1.8825 0
    endloop
  endfacet
  facet normal -0 0 -1
    outer loop
      vertex 26.5265 -2.3219 0
      vertex 22.7333 -2.86667 0
      vertex 26.2471 -2.11891 0
    endloop
  endfacet
  facet normal -0 0 -1
    outer loop
      vertex 26.8291 -2.48827 0
      vertex 22.7333 -2.86667 0
      vertex 26.5265 -2.3219 0
    endloop
  endfacet
  facet normal -0 0 -1
    outer loop
      vertex 27.1502 -2.61541 0
      vertex 22.7333 -2.86667 0
      vertex 26.8291 -2.48827 0
    endloop
  endfacet
  facet normal -0 0 -1
    outer loop
      vertex 27.4847 -2.70129 0
      vertex 22.7333 -2.86667 0
      vertex 27.1502 -2.61541 0
    endloop
  endfacet
  facet normal 0 0 -1
    outer loop
      vertex 3.9666 -7.5 0
      vertex 22.7333 -2.86667 0
      vertex 39.5 -7.5 0
    endloop
  endfacet
  facet normal 0 0 -1
    outer loop
      vertex 3.9666 -7.5 0
      vertex 19.8667 2.86667 0
      vertex 19.8667 -2.86667 0
    endloop
  endfacet
  facet normal 0 0 -1
    outer loop
      vertex 18.1066 7.5 0
      vertex 16.0749 12.0208 0
      vertex 18.1019 14.0479 0
    endloop
  endfacet
  facet normal -0 0 -1
    outer loop
      vertex 19.8667 2.86667 0
      vertex 3.9666 -7.5 0
      vertex 18.1066 7.5 0
    endloop
  endfacet
  facet normal 0 0 -1
    outer loop
      vertex -2.48669 8.11992 0
      vertex 18.1066 7.5 0
      vertex 3.9666 -7.5 0
    endloop
  endfacet
  facet normal 0 0 -1
    outer loop
      vertex 18.1066 7.5 0
      vertex -2.48669 8.11992 0
      vertex 16.0749 12.0208 0
    endloop
  endfacet
  facet normal -0 0 -1
    outer loop
      vertex 22.7333 -2.86667 0
      vertex 3.9666 -7.5 0
      vertex 19.8667 -2.86667 0
    endloop
  endfacet
  facet normal 0 0 -1
    outer loop
      vertex 36.1333 2.86667 0
      vertex 39.5 7.5 0
      vertex 36.1333 -2.86667 0
    endloop
  endfacet
  facet normal 0 0 -1
    outer loop
      vertex 33.2667 2.86667 0
      vertex 39.5 7.5 0
      vertex 36.1333 2.86667 0
    endloop
  endfacet
  facet normal 0 0 -1
    outer loop
      vertex 30.7283 0.344666 0
      vertex 33.2667 2.86667 0
      vertex 30.75 0 0
    endloop
  endfacet
  facet normal 0 0 -1
    outer loop
      vertex 30.6636 0.683897 0
      vertex 33.2667 2.86667 0
      vertex 30.7283 0.344666 0
    endloop
  endfacet
  facet normal 0 0 -1
    outer loop
      vertex 30.5569 1.01234 0
      vertex 33.2667 2.86667 0
      vertex 30.6636 0.683897 0
    endloop
  endfacet
  facet normal 0 0 -1
    outer loop
      vertex 30.4098 1.32482 0
      vertex 33.2667 2.86667 0
      vertex 30.5569 1.01234 0
    endloop
  endfacet
  facet normal 0 0 -1
    outer loop
      vertex 30.2248 1.61641 0
      vertex 33.2667 2.86667 0
      vertex 30.4098 1.32482 0
    endloop
  endfacet
  facet normal 0 0 -1
    outer loop
      vertex 30.0047 1.8825 0
      vertex 33.2667 2.86667 0
      vertex 30.2248 1.61641 0
    endloop
  endfacet
  facet normal 0 0 -1
    outer loop
      vertex 29.7529 2.11891 0
      vertex 33.2667 2.86667 0
      vertex 30.0047 1.8825 0
    endloop
  endfacet
  facet normal 0 0 -1
    outer loop
      vertex 29.4735 2.3219 0
      vertex 33.2667 2.86667 0
      vertex 29.7529 2.11891 0
    endloop
  endfacet
  facet normal 0 0 -1
    outer loop
      vertex 29.1709 2.48827 0
      vertex 33.2667 2.86667 0
      vertex 29.4735 2.3219 0
    endloop
  endfacet
  facet normal 0 0 -1
    outer loop
      vertex 28.8498 2.61541 0
      vertex 33.2667 2.86667 0
      vertex 29.1709 2.48827 0
    endloop
  endfacet
  facet normal 0 0 -1
    outer loop
      vertex 28.5153 2.70129 0
      vertex 33.2667 2.86667 0
      vertex 28.8498 2.61541 0
    endloop
  endfacet
  facet normal -0 0 -1
    outer loop
      vertex 33.2667 2.86667 0
      vertex 28.5153 2.70129 0
      vertex 39.5 7.5 0
    endloop
  endfacet
  facet normal 0 0 -1
    outer loop
      vertex 28.1727 2.74457 0
      vertex 39.5 7.5 0
      vertex 28.5153 2.70129 0
    endloop
  endfacet
  facet normal 0 0 -1
    outer loop
      vertex 18.1066 7.5 0
      vertex 28.1727 2.74457 0
      vertex 27.8273 2.74457 0
    endloop
  endfacet
  facet normal 0 0 -1
    outer loop
      vertex 18.1066 7.5 0
      vertex 27.8273 2.74457 0
      vertex 27.4847 2.70129 0
    endloop
  endfacet
  facet normal 0 0 -1
    outer loop
      vertex 18.1066 7.5 0
      vertex 27.4847 2.70129 0
      vertex 27.1502 2.61541 0
    endloop
  endfacet
  facet normal 0 0 -1
    outer loop
      vertex 22.7333 2.86667 0
      vertex 25.25 0 0
      vertex 22.7333 -2.86667 0
    endloop
  endfacet
  facet normal 0 0 -1
    outer loop
      vertex 25.25 0 0
      vertex 22.7333 2.86667 0
      vertex 25.2717 0.344666 0
    endloop
  endfacet
  facet normal 0 0 -1
    outer loop
      vertex 25.2717 0.344666 0
      vertex 22.7333 2.86667 0
      vertex 25.3364 0.683897 0
    endloop
  endfacet
  facet normal 0 0 -1
    outer loop
      vertex 25.3364 0.683897 0
      vertex 22.7333 2.86667 0
      vertex 25.4431 1.01234 0
    endloop
  endfacet
  facet normal 0 0 -1
    outer loop
      vertex 25.4431 1.01234 0
      vertex 22.7333 2.86667 0
      vertex 25.5902 1.32482 0
    endloop
  endfacet
  facet normal 0 0 -1
    outer loop
      vertex 25.5902 1.32482 0
      vertex 22.7333 2.86667 0
      vertex 25.7752 1.61641 0
    endloop
  endfacet
  facet normal 0 0 -1
    outer loop
      vertex 22.7333 2.86667 0
      vertex 25.9953 1.8825 0
      vertex 25.7752 1.61641 0
    endloop
  endfacet
  facet normal 0 0 -1
    outer loop
      vertex 22.7333 2.86667 0
      vertex 26.2471 2.11891 0
      vertex 25.9953 1.8825 0
    endloop
  endfacet
  facet normal 0 0 -1
    outer loop
      vertex 22.7333 2.86667 0
      vertex 26.5265 2.3219 0
      vertex 26.2471 2.11891 0
    endloop
  endfacet
  facet normal 0 0 -1
    outer loop
      vertex 22.7333 2.86667 0
      vertex 26.8291 2.48827 0
      vertex 26.5265 2.3219 0
    endloop
  endfacet
  facet normal 0 0 -1
    outer loop
      vertex 22.7333 2.86667 0
      vertex 27.1502 2.61541 0
      vertex 26.8291 2.48827 0
    endloop
  endfacet
  facet normal 0 0 -1
    outer loop
      vertex 18.1066 7.5 0
      vertex 27.1502 2.61541 0
      vertex 22.7333 2.86667 0
    endloop
  endfacet
  facet normal 0 0 -1
    outer loop
      vertex 18.1066 7.5 0
      vertex 22.7333 2.86667 0
      vertex 19.8667 2.86667 0
    endloop
  endfacet
  facet normal 0 0 -1
    outer loop
      vertex 28.1727 2.74457 0
      vertex 18.1066 7.5 0
      vertex 39.5 7.5 0
    endloop
  endfacet
  facet normal -0 0 -1
    outer loop
      vertex 33.234 22.6274 0
      vertex 25.5501 21.496 0
      vertex 27.5772 23.5231 0
    endloop
  endfacet
  facet normal 0 0 -1
    outer loop
      vertex 22.0735 18.2533 0
      vertex 25.5501 21.496 0
      vertex 33.234 22.6274 0
    endloop
  endfacet
  facet normal 0 0 -1
    outer loop
      vertex 25.5501 21.496 0
      vertex 22.5368 19.5402 0
      vertex 22.5476 19.8854 0
    endloop
  endfacet
  facet normal 0 0 -1
    outer loop
      vertex 25.5501 21.496 0
      vertex 22.4828 19.1991 0
      vertex 22.5368 19.5402 0
    endloop
  endfacet
  facet normal 0 0 -1
    outer loop
      vertex 25.5501 21.496 0
      vertex 22.3864 18.8675 0
      vertex 22.4828 19.1991 0
    endloop
  endfacet
  facet normal 0 0 -1
    outer loop
      vertex 25.5501 21.496 0
      vertex 22.2493 18.5505 0
      vertex 22.3864 18.8675 0
    endloop
  endfacet
  facet normal 0 0 -1
    outer loop
      vertex 25.5501 21.496 0
      vertex 22.0735 18.2533 0
      vertex 22.2493 18.5505 0
    endloop
  endfacet
  facet normal 0 0 -1
    outer loop
      vertex 33.234 22.6274 0
      vertex 21.8618 17.9804 0
      vertex 22.0735 18.2533 0
    endloop
  endfacet
  facet normal 0 0 -1
    outer loop
      vertex 18.1066 7.5 0
      vertex 21.8618 17.9804 0
      vertex 33.234 22.6274 0
    endloop
  endfacet
  facet normal 0 0 -1
    outer loop
      vertex 21.8618 17.9804 0
      vertex 18.1066 7.5 0
      vertex 21.6176 17.7362 0
    endloop
  endfacet
  facet normal 0 0 -1
    outer loop
      vertex 21.6176 17.7362 0
      vertex 18.1066 7.5 0
      vertex 21.3447 17.5245 0
    endloop
  endfacet
  facet normal 0 0 -1
    outer loop
      vertex 21.3447 17.5245 0
      vertex 18.1066 7.5 0
      vertex 21.0475 17.3487 0
    endloop
  endfacet
  facet normal 0 0 -1
    outer loop
      vertex 18.1019 14.0479 0
      vertex 21.0475 17.3487 0
      vertex 18.1066 7.5 0
    endloop
  endfacet
  facet normal 0 0 -1
    outer loop
      vertex 21.0475 17.3487 0
      vertex 18.1019 14.0479 0
      vertex 20.7305 17.2116 0
    endloop
  endfacet
  facet normal 0 0 -1
    outer loop
      vertex 20.7305 17.2116 0
      vertex 18.1019 14.0479 0
      vertex 20.3989 17.1152 0
    endloop
  endfacet
  facet normal 0 0 -1
    outer loop
      vertex 20.3989 17.1152 0
      vertex 18.1019 14.0479 0
      vertex 20.0578 17.0612 0
    endloop
  endfacet
  facet normal 0 0 -1
    outer loop
      vertex 20.0578 17.0612 0
      vertex 18.1019 14.0479 0
      vertex 19.7126 17.0503 0
    endloop
  endfacet
  facet normal -0 0 -1
    outer loop
      vertex 19.7126 17.0503 0
      vertex 18.1019 14.0479 0
      vertex 19.3688 17.0828 0
    endloop
  endfacet
  facet normal -0 0 -1
    outer loop
      vertex 19.3688 17.0828 0
      vertex 18.1019 14.0479 0
      vertex 19.0318 17.1582 0
    endloop
  endfacet
  facet normal -0 0 -1
    outer loop
      vertex 19.0318 17.1582 0
      vertex 18.1019 14.0479 0
      vertex 18.7068 17.2752 0
    endloop
  endfacet
  facet normal -0 0 -1
    outer loop
      vertex 18.7068 17.2752 0
      vertex 18.1019 14.0479 0
      vertex 18.3991 17.4319 0
    endloop
  endfacet
  facet normal -0 0 -1
    outer loop
      vertex 18.3991 17.4319 0
      vertex 18.1019 14.0479 0
      vertex 18.1135 17.6261 0
    endloop
  endfacet
  facet normal 0 0 -1
    outer loop
      vertex 18.1019 14.0479 0
      vertex 17.8544 17.8544 0
      vertex 18.1135 17.6261 0
    endloop
  endfacet
  facet normal 0 0 -1
    outer loop
      vertex 14.0479 18.1019 0
      vertex 17.8544 17.8544 0
      vertex 18.1019 14.0479 0
    endloop
  endfacet
  facet normal 0 0 -1
    outer loop
      vertex 17.8544 17.8544 0
      vertex 14.0479 18.1019 0
      vertex 17.6261 18.1135 0
    endloop
  endfacet
  facet normal -0 0 -1
    outer loop
      vertex 17.6261 18.1135 0
      vertex 14.0479 18.1019 0
      vertex 17.4319 18.3991 0
    endloop
  endfacet
  facet normal -0 0 -1
    outer loop
      vertex 17.4319 18.3991 0
      vertex 14.0479 18.1019 0
      vertex 17.2752 18.7068 0
    endloop
  endfacet
  facet normal -0 0 -1
    outer loop
      vertex 17.2752 18.7068 0
      vertex 14.0479 18.1019 0
      vertex 17.1582 19.0318 0
    endloop
  endfacet
  facet normal -0 0 -1
    outer loop
      vertex 17.0828 19.3688 0
      vertex 14.0479 18.1019 0
      vertex 17.0503 19.7126 0
    endloop
  endfacet
  facet normal -0 0 -1
    outer loop
      vertex 17.1582 19.0318 0
      vertex 14.0479 18.1019 0
      vertex 17.0828 19.3688 0
    endloop
  endfacet
  facet normal 0 0 -1
    outer loop
      vertex 23.5231 27.5772 0
      vertex 33.234 22.6274 0
      vertex 27.5772 23.5231 0
    endloop
  endfacet
  facet normal 0 0 -1
    outer loop
      vertex 23.5231 27.5772 0
      vertex 22.6274 33.234 0
      vertex 33.234 22.6274 0
    endloop
  endfacet
  facet normal 0 0 -1
    outer loop
      vertex 21.496 25.5501 0
      vertex 22.6274 33.234 0
      vertex 23.5231 27.5772 0
    endloop
  endfacet
  facet normal 0 0 -1
    outer loop
      vertex 21.1989 22.166 0
      vertex 21.496 25.5501 0
      vertex 21.4845 21.9719 0
    endloop
  endfacet
  facet normal 0 0 -1
    outer loop
      vertex 20.8911 22.3228 0
      vertex 21.496 25.5501 0
      vertex 21.1989 22.166 0
    endloop
  endfacet
  facet normal 0 0 -1
    outer loop
      vertex 20.5662 22.4398 0
      vertex 21.496 25.5501 0
      vertex 20.8911 22.3228 0
    endloop
  endfacet
  facet normal 0 0 -1
    outer loop
      vertex 20.2292 22.5151 0
      vertex 21.496 25.5501 0
      vertex 20.5662 22.4398 0
    endloop
  endfacet
  facet normal 0 0 -1
    outer loop
      vertex 19.8854 22.5476 0
      vertex 21.496 25.5501 0
      vertex 20.2292 22.5151 0
    endloop
  endfacet
  facet normal 0 0 -1
    outer loop
      vertex 19.5402 22.5368 0
      vertex 21.496 25.5501 0
      vertex 19.8854 22.5476 0
    endloop
  endfacet
  facet normal 0 0 -1
    outer loop
      vertex 19.1991 22.4828 0
      vertex 21.496 25.5501 0
      vertex 19.5402 22.5368 0
    endloop
  endfacet
  facet normal 0 0 -1
    outer loop
      vertex 18.8675 22.3864 0
      vertex 21.496 25.5501 0
      vertex 19.1991 22.4828 0
    endloop
  endfacet
  facet normal 0 0 -1
    outer loop
      vertex 18.5505 22.2493 0
      vertex 21.496 25.5501 0
      vertex 18.8675 22.3864 0
    endloop
  endfacet
  facet normal 0 0 -1
    outer loop
      vertex 18.2533 22.0735 0
      vertex 21.496 25.5501 0
      vertex 18.5505 22.2493 0
    endloop
  endfacet
  facet normal -0 0 -1
    outer loop
      vertex 21.496 25.5501 0
      vertex 18.2533 22.0735 0
      vertex 22.6274 33.234 0
    endloop
  endfacet
  facet normal 0 0 -1
    outer loop
      vertex 17.9804 21.8618 0
      vertex 22.6274 33.234 0
      vertex 18.2533 22.0735 0
    endloop
  endfacet
  facet normal 0 0 -1
    outer loop
      vertex 17.7362 21.6176 0
      vertex 22.6274 33.234 0
      vertex 17.9804 21.8618 0
    endloop
  endfacet
  facet normal 0 0 -1
    outer loop
      vertex 14.0479 18.1019 0
      vertex 17.7362 21.6176 0
      vertex 17.5245 21.3447 0
    endloop
  endfacet
  facet normal 0 0 -1
    outer loop
      vertex 14.0479 18.1019 0
      vertex 17.5245 21.3447 0
      vertex 17.3487 21.0475 0
    endloop
  endfacet
  facet normal 0 0 -1
    outer loop
      vertex 14.0479 18.1019 0
      vertex 17.0612 20.0578 0
      vertex 17.0503 19.7126 0
    endloop
  endfacet
  facet normal 0 0 -1
    outer loop
      vertex 14.0479 18.1019 0
      vertex 17.1152 20.3989 0
      vertex 17.0612 20.0578 0
    endloop
  endfacet
  facet normal 0 0 -1
    outer loop
      vertex 14.0479 18.1019 0
      vertex 17.2116 20.7305 0
      vertex 17.1152 20.3989 0
    endloop
  endfacet
  facet normal 0 0 -1
    outer loop
      vertex 14.0479 18.1019 0
      vertex 17.3487 21.0475 0
      vertex 17.2116 20.7305 0
    endloop
  endfacet
  facet normal -0 0 -1
    outer loop
      vertex 17.7362 21.6176 0
      vertex 14.0479 18.1019 0
      vertex 22.6274 33.234 0
    endloop
  endfacet
  facet normal 0 0 -1
    outer loop
      vertex -2.48669 8.11992 0
      vertex 14.0479 18.1019 0
      vertex 12.0208 16.0749 0
    endloop
  endfacet
  facet normal 0 0 -1
    outer loop
      vertex 2.62664 -8.08398 0
      vertex 3.9666 -7.5 0
      vertex 3.61912 -7.69103 0
    endloop
  endfacet
  facet normal 0 0 -1
    outer loop
      vertex 1.59274 -8.34944 0
      vertex 3.9666 -7.5 0
      vertex 2.62664 -8.08398 0
    endloop
  endfacet
  facet normal -0 0 -1
    outer loop
      vertex 3.9666 -7.5 0
      vertex 1.59274 -8.34944 0
      vertex -2.48669 8.11992 0
    endloop
  endfacet
  facet normal 0 0 -1
    outer loop
      vertex -2.48669 8.11992 0
      vertex 1.59274 -8.34944 0
      vertex 0.533719 -8.48323 0
    endloop
  endfacet
  facet normal 0 0 -1
    outer loop
      vertex -2.48669 8.11992 0
      vertex 0.533719 -8.48323 0
      vertex -0.533719 -8.48323 0
    endloop
  endfacet
  facet normal 0 0 -1
    outer loop
      vertex -2.48669 8.11992 0
      vertex -0.533719 -8.48323 0
      vertex -1.59274 -8.34944 0
    endloop
  endfacet
  facet normal -0 0 -1
    outer loop
      vertex 14.0479 18.1019 0
      vertex -2.48669 8.11992 0
      vertex 22.6274 33.234 0
    endloop
  endfacet
  facet normal -0 0 -1
    outer loop
      vertex 16.0749 12.0208 0
      vertex -2.48669 8.11992 0
      vertex 12.0208 16.0749 0
    endloop
  endfacet
  facet normal 0 0 -1
    outer loop
      vertex -2.62664 -8.08398 0
      vertex -2.48669 8.11992 0
      vertex -1.59274 -8.34944 0
    endloop
  endfacet
  facet normal 0 0 -1
    outer loop
      vertex -3.61912 -7.69103 0
      vertex -2.48669 8.11992 0
      vertex -2.62664 -8.08398 0
    endloop
  endfacet
  facet normal 0 0 -1
    outer loop
      vertex -3.61912 7.69103 0
      vertex -2.48669 8.11992 0
      vertex -3.61912 -7.69103 0
    endloop
  endfacet
  facet normal 0 0 -1
    outer loop
      vertex -2.48669 8.11992 0
      vertex -3.61912 7.69103 0
      vertex -2.62664 8.08398 0
    endloop
  endfacet
  facet normal 0 0 -1
    outer loop
      vertex -4.55453 -7.17679 0
      vertex -3.61912 7.69103 0
      vertex -3.61912 -7.69103 0
    endloop
  endfacet
  facet normal 0 0 -1
    outer loop
      vertex -4.55453 -7.17679 0
      vertex -4.55453 7.17679 0
      vertex -3.61912 7.69103 0
    endloop
  endfacet
  facet normal 0 0 -1
    outer loop
      vertex -5.4181 -6.54936 0
      vertex -4.55453 7.17679 0
      vertex -4.55453 -7.17679 0
    endloop
  endfacet
  facet normal 0 0 -1
    outer loop
      vertex -5.4181 -6.54936 0
      vertex -5.4181 6.54936 0
      vertex -4.55453 7.17679 0
    endloop
  endfacet
  facet normal 0 0 -1
    outer loop
      vertex -6.19623 -5.81865 0
      vertex -5.4181 6.54936 0
      vertex -5.4181 -6.54936 0
    endloop
  endfacet
  facet normal 0 0 -1
    outer loop
      vertex -6.19623 -5.81865 0
      vertex -6.19623 5.81865 0
      vertex -5.4181 6.54936 0
    endloop
  endfacet
  facet normal 0 0 -1
    outer loop
      vertex -6.87664 -4.99617 0
      vertex -6.19623 5.81865 0
      vertex -6.19623 -5.81865 0
    endloop
  endfacet
  facet normal 0 0 -1
    outer loop
      vertex -6.87664 -4.99617 0
      vertex -6.87664 4.99617 0
      vertex -6.19623 5.81865 0
    endloop
  endfacet
  facet normal 0 0 -1
    outer loop
      vertex -7.44861 -4.09491 0
      vertex -6.87664 4.99617 0
      vertex -6.87664 -4.99617 0
    endloop
  endfacet
  facet normal 0 0 -1
    outer loop
      vertex -7.44861 -4.09491 0
      vertex -7.44861 4.09491 0
      vertex -6.87664 4.99617 0
    endloop
  endfacet
  facet normal 0 0 -1
    outer loop
      vertex -7.9031 -3.12906 0
      vertex -7.44861 4.09491 0
      vertex -7.44861 -4.09491 0
    endloop
  endfacet
  facet normal 0 0 -1
    outer loop
      vertex -7.9031 -3.12906 0
      vertex -7.9031 3.12906 0
      vertex -7.44861 4.09491 0
    endloop
  endfacet
  facet normal 0 0 -1
    outer loop
      vertex -8.23296 -2.11386 0
      vertex -7.9031 3.12906 0
      vertex -7.9031 -3.12906 0
    endloop
  endfacet
  facet normal 0 0 -1
    outer loop
      vertex -8.23296 -2.11386 0
      vertex -8.23296 2.11386 0
      vertex -7.9031 3.12906 0
    endloop
  endfacet
  facet normal 0 0 -1
    outer loop
      vertex -8.43297 -1.06533 0
      vertex -8.23296 2.11386 0
      vertex -8.23296 -2.11386 0
    endloop
  endfacet
  facet normal 0 0 -1
    outer loop
      vertex -8.43297 -1.06533 0
      vertex -8.43297 1.06533 0
      vertex -8.23296 2.11386 0
    endloop
  endfacet
  facet normal 0 -0 -1
    outer loop
      vertex -8.43297 1.06533 0
      vertex -8.43297 -1.06533 0
      vertex -8.5 0 0
    endloop
  endfacet
  facet normal 0 0 -1
    outer loop
      vertex 22.5151 20.2292 0
      vertex 25.5501 21.496 0
      vertex 22.5476 19.8854 0
    endloop
  endfacet
  facet normal 0 0 -1
    outer loop
      vertex 22.4398 20.5662 0
      vertex 25.5501 21.496 0
      vertex 22.5151 20.2292 0
    endloop
  endfacet
  facet normal 0 0 -1
    outer loop
      vertex 22.3228 20.8911 0
      vertex 25.5501 21.496 0
      vertex 22.4398 20.5662 0
    endloop
  endfacet
  facet normal 0 0 -1
    outer loop
      vertex 22.166 21.1989 0
      vertex 25.5501 21.496 0
      vertex 22.3228 20.8911 0
    endloop
  endfacet
  facet normal 0 0 -1
    outer loop
      vertex 21.9719 21.4845 0
      vertex 25.5501 21.496 0
      vertex 22.166 21.1989 0
    endloop
  endfacet
  facet normal 0 0 -1
    outer loop
      vertex 21.7435 21.7435 0
      vertex 25.5501 21.496 0
      vertex 21.9719 21.4845 0
    endloop
  endfacet
  facet normal 0 0 -1
    outer loop
      vertex 21.7435 21.7435 0
      vertex 21.496 25.5501 0
      vertex 25.5501 21.496 0
    endloop
  endfacet
  facet normal 0 -0 -1
    outer loop
      vertex 21.496 25.5501 0
      vertex 21.7435 21.7435 0
      vertex 21.4845 21.9719 0
    endloop
  endfacet
  facet normal 0.707107 -0 0.707107
    outer loop
      vertex 39.5 -7.5 5
      vertex 40 7.5 4.5
      vertex 39.5 7.5 5
    endloop
  endfacet
  facet normal 0.707107 0 0.707107
    outer loop
      vertex 40 7.5 4.5
      vertex 39.5 -7.5 5
      vertex 40 -7.5 4.5
    endloop
  endfacet
  facet normal 0.707107 -0.707107 0
    outer loop
      vertex 39.5 -8 4.5
      vertex 40 -7.5 0.5
      vertex 40 -7.5 4.5
    endloop
  endfacet
  facet normal 0.707107 -0.707107 0
    outer loop
      vertex 40 -7.5 0.5
      vertex 39.5 -8 4.5
      vertex 39.5 -8 0.5
    endloop
  endfacet
  facet normal 0 -1 0
    outer loop
      vertex 4.09294 -8 0.5
      vertex 39.5 -8 4.5
      vertex 4.09294 -8 4.5
    endloop
  endfacet
  facet normal 0 -1 -0
    outer loop
      vertex 39.5 -8 4.5
      vertex 4.09294 -8 0.5
      vertex 39.5 -8 0.5
    endloop
  endfacet
  facet normal 0.707107 0.707107 0
    outer loop
      vertex 40 7.5 4.5
      vertex 39.5 8 0.5
      vertex 39.5 8 4.5
    endloop
  endfacet
  facet normal 0.707107 0.707107 0
    outer loop
      vertex 39.5 8 0.5
      vertex 40 7.5 4.5
      vertex 40 7.5 0.5
    endloop
  endfacet
  facet normal 0.57735 -0.57735 0.57735
    outer loop
      vertex 39.5 -7.5 5
      vertex 39.5 -8 4.5
      vertex 40 -7.5 4.5
    endloop
  endfacet
  facet normal 0 0 -1
    outer loop
      vertex 20.2 -2.7 -1.5
      vertex 22.4 2.7 -1.5
      vertex 22.4 -2.7 -1.5
    endloop
  endfacet
  facet normal -0 0 -1
    outer loop
      vertex 22.4 2.7 -1.5
      vertex 20.2 -2.7 -1.5
      vertex 20.2 2.7 -1.5
    endloop
  endfacet
  facet normal 0.976192 0 -0.21691
    outer loop
      vertex 22.7333 2.86667 0
      vertex 22.4 -2.7 -1.5
      vertex 22.4 2.7 -1.5
    endloop
  endfacet
  facet normal 0.976192 0 -0.21691
    outer loop
      vertex 22.4 -2.7 -1.5
      vertex 22.7333 2.86667 0
      vertex 22.7333 -2.86667 0
    endloop
  endfacet
  facet normal 0 -0.993883 -0.110434
    outer loop
      vertex 20.2 -2.7 -1.5
      vertex 22.7333 -2.86667 0
      vertex 19.8667 -2.86667 0
    endloop
  endfacet
  facet normal 0 -0.993883 -0.110434
    outer loop
      vertex 22.7333 -2.86667 0
      vertex 20.2 -2.7 -1.5
      vertex 22.4 -2.7 -1.5
    endloop
  endfacet
  facet normal -0.976192 0 -0.21691
    outer loop
      vertex 20.2 -2.7 -1.5
      vertex 19.8667 2.86667 0
      vertex 20.2 2.7 -1.5
    endloop
  endfacet
  facet normal -0.976192 -0 -0.21691
    outer loop
      vertex 19.8667 2.86667 0
      vertex 20.2 -2.7 -1.5
      vertex 19.8667 -2.86667 0
    endloop
  endfacet
  facet normal 0 0.993883 -0.110434
    outer loop
      vertex 22.4 2.7 -1.5
      vertex 19.8667 2.86667 0
      vertex 22.7333 2.86667 0
    endloop
  endfacet
  facet normal 0 0.993883 -0.110434
    outer loop
      vertex 19.8667 2.86667 0
      vertex 22.4 2.7 -1.5
      vertex 20.2 2.7 -1.5
    endloop
  endfacet
  facet normal -0.976192 0 -0.21691
    outer loop
      vertex 33.6 -2.7 -1.5
      vertex 33.2667 2.86667 0
      vertex 33.6 2.7 -1.5
    endloop
  endfacet
  facet normal -0.976192 -0 -0.21691
    outer loop
      vertex 33.2667 2.86667 0
      vertex 33.6 -2.7 -1.5
      vertex 33.2667 -2.86667 0
    endloop
  endfacet
  facet normal 0 0 -1
    outer loop
      vertex 33.6 -2.7 -1.5
      vertex 35.8 2.7 -1.5
      vertex 35.8 -2.7 -1.5
    endloop
  endfacet
  facet normal -0 0 -1
    outer loop
      vertex 35.8 2.7 -1.5
      vertex 33.6 -2.7 -1.5
      vertex 33.6 2.7 -1.5
    endloop
  endfacet
  facet normal 0.976192 0 -0.21691
    outer loop
      vertex 36.1333 2.86667 0
      vertex 35.8 -2.7 -1.5
      vertex 35.8 2.7 -1.5
    endloop
  endfacet
  facet normal 0.976192 0 -0.21691
    outer loop
      vertex 35.8 -2.7 -1.5
      vertex 36.1333 2.86667 0
      vertex 36.1333 -2.86667 0
    endloop
  endfacet
  facet normal 0 -0.993883 -0.110434
    outer loop
      vertex 33.6 -2.7 -1.5
      vertex 36.1333 -2.86667 0
      vertex 33.2667 -2.86667 0
    endloop
  endfacet
  facet normal 0 -0.993883 -0.110434
    outer loop
      vertex 36.1333 -2.86667 0
      vertex 33.6 -2.7 -1.5
      vertex 35.8 -2.7 -1.5
    endloop
  endfacet
  facet normal 0 0.993883 -0.110434
    outer loop
      vertex 35.8 2.7 -1.5
      vertex 33.2667 2.86667 0
      vertex 36.1333 2.86667 0
    endloop
  endfacet
  facet normal 0 0.993883 -0.110434
    outer loop
      vertex 33.2667 2.86667 0
      vertex 35.8 2.7 -1.5
      vertex 33.6 2.7 -1.5
    endloop
  endfacet
  facet normal -0.368143 0.929769 0
    outer loop
      vertex 29.1709 -2.48827 0
      vertex 28.8498 -2.61541 5
      vertex 29.1709 -2.48827 5
    endloop
  endfacet
  facet normal -0.368143 0.929769 0
    outer loop
      vertex 28.8498 -2.61541 5
      vertex 29.1709 -2.48827 0
      vertex 28.8498 -2.61541 0
    endloop
  endfacet
  facet normal -0.982294 -0.187348 0
    outer loop
      vertex 30.7283 0.344666 0
      vertex 30.6636 0.683897 5
      vertex 30.6636 0.683897 0
    endloop
  endfacet
  facet normal -0.982294 -0.187348 0
    outer loop
      vertex 30.6636 0.683897 5
      vertex 30.7283 0.344666 0
      vertex 30.7283 0.344666 5
    endloop
  endfacet
  facet normal -0.998024 -0.0628351 0
    outer loop
      vertex 30.75 0 0
      vertex 30.7283 0.344666 5
      vertex 30.7283 0.344666 0
    endloop
  endfacet
  facet normal -0.998024 -0.0628351 0
    outer loop
      vertex 30.7283 0.344666 5
      vertex 30.75 0 0
      vertex 30.75 0 5
    endloop
  endfacet
  facet normal -0.951071 -0.308971 0
    outer loop
      vertex 30.6636 0.683897 0
      vertex 30.5569 1.01234 5
      vertex 30.5569 1.01234 0
    endloop
  endfacet
  facet normal -0.951071 -0.308971 0
    outer loop
      vertex 30.5569 1.01234 5
      vertex 30.6636 0.683897 0
      vertex 30.6636 0.683897 5
    endloop
  endfacet
  facet normal -0.844392 0.535726 0
    outer loop
      vertex 30.2248 -1.61641 0
      vertex 30.4098 -1.32482 5
      vertex 30.4098 -1.32482 0
    endloop
  endfacet
  facet normal -0.844392 0.535726 0
    outer loop
      vertex 30.4098 -1.32482 5
      vertex 30.2248 -1.61641 0
      vertex 30.2248 -1.61641 5
    endloop
  endfacet
  facet normal -0.998024 0.0628351 0
    outer loop
      vertex 30.7283 -0.344666 0
      vertex 30.75 0 5
      vertex 30.75 0 0
    endloop
  endfacet
  facet normal -0.998024 0.0628351 0
    outer loop
      vertex 30.75 0 5
      vertex 30.7283 -0.344666 0
      vertex 30.7283 -0.344666 5
    endloop
  endfacet
  facet normal -0.904762 -0.425917 0
    outer loop
      vertex 30.5569 1.01234 0
      vertex 30.4098 1.32482 5
      vertex 30.4098 1.32482 0
    endloop
  endfacet
  facet normal -0.904762 -0.425917 0
    outer loop
      vertex 30.4098 1.32482 5
      vertex 30.5569 1.01234 0
      vertex 30.5569 1.01234 5
    endloop
  endfacet
  facet normal 0.982294 -0.187348 0
    outer loop
      vertex 25.2717 0.344666 5
      vertex 25.3364 0.683897 0
      vertex 25.3364 0.683897 5
    endloop
  endfacet
  facet normal 0.982294 -0.187348 0
    outer loop
      vertex 25.3364 0.683897 0
      vertex 25.2717 0.344666 5
      vertex 25.2717 0.344666 0
    endloop
  endfacet
  facet normal 0.481785 -0.876289 0
    outer loop
      vertex 26.5265 2.3219 0
      vertex 26.8291 2.48827 5
      vertex 26.5265 2.3219 5
    endloop
  endfacet
  facet normal 0.481785 -0.876289 0
    outer loop
      vertex 26.8291 2.48827 5
      vertex 26.5265 2.3219 0
      vertex 26.8291 2.48827 0
    endloop
  endfacet
  facet normal -0.770554 0.637374 0
    outer loop
      vertex 30.0047 -1.8825 0
      vertex 30.2248 -1.61641 5
      vertex 30.2248 -1.61641 0
    endloop
  endfacet
  facet normal -0.770554 0.637374 0
    outer loop
      vertex 30.2248 -1.61641 5
      vertex 30.0047 -1.8825 0
      vertex 30.0047 -1.8825 5
    endloop
  endfacet
  facet normal 0.587774 -0.809025 0
    outer loop
      vertex 26.2471 2.11891 0
      vertex 26.5265 2.3219 5
      vertex 26.2471 2.11891 5
    endloop
  endfacet
  facet normal 0.587774 -0.809025 0
    outer loop
      vertex 26.5265 2.3219 5
      vertex 26.2471 2.11891 0
      vertex 26.5265 2.3219 0
    endloop
  endfacet
  facet normal 0.684476 0.729035 -0
    outer loop
      vertex 26.2471 -2.11891 0
      vertex 25.9953 -1.8825 5
      vertex 26.2471 -2.11891 5
    endloop
  endfacet
  facet normal 0.684476 0.729035 0
    outer loop
      vertex 25.9953 -1.8825 5
      vertex 26.2471 -2.11891 0
      vertex 25.9953 -1.8825 0
    endloop
  endfacet
  facet normal 0 -1 0
    outer loop
      vertex 27.8273 2.74457 0
      vertex 28.1727 2.74457 5
      vertex 27.8273 2.74457 5
    endloop
  endfacet
  facet normal 0 -1 -0
    outer loop
      vertex 28.1727 2.74457 5
      vertex 27.8273 2.74457 0
      vertex 28.1727 2.74457 0
    endloop
  endfacet
  facet normal -0.844392 -0.535726 0
    outer loop
      vertex 30.4098 1.32482 0
      vertex 30.2248 1.61641 5
      vertex 30.2248 1.61641 0
    endloop
  endfacet
  facet normal -0.844392 -0.535726 0
    outer loop
      vertex 30.2248 1.61641 5
      vertex 30.4098 1.32482 0
      vertex 30.4098 1.32482 5
    endloop
  endfacet
  facet normal -0.125332 -0.992115 0
    outer loop
      vertex 28.1727 2.74457 0
      vertex 28.5153 2.70129 5
      vertex 28.1727 2.74457 5
    endloop
  endfacet
  facet normal -0.125332 -0.992115 -0
    outer loop
      vertex 28.5153 2.70129 5
      vertex 28.1727 2.74457 0
      vertex 28.5153 2.70129 0
    endloop
  endfacet
  facet normal 0.951071 -0.308971 0
    outer loop
      vertex 25.3364 0.683897 5
      vertex 25.4431 1.01234 0
      vertex 25.4431 1.01234 5
    endloop
  endfacet
  facet normal 0.951071 -0.308971 0
    outer loop
      vertex 25.4431 1.01234 0
      vertex 25.3364 0.683897 5
      vertex 25.3364 0.683897 0
    endloop
  endfacet
  facet normal 0.248676 0.968587 -0
    outer loop
      vertex 27.4847 -2.70129 0
      vertex 27.1502 -2.61541 5
      vertex 27.4847 -2.70129 5
    endloop
  endfacet
  facet normal 0.248676 0.968587 0
    outer loop
      vertex 27.1502 -2.61541 5
      vertex 27.4847 -2.70129 0
      vertex 27.1502 -2.61541 0
    endloop
  endfacet
  facet normal -0.368143 -0.929769 0
    outer loop
      vertex 28.8498 2.61541 0
      vertex 29.1709 2.48827 5
      vertex 28.8498 2.61541 5
    endloop
  endfacet
  facet normal -0.368143 -0.929769 -0
    outer loop
      vertex 29.1709 2.48827 5
      vertex 28.8498 2.61541 0
      vertex 29.1709 2.48827 0
    endloop
  endfacet
  facet normal 0.125332 0.992115 -0
    outer loop
      vertex 27.8273 -2.74457 0
      vertex 27.4847 -2.70129 5
      vertex 27.8273 -2.74457 5
    endloop
  endfacet
  facet normal 0.125332 0.992115 0
    outer loop
      vertex 27.4847 -2.70129 5
      vertex 27.8273 -2.74457 0
      vertex 27.4847 -2.70129 0
    endloop
  endfacet
  facet normal -0.684476 0.729035 0
    outer loop
      vertex 30.0047 -1.8825 0
      vertex 29.7529 -2.11891 5
      vertex 30.0047 -1.8825 5
    endloop
  endfacet
  facet normal -0.684476 0.729035 0
    outer loop
      vertex 29.7529 -2.11891 5
      vertex 30.0047 -1.8825 0
      vertex 29.7529 -2.11891 0
    endloop
  endfacet
  facet normal -0.904762 0.425917 0
    outer loop
      vertex 30.4098 -1.32482 0
      vertex 30.5569 -1.01234 5
      vertex 30.5569 -1.01234 0
    endloop
  endfacet
  facet normal -0.904762 0.425917 0
    outer loop
      vertex 30.5569 -1.01234 5
      vertex 30.4098 -1.32482 0
      vertex 30.4098 -1.32482 5
    endloop
  endfacet
  facet normal -0.587774 0.809025 0
    outer loop
      vertex 29.7529 -2.11891 0
      vertex 29.4735 -2.3219 5
      vertex 29.7529 -2.11891 5
    endloop
  endfacet
  facet normal -0.587774 0.809025 0
    outer loop
      vertex 29.4735 -2.3219 5
      vertex 29.7529 -2.11891 0
      vertex 29.4735 -2.3219 0
    endloop
  endfacet
  facet normal -0.770554 -0.637374 0
    outer loop
      vertex 30.2248 1.61641 0
      vertex 30.0047 1.8825 5
      vertex 30.0047 1.8825 0
    endloop
  endfacet
  facet normal -0.770554 -0.637374 0
    outer loop
      vertex 30.0047 1.8825 5
      vertex 30.2248 1.61641 0
      vertex 30.2248 1.61641 5
    endloop
  endfacet
  facet normal -0.684476 -0.729035 0
    outer loop
      vertex 29.7529 2.11891 0
      vertex 30.0047 1.8825 5
      vertex 29.7529 2.11891 5
    endloop
  endfacet
  facet normal -0.684476 -0.729035 -0
    outer loop
      vertex 30.0047 1.8825 5
      vertex 29.7529 2.11891 0
      vertex 30.0047 1.8825 0
    endloop
  endfacet
  facet normal 0.770554 0.637374 0
    outer loop
      vertex 25.9953 -1.8825 5
      vertex 25.7752 -1.61641 0
      vertex 25.7752 -1.61641 5
    endloop
  endfacet
  facet normal 0.770554 0.637374 0
    outer loop
      vertex 25.7752 -1.61641 0
      vertex 25.9953 -1.8825 5
      vertex 25.9953 -1.8825 0
    endloop
  endfacet
  facet normal -0.587774 -0.809025 0
    outer loop
      vertex 29.4735 2.3219 0
      vertex 29.7529 2.11891 5
      vertex 29.4735 2.3219 5
    endloop
  endfacet
  facet normal -0.587774 -0.809025 -0
    outer loop
      vertex 29.7529 2.11891 5
      vertex 29.4735 2.3219 0
      vertex 29.7529 2.11891 0
    endloop
  endfacet
  facet normal -0.481785 -0.876289 0
    outer loop
      vertex 29.1709 2.48827 0
      vertex 29.4735 2.3219 5
      vertex 29.1709 2.48827 5
    endloop
  endfacet
  facet normal -0.481785 -0.876289 -0
    outer loop
      vertex 29.4735 2.3219 5
      vertex 29.1709 2.48827 0
      vertex 29.4735 2.3219 0
    endloop
  endfacet
  facet normal -0.982294 0.187348 0
    outer loop
      vertex 30.6636 -0.683897 0
      vertex 30.7283 -0.344666 5
      vertex 30.7283 -0.344666 0
    endloop
  endfacet
  facet normal -0.982294 0.187348 0
    outer loop
      vertex 30.7283 -0.344666 5
      vertex 30.6636 -0.683897 0
      vertex 30.6636 -0.683897 5
    endloop
  endfacet
  facet normal 0.368143 -0.929769 0
    outer loop
      vertex 26.8291 2.48827 0
      vertex 27.1502 2.61541 5
      vertex 26.8291 2.48827 5
    endloop
  endfacet
  facet normal 0.368143 -0.929769 0
    outer loop
      vertex 27.1502 2.61541 5
      vertex 26.8291 2.48827 0
      vertex 27.1502 2.61541 0
    endloop
  endfacet
  facet normal 0.844392 0.535726 0
    outer loop
      vertex 25.7752 -1.61641 5
      vertex 25.5902 -1.32482 0
      vertex 25.5902 -1.32482 5
    endloop
  endfacet
  facet normal 0.844392 0.535726 0
    outer loop
      vertex 25.5902 -1.32482 0
      vertex 25.7752 -1.61641 5
      vertex 25.7752 -1.61641 0
    endloop
  endfacet
  facet normal 0.248676 -0.968587 0
    outer loop
      vertex 27.1502 2.61541 0
      vertex 27.4847 2.70129 5
      vertex 27.1502 2.61541 5
    endloop
  endfacet
  facet normal 0.248676 -0.968587 0
    outer loop
      vertex 27.4847 2.70129 5
      vertex 27.1502 2.61541 0
      vertex 27.4847 2.70129 0
    endloop
  endfacet
  facet normal 0.368143 0.929769 -0
    outer loop
      vertex 27.1502 -2.61541 0
      vertex 26.8291 -2.48827 5
      vertex 27.1502 -2.61541 5
    endloop
  endfacet
  facet normal 0.368143 0.929769 0
    outer loop
      vertex 26.8291 -2.48827 5
      vertex 27.1502 -2.61541 0
      vertex 26.8291 -2.48827 0
    endloop
  endfacet
  facet normal 0.904762 0.425917 0
    outer loop
      vertex 25.5902 -1.32482 5
      vertex 25.4431 -1.01234 0
      vertex 25.4431 -1.01234 5
    endloop
  endfacet
  facet normal 0.904762 0.425917 0
    outer loop
      vertex 25.4431 -1.01234 0
      vertex 25.5902 -1.32482 5
      vertex 25.5902 -1.32482 0
    endloop
  endfacet
  facet normal 0 1 -0
    outer loop
      vertex 28.1727 -2.74457 0
      vertex 27.8273 -2.74457 5
      vertex 28.1727 -2.74457 5
    endloop
  endfacet
  facet normal 0 1 0
    outer loop
      vertex 27.8273 -2.74457 5
      vertex 28.1727 -2.74457 0
      vertex 27.8273 -2.74457 0
    endloop
  endfacet
  facet normal -0.125332 0.992115 0
    outer loop
      vertex 28.5153 -2.70129 0
      vertex 28.1727 -2.74457 5
      vertex 28.5153 -2.70129 5
    endloop
  endfacet
  facet normal -0.125332 0.992115 0
    outer loop
      vertex 28.1727 -2.74457 5
      vertex 28.5153 -2.70129 0
      vertex 28.1727 -2.74457 0
    endloop
  endfacet
  facet normal -0.248676 0.968587 0
    outer loop
      vertex 28.8498 -2.61541 0
      vertex 28.5153 -2.70129 5
      vertex 28.8498 -2.61541 5
    endloop
  endfacet
  facet normal -0.248676 0.968587 0
    outer loop
      vertex 28.5153 -2.70129 5
      vertex 28.8498 -2.61541 0
      vertex 28.5153 -2.70129 0
    endloop
  endfacet
  facet normal -0.481785 0.876289 0
    outer loop
      vertex 29.4735 -2.3219 0
      vertex 29.1709 -2.48827 5
      vertex 29.4735 -2.3219 5
    endloop
  endfacet
  facet normal -0.481785 0.876289 0
    outer loop
      vertex 29.1709 -2.48827 5
      vertex 29.4735 -2.3219 0
      vertex 29.1709 -2.48827 0
    endloop
  endfacet
  facet normal -0.951071 0.308971 0
    outer loop
      vertex 30.5569 -1.01234 0
      vertex 30.6636 -0.683897 5
      vertex 30.6636 -0.683897 0
    endloop
  endfacet
  facet normal -0.951071 0.308971 0
    outer loop
      vertex 30.6636 -0.683897 5
      vertex 30.5569 -1.01234 0
      vertex 30.5569 -1.01234 5
    endloop
  endfacet
  facet normal 0.684476 -0.729035 0
    outer loop
      vertex 25.9953 1.8825 0
      vertex 26.2471 2.11891 5
      vertex 25.9953 1.8825 5
    endloop
  endfacet
  facet normal 0.684476 -0.729035 0
    outer loop
      vertex 26.2471 2.11891 5
      vertex 25.9953 1.8825 0
      vertex 26.2471 2.11891 0
    endloop
  endfacet
  facet normal 0.125332 -0.992115 0
    outer loop
      vertex 27.4847 2.70129 0
      vertex 27.8273 2.74457 5
      vertex 27.4847 2.70129 5
    endloop
  endfacet
  facet normal 0.125332 -0.992115 0
    outer loop
      vertex 27.8273 2.74457 5
      vertex 27.4847 2.70129 0
      vertex 27.8273 2.74457 0
    endloop
  endfacet
  facet normal 0.982294 0.187348 0
    outer loop
      vertex 25.3364 -0.683897 5
      vertex 25.2717 -0.344666 0
      vertex 25.2717 -0.344666 5
    endloop
  endfacet
  facet normal 0.982294 0.187348 0
    outer loop
      vertex 25.2717 -0.344666 0
      vertex 25.3364 -0.683897 5
      vertex 25.3364 -0.683897 0
    endloop
  endfacet
  facet normal 0.951071 0.308971 0
    outer loop
      vertex 25.4431 -1.01234 5
      vertex 25.3364 -0.683897 0
      vertex 25.3364 -0.683897 5
    endloop
  endfacet
  facet normal 0.951071 0.308971 0
    outer loop
      vertex 25.3364 -0.683897 0
      vertex 25.4431 -1.01234 5
      vertex 25.4431 -1.01234 0
    endloop
  endfacet
  facet normal 0.844392 -0.535726 0
    outer loop
      vertex 25.5902 1.32482 5
      vertex 25.7752 1.61641 0
      vertex 25.7752 1.61641 5
    endloop
  endfacet
  facet normal 0.844392 -0.535726 0
    outer loop
      vertex 25.7752 1.61641 0
      vertex 25.5902 1.32482 5
      vertex 25.5902 1.32482 0
    endloop
  endfacet
  facet normal -0.248676 -0.968587 0
    outer loop
      vertex 28.5153 2.70129 0
      vertex 28.8498 2.61541 5
      vertex 28.5153 2.70129 5
    endloop
  endfacet
  facet normal -0.248676 -0.968587 -0
    outer loop
      vertex 28.8498 2.61541 5
      vertex 28.5153 2.70129 0
      vertex 28.8498 2.61541 0
    endloop
  endfacet
  facet normal 0.770554 -0.637374 0
    outer loop
      vertex 25.7752 1.61641 5
      vertex 25.9953 1.8825 0
      vertex 25.9953 1.8825 5
    endloop
  endfacet
  facet normal 0.770554 -0.637374 0
    outer loop
      vertex 25.9953 1.8825 0
      vertex 25.7752 1.61641 5
      vertex 25.7752 1.61641 0
    endloop
  endfacet
  facet normal 0.587774 0.809025 -0
    outer loop
      vertex 26.5265 -2.3219 0
      vertex 26.2471 -2.11891 5
      vertex 26.5265 -2.3219 5
    endloop
  endfacet
  facet normal 0.587774 0.809025 0
    outer loop
      vertex 26.2471 -2.11891 5
      vertex 26.5265 -2.3219 0
      vertex 26.2471 -2.11891 0
    endloop
  endfacet
  facet normal 0.904762 -0.425917 0
    outer loop
      vertex 25.4431 1.01234 5
      vertex 25.5902 1.32482 0
      vertex 25.5902 1.32482 5
    endloop
  endfacet
  facet normal 0.904762 -0.425917 0
    outer loop
      vertex 25.5902 1.32482 0
      vertex 25.4431 1.01234 5
      vertex 25.4431 1.01234 0
    endloop
  endfacet
  facet normal 0.998024 -0.0628351 0
    outer loop
      vertex 25.25 0 5
      vertex 25.2717 0.344666 0
      vertex 25.2717 0.344666 5
    endloop
  endfacet
  facet normal 0.998024 -0.0628351 0
    outer loop
      vertex 25.2717 0.344666 0
      vertex 25.25 0 5
      vertex 25.25 0 0
    endloop
  endfacet
  facet normal 0.998024 0.0628351 0
    outer loop
      vertex 25.2717 -0.344666 5
      vertex 25.25 0 0
      vertex 25.25 0 5
    endloop
  endfacet
  facet normal 0.998024 0.0628351 0
    outer loop
      vertex 25.25 0 0
      vertex 25.2717 -0.344666 5
      vertex 25.2717 -0.344666 0
    endloop
  endfacet
  facet normal 0.481785 0.876289 -0
    outer loop
      vertex 26.8291 -2.48827 0
      vertex 26.5265 -2.3219 5
      vertex 26.8291 -2.48827 5
    endloop
  endfacet
  facet normal 0.481785 0.876289 0
    outer loop
      vertex 26.5265 -2.3219 5
      vertex 26.8291 -2.48827 0
      vertex 26.5265 -2.3219 0
    endloop
  endfacet
  facet normal 0.816461 0 -0.577401
    outer loop
      vertex 33.5876 22.2739 0.5
      vertex 33.234 22.6274 0
      vertex 33.5876 22.981 0.5
    endloop
  endfacet
  facet normal 0.499967 0.499967 -0.707153
    outer loop
      vertex 33.234 22.6274 0
      vertex 22.981 33.5876 0.5
      vertex 33.5876 22.981 0.5
    endloop
  endfacet
  facet normal 0.499967 0.499967 -0.707153
    outer loop
      vertex 22.981 33.5876 0.5
      vertex 33.234 22.6274 0
      vertex 22.6274 33.234 0
    endloop
  endfacet
  facet normal -0.500002 0.500002 0.707103
    outer loop
      vertex -2.74489 8.56882 4.5
      vertex 22.6274 33.234 5
      vertex 22.2739 33.5876 4.5
    endloop
  endfacet
  facet normal -0.500005 0.500005 0.7071
    outer loop
      vertex 22.6274 33.234 5
      vertex -2.73482 8.55132 4.51949
      vertex -2.48669 8.11992 5
    endloop
  endfacet
  facet normal -0.499939 0.499935 0.707196
    outer loop
      vertex 22.6274 33.234 5
      vertex -2.74489 8.56882 4.5
      vertex -2.73482 8.55132 4.51949
    endloop
  endfacet
  facet normal 0.500002 -0.500002 0.707103
    outer loop
      vertex 33.234 22.6274 5
      vertex 19.3137 8 4.5
      vertex 33.5876 22.2739 4.5
    endloop
  endfacet
  facet normal 0.500002 -0.500002 0.707103
    outer loop
      vertex 19.3137 8 4.5
      vertex 33.234 22.6274 5
      vertex 18.1066 7.5 5
    endloop
  endfacet
  facet normal 0.707107 0.707107 0
    outer loop
      vertex 33.5876 22.981 4.5
      vertex 22.981 33.5876 0.5
      vertex 22.981 33.5876 4.5
    endloop
  endfacet
  facet normal 0.707107 0.707107 0
    outer loop
      vertex 22.981 33.5876 0.5
      vertex 33.5876 22.981 4.5
      vertex 33.5876 22.981 0.5
    endloop
  endfacet
  facet normal -0.707107 0.707107 0
    outer loop
      vertex -2.74489 8.56882 0.5
      vertex 22.2739 33.5876 4.5
      vertex 22.2739 33.5876 0.5
    endloop
  endfacet
  facet normal -0.707107 0.707107 0
    outer loop
      vertex 22.2739 33.5876 4.5
      vertex -2.74489 8.56882 0.5
      vertex -2.74489 8.56882 4.5
    endloop
  endfacet
  facet normal 0 0.816461 -0.577401
    outer loop
      vertex 22.6274 33.234 0
      vertex 22.2739 33.5876 0.5
      vertex 22.981 33.5876 0.5
    endloop
  endfacet
  facet normal -0.500004 0.500004 -0.707101
    outer loop
      vertex -2.73482 8.55132 0.480508
      vertex 22.6274 33.234 0
      vertex -2.48669 8.11992 0
    endloop
  endfacet
  facet normal -0.499964 0.499961 -0.70716
    outer loop
      vertex -2.74489 8.56882 0.5
      vertex 22.6274 33.234 0
      vertex -2.73482 8.55132 0.480508
    endloop
  endfacet
  facet normal -0.500002 0.500002 -0.707103
    outer loop
      vertex 22.6274 33.234 0
      vertex -2.74489 8.56882 0.5
      vertex 22.2739 33.5876 0.5
    endloop
  endfacet
  facet normal 0.500002 -0.500002 -0.707103
    outer loop
      vertex 19.3137 8 0.5
      vertex 33.234 22.6274 0
      vertex 33.5876 22.2739 0.5
    endloop
  endfacet
  facet normal 0.500002 -0.500002 -0.707103
    outer loop
      vertex 33.234 22.6274 0
      vertex 19.3137 8 0.5
      vertex 18.1066 7.5 0
    endloop
  endfacet
  facet normal 0 0.816461 0.577401
    outer loop
      vertex 22.981 33.5876 4.5
      vertex 22.2739 33.5876 4.5
      vertex 22.6274 33.234 5
    endloop
  endfacet
  facet normal 0.499967 0.499967 0.707153
    outer loop
      vertex 22.981 33.5876 4.5
      vertex 33.234 22.6274 5
      vertex 33.5876 22.981 4.5
    endloop
  endfacet
  facet normal 0.499967 0.499967 0.707153
    outer loop
      vertex 33.234 22.6274 5
      vertex 22.981 33.5876 4.5
      vertex 22.6274 33.234 5
    endloop
  endfacet
  facet normal 1 -0 0
    outer loop
      vertex 33.5876 22.2739 4.5
      vertex 33.5876 22.981 0.5
      vertex 33.5876 22.981 4.5
    endloop
  endfacet
  facet normal 1 0 0
    outer loop
      vertex 33.5876 22.981 0.5
      vertex 33.5876 22.2739 4.5
      vertex 33.5876 22.2739 0.5
    endloop
  endfacet
  facet normal 0.707107 -0.707107 0
    outer loop
      vertex 19.3137 8 0.5
      vertex 33.5876 22.2739 4.5
      vertex 19.3137 8 4.5
    endloop
  endfacet
  facet normal 0.707107 -0.707107 0
    outer loop
      vertex 33.5876 22.2739 4.5
      vertex 19.3137 8 0.5
      vertex 33.5876 22.2739 0.5
    endloop
  endfacet
  facet normal 0 1 -0
    outer loop
      vertex 22.981 33.5876 0.5
      vertex 22.2739 33.5876 4.5
      vertex 22.981 33.5876 4.5
    endloop
  endfacet
  facet normal 0 1 0
    outer loop
      vertex 22.2739 33.5876 4.5
      vertex 22.981 33.5876 0.5
      vertex 22.2739 33.5876 0.5
    endloop
  endfacet
  facet normal 0.816461 0 0.577401
    outer loop
      vertex 33.5876 22.981 4.5
      vertex 33.234 22.6274 5
      vertex 33.5876 22.2739 4.5
    endloop
  endfacet
  facet normal 0 0 -1
    outer loop
      vertex 16.1927 12.3744 -1.5
      vertex 13.93 17.7484 -1.5
      vertex 17.7484 13.93 -1.5
    endloop
  endfacet
  facet normal 0 -0 -1
    outer loop
      vertex 13.93 17.7484 -1.5
      vertex 16.1927 12.3744 -1.5
      vertex 12.3744 16.1927 -1.5
    endloop
  endfacet
  facet normal 0.690269 0.690269 -0.216928
    outer loop
      vertex 18.1019 14.0479 0
      vertex 13.93 17.7484 -1.5
      vertex 14.0479 18.1019 0
    endloop
  endfacet
  facet normal 0.690269 0.690269 -0.216928
    outer loop
      vertex 13.93 17.7484 -1.5
      vertex 18.1019 14.0479 0
      vertex 17.7484 13.93 -1.5
    endloop
  endfacet
  facet normal 0.702764 -0.702809 -0.110377
    outer loop
      vertex 18.1019 14.0479 0
      vertex 16.1927 12.3744 -1.5
      vertex 17.7484 13.93 -1.5
    endloop
  endfacet
  facet normal 0.702796 -0.702761 -0.110471
    outer loop
      vertex 16.1927 12.3744 -1.5
      vertex 18.1019 14.0479 0
      vertex 16.0749 12.0208 0
    endloop
  endfacet
  facet normal -0.690269 -0.690269 -0.216928
    outer loop
      vertex 16.1927 12.3744 -1.5
      vertex 12.0208 16.0749 0
      vertex 12.3744 16.1927 -1.5
    endloop
  endfacet
  facet normal -0.690269 -0.690269 -0.216928
    outer loop
      vertex 12.0208 16.0749 0
      vertex 16.1927 12.3744 -1.5
      vertex 16.0749 12.0208 0
    endloop
  endfacet
  facet normal -0.702809 0.702764 -0.110377
    outer loop
      vertex 12.3744 16.1927 -1.5
      vertex 14.0479 18.1019 0
      vertex 13.93 17.7484 -1.5
    endloop
  endfacet
  facet normal -0.702761 0.702796 -0.110471
    outer loop
      vertex 14.0479 18.1019 0
      vertex 12.3744 16.1927 -1.5
      vertex 12.0208 16.0749 0
    endloop
  endfacet
  facet normal -0.690262 -0.690262 -0.216972
    outer loop
      vertex 25.668 21.8496 -1.5
      vertex 21.496 25.5501 0
      vertex 21.8496 25.668 -1.5
    endloop
  endfacet
  facet normal -0.690262 -0.690262 -0.216972
    outer loop
      vertex 21.496 25.5501 0
      vertex 25.668 21.8496 -1.5
      vertex 25.5501 21.496 0
    endloop
  endfacet
  facet normal 0 0 -1
    outer loop
      vertex 25.668 21.8496 -1.5
      vertex 23.4052 27.2236 -1.5
      vertex 27.2236 23.4052 -1.5
    endloop
  endfacet
  facet normal 0 -0 -1
    outer loop
      vertex 23.4052 27.2236 -1.5
      vertex 25.668 21.8496 -1.5
      vertex 21.8496 25.668 -1.5
    endloop
  endfacet
  facet normal 0.690262 0.690262 -0.216972
    outer loop
      vertex 27.5772 23.5231 0
      vertex 23.4052 27.2236 -1.5
      vertex 23.5231 27.5772 0
    endloop
  endfacet
  facet normal 0.690262 0.690262 -0.216972
    outer loop
      vertex 23.4052 27.2236 -1.5
      vertex 27.5772 23.5231 0
      vertex 27.2236 23.4052 -1.5
    endloop
  endfacet
  facet normal 0.702782 -0.702782 -0.11043
    outer loop
      vertex 27.5772 23.5231 0
      vertex 25.668 21.8496 -1.5
      vertex 27.2236 23.4052 -1.5
    endloop
  endfacet
  facet normal 0.702782 -0.702782 -0.11043
    outer loop
      vertex 25.668 21.8496 -1.5
      vertex 27.5772 23.5231 0
      vertex 25.5501 21.496 0
    endloop
  endfacet
  facet normal -0.702782 0.702782 -0.11043
    outer loop
      vertex 21.8496 25.668 -1.5
      vertex 23.5231 27.5772 0
      vertex 23.4052 27.2236 -1.5
    endloop
  endfacet
  facet normal -0.702782 0.702782 -0.11043
    outer loop
      vertex 23.5231 27.5772 0
      vertex 21.8496 25.668 -1.5
      vertex 21.496 25.5501 0
    endloop
  endfacet
  facet normal -0.917837 0.396957 0
    outer loop
      vertex 22.2493 18.5505 0
      vertex 22.3864 18.8675 5
      vertex 22.3864 18.8675 0
    endloop
  endfacet
  facet normal -0.917837 0.396957 0
    outer loop
      vertex 22.3864 18.8675 5
      vertex 22.2493 18.5505 0
      vertex 22.2493 18.5505 5
    endloop
  endfacet
  facet normal -0.562096 -0.827072 0
    outer loop
      vertex 21.1989 22.166 0
      vertex 21.4845 21.9719 5
      vertex 21.1989 22.166 5
    endloop
  endfacet
  facet normal -0.562096 -0.827072 -0
    outer loop
      vertex 21.4845 21.9719 5
      vertex 21.1989 22.166 0
      vertex 21.4845 21.9719 0
    endloop
  endfacet
  facet normal -0.661411 -0.750024 0
    outer loop
      vertex 21.4845 21.9719 0
      vertex 21.7435 21.7435 5
      vertex 21.4845 21.9719 5
    endloop
  endfacet
  facet normal -0.661411 -0.750024 -0
    outer loop
      vertex 21.7435 21.7435 5
      vertex 21.4845 21.9719 0
      vertex 21.7435 21.7435 0
    endloop
  endfacet
  facet normal -0.453917 -0.891044 0
    outer loop
      vertex 20.8911 22.3228 0
      vertex 21.1989 22.166 5
      vertex 20.8911 22.3228 5
    endloop
  endfacet
  facet normal -0.453917 -0.891044 -0
    outer loop
      vertex 21.1989 22.166 5
      vertex 20.8911 22.3228 0
      vertex 21.1989 22.166 0
    endloop
  endfacet
  facet normal -0.975934 -0.218065 0
    outer loop
      vertex 22.5151 20.2292 0
      vertex 22.4398 20.5662 5
      vertex 22.4398 20.5662 0
    endloop
  endfacet
  facet normal -0.975934 -0.218065 0
    outer loop
      vertex 22.4398 20.5662 5
      vertex 22.5151 20.2292 0
      vertex 22.5151 20.2292 5
    endloop
  endfacet
  facet normal -0.750024 -0.661411 0
    outer loop
      vertex 21.9719 21.4845 0
      vertex 21.7435 21.7435 5
      vertex 21.7435 21.7435 0
    endloop
  endfacet
  facet normal -0.750024 -0.661411 0
    outer loop
      vertex 21.7435 21.7435 5
      vertex 21.9719 21.4845 0
      vertex 21.9719 21.4845 5
    endloop
  endfacet
  facet normal -0.338812 -0.940854 0
    outer loop
      vertex 20.5662 22.4398 0
      vertex 20.8911 22.3228 5
      vertex 20.5662 22.4398 5
    endloop
  endfacet
  facet normal -0.338812 -0.940854 -0
    outer loop
      vertex 20.8911 22.3228 5
      vertex 20.5662 22.4398 0
      vertex 20.8911 22.3228 0
    endloop
  endfacet
  facet normal 0.826937 0.562294 0
    outer loop
      vertex 17.6261 18.1135 5
      vertex 17.4319 18.3991 0
      vertex 17.4319 18.3991 5
    endloop
  endfacet
  facet normal 0.826937 0.562294 0
    outer loop
      vertex 17.4319 18.3991 0
      vertex 17.6261 18.1135 5
      vertex 17.6261 18.1135 0
    endloop
  endfacet
  facet normal 0.960246 -0.279155 0
    outer loop
      vertex 17.1152 20.3989 5
      vertex 17.2116 20.7305 0
      vertex 17.2116 20.7305 5
    endloop
  endfacet
  facet normal 0.960246 -0.279155 0
    outer loop
      vertex 17.2116 20.7305 0
      vertex 17.1152 20.3989 5
      vertex 17.1152 20.3989 0
    endloop
  endfacet
  facet normal -0.995562 -0.0941121 0
    outer loop
      vertex 22.5476 19.8854 0
      vertex 22.5151 20.2292 5
      vertex 22.5151 20.2292 0
    endloop
  endfacet
  facet normal -0.995562 -0.0941121 0
    outer loop
      vertex 22.5151 20.2292 5
      vertex 22.5476 19.8854 0
      vertex 22.5476 19.8854 5
    endloop
  endfacet
  facet normal 0.987699 -0.156364 0
    outer loop
      vertex 17.0612 20.0578 5
      vertex 17.1152 20.3989 0
      vertex 17.1152 20.3989 5
    endloop
  endfacet
  facet normal 0.987699 -0.156364 0
    outer loop
      vertex 17.1152 20.3989 0
      vertex 17.0612 20.0578 5
      vertex 17.0612 20.0578 0
    endloop
  endfacet
  facet normal -0.0315602 0.999502 0
    outer loop
      vertex 20.0578 17.0612 0
      vertex 19.7126 17.0503 5
      vertex 20.0578 17.0612 5
    endloop
  endfacet
  facet normal -0.0315602 0.999502 0
    outer loop
      vertex 19.7126 17.0503 5
      vertex 20.0578 17.0612 0
      vertex 19.7126 17.0503 0
    endloop
  endfacet
  facet normal -0.279155 0.960246 0
    outer loop
      vertex 20.7305 17.2116 0
      vertex 20.3989 17.1152 5
      vertex 20.7305 17.2116 5
    endloop
  endfacet
  facet normal -0.279155 0.960246 0
    outer loop
      vertex 20.3989 17.1152 5
      vertex 20.7305 17.2116 0
      vertex 20.3989 17.1152 0
    endloop
  endfacet
  facet normal 0.707107 -0.707107 0
    outer loop
      vertex 17.7362 21.6176 0
      vertex 17.9804 21.8618 5
      vertex 17.7362 21.6176 5
    endloop
  endfacet
  facet normal 0.707107 -0.707107 0
    outer loop
      vertex 17.9804 21.8618 5
      vertex 17.7362 21.6176 0
      vertex 17.9804 21.8618 0
    endloop
  endfacet
  facet normal -0.218065 -0.975934 0
    outer loop
      vertex 20.2292 22.5151 0
      vertex 20.5662 22.4398 5
      vertex 20.2292 22.5151 5
    endloop
  endfacet
  facet normal -0.218065 -0.975934 -0
    outer loop
      vertex 20.5662 22.4398 5
      vertex 20.2292 22.5151 0
      vertex 20.5662 22.4398 0
    endloop
  endfacet
  facet normal 0.612938 -0.790131 0
    outer loop
      vertex 17.9804 21.8618 0
      vertex 18.2533 22.0735 5
      vertex 17.9804 21.8618 5
    endloop
  endfacet
  facet normal 0.612938 -0.790131 0
    outer loop
      vertex 18.2533 22.0735 5
      vertex 17.9804 21.8618 0
      vertex 18.2533 22.0735 0
    endloop
  endfacet
  facet normal 0.891101 0.453804 0
    outer loop
      vertex 17.4319 18.3991 5
      vertex 17.2752 18.7068 0
      vertex 17.2752 18.7068 5
    endloop
  endfacet
  facet normal 0.891101 0.453804 0
    outer loop
      vertex 17.2752 18.7068 0
      vertex 17.4319 18.3991 5
      vertex 17.4319 18.3991 0
    endloop
  endfacet
  facet normal -0.50912 0.860696 0
    outer loop
      vertex 21.3447 17.5245 0
      vertex 21.0475 17.3487 5
      vertex 21.3447 17.5245 5
    endloop
  endfacet
  facet normal -0.50912 0.860696 0
    outer loop
      vertex 21.0475 17.3487 5
      vertex 21.3447 17.5245 0
      vertex 21.0475 17.3487 0
    endloop
  endfacet
  facet normal 0.396957 -0.917837 0
    outer loop
      vertex 18.5505 22.2493 0
      vertex 18.8675 22.3864 5
      vertex 18.5505 22.2493 5
    endloop
  endfacet
  facet normal 0.396957 -0.917837 0
    outer loop
      vertex 18.8675 22.3864 5
      vertex 18.5505 22.2493 0
      vertex 18.8675 22.3864 0
    endloop
  endfacet
  facet normal -0.612938 0.790131 0
    outer loop
      vertex 21.6176 17.7362 0
      vertex 21.3447 17.5245 5
      vertex 21.6176 17.7362 5
    endloop
  endfacet
  facet normal -0.612938 0.790131 0
    outer loop
      vertex 21.3447 17.5245 5
      vertex 21.6176 17.7362 0
      vertex 21.3447 17.5245 0
    endloop
  endfacet
  facet normal -0.999511 0.0312709 0
    outer loop
      vertex 22.5368 19.5402 0
      vertex 22.5476 19.8854 5
      vertex 22.5476 19.8854 0
    endloop
  endfacet
  facet normal -0.999511 0.0312709 0
    outer loop
      vertex 22.5476 19.8854 5
      vertex 22.5368 19.5402 0
      vertex 22.5368 19.5402 5
    endloop
  endfacet
  facet normal -0.940854 -0.338812 0
    outer loop
      vertex 22.4398 20.5662 0
      vertex 22.3228 20.8911 5
      vertex 22.3228 20.8911 0
    endloop
  endfacet
  facet normal -0.940854 -0.338812 0
    outer loop
      vertex 22.3228 20.8911 5
      vertex 22.4398 20.5662 0
      vertex 22.4398 20.5662 5
    endloop
  endfacet
  facet normal -0.987699 0.156364 0
    outer loop
      vertex 22.4828 19.1991 0
      vertex 22.5368 19.5402 5
      vertex 22.5368 19.5402 0
    endloop
  endfacet
  facet normal -0.987699 0.156364 0
    outer loop
      vertex 22.5368 19.5402 5
      vertex 22.4828 19.1991 0
      vertex 22.4828 19.1991 5
    endloop
  endfacet
  facet normal -0.0941121 -0.995562 0
    outer loop
      vertex 19.8854 22.5476 0
      vertex 20.2292 22.5151 5
      vertex 19.8854 22.5476 5
    endloop
  endfacet
  facet normal -0.0941121 -0.995562 -0
    outer loop
      vertex 20.2292 22.5151 5
      vertex 19.8854 22.5476 0
      vertex 20.2292 22.5151 0
    endloop
  endfacet
  facet normal 0.0312709 -0.999511 0
    outer loop
      vertex 19.5402 22.5368 0
      vertex 19.8854 22.5476 5
      vertex 19.5402 22.5368 5
    endloop
  endfacet
  facet normal 0.0312709 -0.999511 0
    outer loop
      vertex 19.8854 22.5476 5
      vertex 19.5402 22.5368 0
      vertex 19.8854 22.5476 0
    endloop
  endfacet
  facet normal 0.0941121 0.995562 -0
    outer loop
      vertex 19.7126 17.0503 0
      vertex 19.3688 17.0828 5
      vertex 19.7126 17.0503 5
    endloop
  endfacet
  facet normal 0.0941121 0.995562 0
    outer loop
      vertex 19.3688 17.0828 5
      vertex 19.7126 17.0503 0
      vertex 19.3688 17.0828 0
    endloop
  endfacet
  facet normal 0.156364 -0.987699 0
    outer loop
      vertex 19.1991 22.4828 0
      vertex 19.5402 22.5368 5
      vertex 19.1991 22.4828 5
    endloop
  endfacet
  facet normal 0.156364 -0.987699 0
    outer loop
      vertex 19.5402 22.5368 5
      vertex 19.1991 22.4828 0
      vertex 19.5402 22.5368 0
    endloop
  endfacet
  facet normal 0.279155 -0.960246 0
    outer loop
      vertex 18.8675 22.3864 0
      vertex 19.1991 22.4828 5
      vertex 18.8675 22.3864 5
    endloop
  endfacet
  facet normal 0.279155 -0.960246 0
    outer loop
      vertex 19.1991 22.4828 5
      vertex 18.8675 22.3864 0
      vertex 19.1991 22.4828 0
    endloop
  endfacet
  facet normal 0.50912 -0.860696 0
    outer loop
      vertex 18.2533 22.0735 0
      vertex 18.5505 22.2493 5
      vertex 18.2533 22.0735 5
    endloop
  endfacet
  facet normal 0.50912 -0.860696 0
    outer loop
      vertex 18.5505 22.2493 5
      vertex 18.2533 22.0735 0
      vertex 18.5505 22.2493 0
    endloop
  endfacet
  facet normal -0.827072 -0.562096 0
    outer loop
      vertex 22.166 21.1989 0
      vertex 21.9719 21.4845 5
      vertex 21.9719 21.4845 0
    endloop
  endfacet
  facet normal -0.827072 -0.562096 0
    outer loop
      vertex 21.9719 21.4845 5
      vertex 22.166 21.1989 0
      vertex 22.166 21.1989 5
    endloop
  endfacet
  facet normal 0.917837 -0.396957 0
    outer loop
      vertex 17.2116 20.7305 5
      vertex 17.3487 21.0475 0
      vertex 17.3487 21.0475 5
    endloop
  endfacet
  facet normal 0.917837 -0.396957 0
    outer loop
      vertex 17.3487 21.0475 0
      vertex 17.2116 20.7305 5
      vertex 17.2116 20.7305 0
    endloop
  endfacet
  facet normal 0.218341 0.975873 -0
    outer loop
      vertex 19.3688 17.0828 0
      vertex 19.0318 17.1582 5
      vertex 19.3688 17.0828 5
    endloop
  endfacet
  facet normal 0.218341 0.975873 0
    outer loop
      vertex 19.0318 17.1582 5
      vertex 19.3688 17.0828 0
      vertex 19.0318 17.1582 0
    endloop
  endfacet
  facet normal 0.860696 -0.50912 0
    outer loop
      vertex 17.3487 21.0475 5
      vertex 17.5245 21.3447 0
      vertex 17.5245 21.3447 5
    endloop
  endfacet
  facet normal 0.860696 -0.50912 0
    outer loop
      vertex 17.5245 21.3447 0
      vertex 17.3487 21.0475 5
      vertex 17.3487 21.0475 0
    endloop
  endfacet
  facet normal -0.396957 0.917837 0
    outer loop
      vertex 21.0475 17.3487 0
      vertex 20.7305 17.2116 5
      vertex 21.0475 17.3487 5
    endloop
  endfacet
  facet normal -0.396957 0.917837 0
    outer loop
      vertex 20.7305 17.2116 5
      vertex 21.0475 17.3487 0
      vertex 20.7305 17.2116 0
    endloop
  endfacet
  facet normal 0.338719 0.940887 -0
    outer loop
      vertex 19.0318 17.1582 0
      vertex 18.7068 17.2752 5
      vertex 19.0318 17.1582 5
    endloop
  endfacet
  facet normal 0.338719 0.940887 0
    outer loop
      vertex 18.7068 17.2752 5
      vertex 19.0318 17.1582 0
      vertex 18.7068 17.2752 0
    endloop
  endfacet
  facet normal -0.707107 0.707107 0
    outer loop
      vertex 21.6176 17.7362 0
      vertex 21.8618 17.9804 5
      vertex 21.8618 17.9804 0
    endloop
  endfacet
  facet normal -0.707107 0.707107 0
    outer loop
      vertex 21.8618 17.9804 5
      vertex 21.6176 17.7362 0
      vertex 21.6176 17.7362 5
    endloop
  endfacet
  facet normal -0.790131 0.612938 0
    outer loop
      vertex 21.8618 17.9804 0
      vertex 22.0735 18.2533 5
      vertex 22.0735 18.2533 0
    endloop
  endfacet
  facet normal -0.790131 0.612938 0
    outer loop
      vertex 22.0735 18.2533 5
      vertex 21.8618 17.9804 0
      vertex 21.8618 17.9804 5
    endloop
  endfacet
  facet normal -0.860696 0.50912 0
    outer loop
      vertex 22.0735 18.2533 0
      vertex 22.2493 18.5505 5
      vertex 22.2493 18.5505 0
    endloop
  endfacet
  facet normal -0.860696 0.50912 0
    outer loop
      vertex 22.2493 18.5505 5
      vertex 22.0735 18.2533 0
      vertex 22.0735 18.2533 5
    endloop
  endfacet
  facet normal -0.960246 0.279155 0
    outer loop
      vertex 22.3864 18.8675 0
      vertex 22.4828 19.1991 5
      vertex 22.4828 19.1991 0
    endloop
  endfacet
  facet normal -0.960246 0.279155 0
    outer loop
      vertex 22.4828 19.1991 5
      vertex 22.3864 18.8675 0
      vertex 22.3864 18.8675 5
    endloop
  endfacet
  facet normal -0.891044 -0.453917 0
    outer loop
      vertex 22.3228 20.8911 0
      vertex 22.166 21.1989 5
      vertex 22.166 21.1989 0
    endloop
  endfacet
  facet normal -0.891044 -0.453917 0
    outer loop
      vertex 22.166 21.1989 5
      vertex 22.3228 20.8911 0
      vertex 22.3228 20.8911 5
    endloop
  endfacet
  facet normal 0.999502 -0.0315602 0
    outer loop
      vertex 17.0503 19.7126 5
      vertex 17.0612 20.0578 0
      vertex 17.0612 20.0578 5
    endloop
  endfacet
  facet normal 0.999502 -0.0315602 0
    outer loop
      vertex 17.0612 20.0578 0
      vertex 17.0503 19.7126 5
      vertex 17.0503 19.7126 0
    endloop
  endfacet
  facet normal 0.790131 -0.612938 0
    outer loop
      vertex 17.5245 21.3447 5
      vertex 17.7362 21.6176 0
      vertex 17.7362 21.6176 5
    endloop
  endfacet
  facet normal 0.790131 -0.612938 0
    outer loop
      vertex 17.7362 21.6176 0
      vertex 17.5245 21.3447 5
      vertex 17.5245 21.3447 0
    endloop
  endfacet
  facet normal 0.562294 0.826937 -0
    outer loop
      vertex 18.3991 17.4319 0
      vertex 18.1135 17.6261 5
      vertex 18.3991 17.4319 5
    endloop
  endfacet
  facet normal 0.562294 0.826937 0
    outer loop
      vertex 18.1135 17.6261 5
      vertex 18.3991 17.4319 0
      vertex 18.1135 17.6261 0
    endloop
  endfacet
  facet normal 0.453804 0.891101 -0
    outer loop
      vertex 18.7068 17.2752 0
      vertex 18.3991 17.4319 5
      vertex 18.7068 17.2752 5
    endloop
  endfacet
  facet normal 0.453804 0.891101 0
    outer loop
      vertex 18.3991 17.4319 5
      vertex 18.7068 17.2752 0
      vertex 18.3991 17.4319 0
    endloop
  endfacet
  facet normal 0.975873 0.218341 0
    outer loop
      vertex 17.1582 19.0318 5
      vertex 17.0828 19.3688 0
      vertex 17.0828 19.3688 5
    endloop
  endfacet
  facet normal 0.975873 0.218341 0
    outer loop
      vertex 17.0828 19.3688 0
      vertex 17.1582 19.0318 5
      vertex 17.1582 19.0318 0
    endloop
  endfacet
  facet normal 0.995562 0.0941121 0
    outer loop
      vertex 17.0828 19.3688 5
      vertex 17.0503 19.7126 0
      vertex 17.0503 19.7126 5
    endloop
  endfacet
  facet normal 0.995562 0.0941121 0
    outer loop
      vertex 17.0503 19.7126 0
      vertex 17.0828 19.3688 5
      vertex 17.0828 19.3688 0
    endloop
  endfacet
  facet normal -0.156364 0.987699 0
    outer loop
      vertex 20.3989 17.1152 0
      vertex 20.0578 17.0612 5
      vertex 20.3989 17.1152 5
    endloop
  endfacet
  facet normal -0.156364 0.987699 0
    outer loop
      vertex 20.0578 17.0612 5
      vertex 20.3989 17.1152 0
      vertex 20.0578 17.0612 0
    endloop
  endfacet
  facet normal 0.940887 0.338719 0
    outer loop
      vertex 17.2752 18.7068 5
      vertex 17.1582 19.0318 0
      vertex 17.1582 19.0318 5
    endloop
  endfacet
  facet normal 0.940887 0.338719 0
    outer loop
      vertex 17.1582 19.0318 0
      vertex 17.2752 18.7068 5
      vertex 17.2752 18.7068 0
    endloop
  endfacet
  facet normal 0.750294 0.661104 0
    outer loop
      vertex 17.8544 17.8544 5
      vertex 17.6261 18.1135 0
      vertex 17.6261 18.1135 5
    endloop
  endfacet
  facet normal 0.750294 0.661104 0
    outer loop
      vertex 17.6261 18.1135 0
      vertex 17.8544 17.8544 5
      vertex 17.8544 17.8544 0
    endloop
  endfacet
  facet normal 0.661104 0.750294 -0
    outer loop
      vertex 18.1135 17.6261 0
      vertex 17.8544 17.8544 5
      vertex 18.1135 17.6261 5
    endloop
  endfacet
  facet normal 0.661104 0.750294 0
    outer loop
      vertex 17.8544 17.8544 5
      vertex 18.1135 17.6261 0
      vertex 17.8544 17.8544 0
    endloop
  endfacet
  facet normal 0.260559 -0.658099 -0.70641
    outer loop
      vertex 2.78115 -8.55951 0.5
      vertex 2.62664 -8.08398 0
      vertex 3.61912 -7.69103 0
    endloop
  endfacet
  facet normal 0.340989 -0.620253 0.706409
    outer loop
      vertex 3.9666 -7.5 5
      vertex 3.61912 -7.69103 5
      vertex 4.00736 -7.66132 4.83868
    endloop
  endfacet
  facet normal -0.64044 -0.30137 -0.706408
    outer loop
      vertex -7.88676 -4.33578 0.5
      vertex -8.36799 -3.31312 0.5
      vertex -7.9031 -3.12906 0
    endloop
  endfacet
  facet normal 0.260564 -0.658101 0.706406
    outer loop
      vertex 3.61912 -7.69103 5
      vertex 2.78115 -8.55951 4.5
      vertex 3.83201 -8.14344 4.5
    endloop
  endfacet
  facet normal -0.640446 -0.301368 0.706404
    outer loop
      vertex -7.44861 -4.09491 5
      vertex -7.9031 -3.12906 5
      vertex -7.88676 -4.33578 4.5
    endloop
  endfacet
  facet normal -0.597623 0.379263 -0.706404
    outer loop
      vertex -7.44861 4.09491 0
      vertex -7.88676 4.33578 0.5
      vertex -7.28115 5.29007 0.5
    endloop
  endfacet
  facet normal -0.340987 0.620257 0.706406
    outer loop
      vertex -3.83201 8.14344 4.5
      vertex -4.82244 7.59895 4.5
      vertex -3.61912 7.69103 5
    endloop
  endfacet
  facet normal -0.0887147 -0.702226 0.706406
    outer loop
      vertex -0.533719 -8.48323 5
      vertex -1.59274 -8.34944 5
      vertex -0.565114 -8.98224 4.5
    endloop
  endfacet
  facet normal -0.248685 -0.968585 0
    outer loop
      vertex -2.78115 -8.55951 0.5
      vertex -1.68643 -8.84058 4.5
      vertex -2.78115 -8.55951 4.5
    endloop
  endfacet
  facet normal -0.248685 -0.968585 -0
    outer loop
      vertex -1.68643 -8.84058 4.5
      vertex -2.78115 -8.55951 0.5
      vertex -1.68643 -8.84058 0.5
    endloop
  endfacet
  facet normal -0.368128 0.929775 0
    outer loop
      vertex -2.78115 8.55951 0.5
      vertex -3.83201 8.14344 4.5
      vertex -2.78115 8.55951 4.5
    endloop
  endfacet
  facet normal -0.368128 0.929775 0
    outer loop
      vertex -3.83201 8.14344 4.5
      vertex -2.78115 8.55951 0.5
      vertex -3.83201 8.14344 0.5
    endloop
  endfacet
  facet normal -0.597612 0.379265 0.706412
    outer loop
      vertex -7.28115 5.29007 4.5
      vertex -7.44861 4.09491 5
      vertex -6.87664 4.99617 5
    endloop
  endfacet
  facet normal 0.340971 -0.620256 0.706415
    outer loop
      vertex 4.00736 -7.66132 4.83868
      vertex 3.83201 -8.14344 4.5
      vertex 4.09294 -8 4.5
    endloop
  endfacet
  facet normal 0.340988 -0.620256 0.706406
    outer loop
      vertex 3.83201 -8.14344 4.5
      vertex 4.00736 -7.66132 4.83868
      vertex 3.61912 -7.69103 5
    endloop
  endfacet
  facet normal -0.340986 0.620259 0.706404
    outer loop
      vertex -3.61912 7.69103 5
      vertex -4.82244 7.59895 4.5
      vertex -4.55453 7.17679 5
    endloop
  endfacet
  facet normal -0.695266 -0.132627 -0.70641
    outer loop
      vertex -8.71725 -2.23821 0.5
      vertex -8.92903 -1.128 0.5
      vertex -8.43297 -1.06533 0
    endloop
  endfacet
  facet normal -0.484521 -0.515964 -0.706414
    outer loop
      vertex -5.73682 -6.93462 0.5
      vertex -6.19623 -5.81865 0
      vertex -5.4181 -6.54936 0
    endloop
  endfacet
  facet normal -0.982288 -0.187378 0
    outer loop
      vertex -8.71725 -2.23821 0.5
      vertex -8.92903 -1.128 4.5
      vertex -8.92903 -1.128 0.5
    endloop
  endfacet
  facet normal -0.982288 -0.187378 0
    outer loop
      vertex -8.92903 -1.128 4.5
      vertex -8.71725 -2.23821 0.5
      vertex -8.71725 -2.23821 4.5
    endloop
  endfacet
  facet normal -0.68455 -0.728966 0
    outer loop
      vertex -6.56072 -6.16092 0.5
      vertex -5.73682 -6.93462 4.5
      vertex -6.56072 -6.16092 4.5
    endloop
  endfacet
  facet normal -0.68455 -0.728966 -0
    outer loop
      vertex -5.73682 -6.93462 4.5
      vertex -6.56072 -6.16092 0.5
      vertex -5.73682 -6.93462 0.5
    endloop
  endfacet
  facet normal -0.260564 -0.658101 -0.706406
    outer loop
      vertex -2.78115 -8.55951 0.5
      vertex -3.83201 -8.14344 0.5
      vertex -3.61912 -7.69103 0
    endloop
  endfacet
  facet normal -0.545371 -0.451167 0.706412
    outer loop
      vertex -6.87664 -4.99617 5
      vertex -7.28115 -5.29007 4.5
      vertex -6.19623 -5.81865 5
    endloop
  endfacet
  facet normal 0.176023 -0.685566 -0.70641
    outer loop
      vertex 2.78115 -8.55951 0.5
      vertex 1.59274 -8.34944 0
      vertex 2.62664 -8.08398 0
    endloop
  endfacet
  facet normal 0.34097 -0.620255 -0.706416
    outer loop
      vertex 3.83201 -8.14344 0.5
      vertex 4.00736 -7.66132 0.161321
      vertex 4.09294 -8 0.5
    endloop
  endfacet
  facet normal 0.34099 -0.620255 -0.706406
    outer loop
      vertex 4.00736 -7.66132 0.161321
      vertex 3.83201 -8.14344 0.5
      vertex 3.61912 -7.69103 0
    endloop
  endfacet
  facet normal -0.706406 0.0444447 -0.70641
    outer loop
      vertex -8.43297 1.06533 0
      vertex -9 0 0.5
      vertex -8.92903 1.128 0.5
    endloop
  endfacet
  facet normal -0.695266 -0.132627 0.70641
    outer loop
      vertex -8.43297 -1.06533 5
      vertex -8.92903 -1.128 4.5
      vertex -8.71725 -2.23821 4.5
    endloop
  endfacet
  facet normal -0.416032 0.572624 0.706413
    outer loop
      vertex -4.82244 7.59895 4.5
      vertex -5.73682 6.93462 4.5
      vertex -5.4181 6.54936 5
    endloop
  endfacet
  facet normal -0.0887148 -0.702226 -0.706406
    outer loop
      vertex -0.565114 -8.98224 0.5
      vertex -1.68643 -8.84058 0.5
      vertex -1.59274 -8.34944 0
    endloop
  endfacet
  facet normal -0.176023 -0.685566 -0.70641
    outer loop
      vertex -1.59274 -8.34944 0
      vertex -2.78115 -8.55951 0.5
      vertex -2.62664 -8.08398 0
    endloop
  endfacet
  facet normal -0.416044 -0.572626 -0.706404
    outer loop
      vertex -4.82244 -7.59895 0.5
      vertex -5.4181 -6.54936 0
      vertex -4.55453 -7.17679 0
    endloop
  endfacet
  facet normal -0.416032 -0.572624 0.706413
    outer loop
      vertex -5.4181 -6.54936 5
      vertex -5.73682 -6.93462 4.5
      vertex -4.82244 -7.59895 4.5
    endloop
  endfacet
  facet normal -0.176021 -0.685571 0.706406
    outer loop
      vertex -1.59274 -8.34944 5
      vertex -2.78115 -8.55951 4.5
      vertex -1.68643 -8.84058 4.5
    endloop
  endfacet
  facet normal 0.0887147 -0.702226 0.706406
    outer loop
      vertex 1.59274 -8.34944 5
      vertex 0.533719 -8.48323 5
      vertex 0.565114 -8.98224 4.5
    endloop
  endfacet
  facet normal -0.260564 -0.658101 0.706406
    outer loop
      vertex -3.61912 -7.69103 5
      vertex -3.83201 -8.14344 4.5
      vertex -2.78115 -8.55951 4.5
    endloop
  endfacet
  facet normal -0.706408 -0.0444468 0.706408
    outer loop
      vertex -8.5 0 5
      vertex -9 0 4.5
      vertex -8.43297 -1.06533 5
    endloop
  endfacet
  facet normal -0.176021 -0.685571 -0.706406
    outer loop
      vertex -1.68643 -8.84058 0.5
      vertex -2.78115 -8.55951 0.5
      vertex -1.59274 -8.34944 0
    endloop
  endfacet
  facet normal -0.340987 -0.620257 0.706406
    outer loop
      vertex -3.61912 -7.69103 5
      vertex -4.82244 -7.59895 4.5
      vertex -3.83201 -8.14344 4.5
    endloop
  endfacet
  facet normal 0.260564 -0.658101 -0.706406
    outer loop
      vertex 3.83201 -8.14344 0.5
      vertex 2.78115 -8.55951 0.5
      vertex 3.61912 -7.69103 0
    endloop
  endfacet
  facet normal 0.368128 -0.929775 0
    outer loop
      vertex 2.78115 -8.55951 0.5
      vertex 3.83201 -8.14344 4.5
      vertex 2.78115 -8.55951 4.5
    endloop
  endfacet
  facet normal 0.368128 -0.929775 0
    outer loop
      vertex 3.83201 -8.14344 4.5
      vertex 2.78115 -8.55951 0.5
      vertex 3.83201 -8.14344 0.5
    endloop
  endfacet
  facet normal -0.176056 0.685559 -0.706409
    outer loop
      vertex -2.62664 8.08398 0
      vertex -2.73482 8.55132 0.480508
      vertex -2.48669 8.11992 0
    endloop
  endfacet
  facet normal -0.176009 0.685571 -0.706409
    outer loop
      vertex -2.73482 8.55132 0.480508
      vertex -2.62664 8.08398 0
      vertex -2.78115 8.55951 0.5
    endloop
  endfacet
  facet normal 0 -0.707807 0.706406
    outer loop
      vertex -0.565114 -8.98224 4.5
      vertex 0.533719 -8.48323 5
      vertex -0.533719 -8.48323 5
    endloop
  endfacet
  facet normal 0 -0.707807 0.706406
    outer loop
      vertex 0.533719 -8.48323 5
      vertex -0.565114 -8.98224 4.5
      vertex 0.565114 -8.98224 4.5
    endloop
  endfacet
  facet normal -0.340986 -0.620259 0.706404
    outer loop
      vertex -4.55453 -7.17679 5
      vertex -4.82244 -7.59895 4.5
      vertex -3.61912 -7.69103 5
    endloop
  endfacet
  facet normal -0.17602 0.685551 -0.706426
    outer loop
      vertex -2.73482 8.55132 0.480508
      vertex -2.78115 8.55951 0.5
      vertex -2.74489 8.56882 0.5
    endloop
  endfacet
  facet normal -0.695266 0.132627 -0.70641
    outer loop
      vertex -8.43297 1.06533 0
      vertex -8.92903 1.128 0.5
      vertex -8.71725 2.23821 0.5
    endloop
  endfacet
  facet normal -0.706406 -0.0444447 0.70641
    outer loop
      vertex -8.43297 -1.06533 5
      vertex -9 0 4.5
      vertex -8.92903 -1.128 4.5
    endloop
  endfacet
  facet normal -0.770513 0.637424 0
    outer loop
      vertex -7.28115 5.29007 0.5
      vertex -6.56072 6.16092 4.5
      vertex -6.56072 6.16092 0.5
    endloop
  endfacet
  facet normal -0.770513 0.637424 0
    outer loop
      vertex -6.56072 6.16092 4.5
      vertex -7.28115 5.29007 0.5
      vertex -7.28115 5.29007 4.5
    endloop
  endfacet
  facet normal -0.673162 0.218724 -0.706409
    outer loop
      vertex -7.9031 3.12906 0
      vertex -8.71725 2.23821 0.5
      vertex -8.36799 3.31312 0.5
    endloop
  endfacet
  facet normal -0.904826 0.425781 0
    outer loop
      vertex -8.36799 3.31312 0.5
      vertex -7.88676 4.33578 4.5
      vertex -7.88676 4.33578 0.5
    endloop
  endfacet
  facet normal -0.904826 0.425781 0
    outer loop
      vertex -7.88676 4.33578 4.5
      vertex -8.36799 3.31312 0.5
      vertex -8.36799 3.31312 4.5
    endloop
  endfacet
  facet normal 0 -0.707807 -0.706406
    outer loop
      vertex -0.533719 -8.48323 0
      vertex 0.565114 -8.98224 0.5
      vertex -0.565114 -8.98224 0.5
    endloop
  endfacet
  facet normal 0 -0.707807 -0.706406
    outer loop
      vertex 0.565114 -8.98224 0.5
      vertex -0.533719 -8.48323 0
      vertex 0.533719 -8.48323 0
    endloop
  endfacet
  facet normal -0.416044 0.572626 -0.706404
    outer loop
      vertex -4.55453 7.17679 0
      vertex -5.4181 6.54936 0
      vertex -4.82244 7.59895 0.5
    endloop
  endfacet
  facet normal -0.125337 -0.992114 0
    outer loop
      vertex -1.68643 -8.84058 0.5
      vertex -0.565114 -8.98224 4.5
      vertex -1.68643 -8.84058 4.5
    endloop
  endfacet
  facet normal -0.125337 -0.992114 -0
    outer loop
      vertex -0.565114 -8.98224 4.5
      vertex -1.68643 -8.84058 0.5
      vertex -0.565114 -8.98224 0.5
    endloop
  endfacet
  facet normal -0.0887148 -0.702226 0.706406
    outer loop
      vertex -1.59274 -8.34944 5
      vertex -1.68643 -8.84058 4.5
      vertex -0.565114 -8.98224 4.5
    endloop
  endfacet
  facet normal -0.484527 0.515965 0.706409
    outer loop
      vertex -5.73682 6.93462 4.5
      vertex -6.56072 6.16092 4.5
      vertex -6.19623 5.81865 5
    endloop
  endfacet
  facet normal -0.982288 0.187378 0
    outer loop
      vertex -8.92903 1.128 0.5
      vertex -8.71725 2.23821 4.5
      vertex -8.71725 2.23821 0.5
    endloop
  endfacet
  facet normal -0.982288 0.187378 0
    outer loop
      vertex -8.71725 2.23821 4.5
      vertex -8.92903 1.128 0.5
      vertex -8.92903 1.128 4.5
    endloop
  endfacet
  facet normal -0.597623 0.379263 0.706404
    outer loop
      vertex -7.28115 5.29007 4.5
      vertex -7.88676 4.33578 4.5
      vertex -7.44861 4.09491 5
    endloop
  endfacet
  facet normal -0.176011 0.685515 0.706462
    outer loop
      vertex -2.74489 8.56882 4.5
      vertex -2.78115 8.55951 4.5
      vertex -2.73482 8.55132 4.51949
    endloop
  endfacet
  facet normal 0.176023 -0.685566 0.70641
    outer loop
      vertex 2.62664 -8.08398 5
      vertex 1.59274 -8.34944 5
      vertex 2.78115 -8.55951 4.5
    endloop
  endfacet
  facet normal 0.260559 -0.658099 0.70641
    outer loop
      vertex 3.61912 -7.69103 5
      vertex 2.62664 -8.08398 5
      vertex 2.78115 -8.55951 4.5
    endloop
  endfacet
  facet normal -0.597612 -0.379265 -0.706412
    outer loop
      vertex -7.28115 -5.29007 0.5
      vertex -7.44861 -4.09491 0
      vertex -6.87664 -4.99617 0
    endloop
  endfacet
  facet normal -0.673162 -0.218725 0.706408
    outer loop
      vertex -8.23296 -2.11386 5
      vertex -8.71725 -2.23821 4.5
      vertex -7.9031 -3.12906 5
    endloop
  endfacet
  facet normal -0.695269 0.132625 -0.706408
    outer loop
      vertex -8.43297 1.06533 0
      vertex -8.71725 2.23821 0.5
      vertex -8.23296 2.11386 0
    endloop
  endfacet
  facet normal -0.340987 -0.620257 -0.706406
    outer loop
      vertex -3.83201 -8.14344 0.5
      vertex -4.82244 -7.59895 0.5
      vertex -3.61912 -7.69103 0
    endloop
  endfacet
  facet normal -0.673162 0.218725 -0.706408
    outer loop
      vertex -8.23296 2.11386 0
      vertex -8.71725 2.23821 0.5
      vertex -7.9031 3.12906 0
    endloop
  endfacet
  facet normal -0.695269 -0.132625 0.706408
    outer loop
      vertex -8.43297 -1.06533 5
      vertex -8.71725 -2.23821 4.5
      vertex -8.23296 -2.11386 5
    endloop
  endfacet
  facet normal -0.640446 0.301368 -0.706404
    outer loop
      vertex -7.44861 4.09491 0
      vertex -7.9031 3.12906 0
      vertex -7.88676 4.33578 0.5
    endloop
  endfacet
  facet normal 0.0887148 -0.702226 -0.706406
    outer loop
      vertex 1.68643 -8.84058 0.5
      vertex 0.565114 -8.98224 0.5
      vertex 1.59274 -8.34944 0
    endloop
  endfacet
  facet normal 0.248685 -0.968585 0
    outer loop
      vertex 1.68643 -8.84058 0.5
      vertex 2.78115 -8.55951 4.5
      vertex 1.68643 -8.84058 4.5
    endloop
  endfacet
  facet normal 0.248685 -0.968585 0
    outer loop
      vertex 2.78115 -8.55951 4.5
      vertex 1.68643 -8.84058 0.5
      vertex 2.78115 -8.55951 0.5
    endloop
  endfacet
  facet normal 0.125337 -0.992114 0
    outer loop
      vertex 0.565114 -8.98224 0.5
      vertex 1.68643 -8.84058 4.5
      vertex 0.565114 -8.98224 4.5
    endloop
  endfacet
  facet normal 0.125337 -0.992114 0
    outer loop
      vertex 1.68643 -8.84058 4.5
      vertex 0.565114 -8.98224 0.5
      vertex 1.68643 -8.84058 0.5
    endloop
  endfacet
  facet normal -0.706408 0.0444468 0.706408
    outer loop
      vertex -8.43297 1.06533 5
      vertex -9 0 4.5
      vertex -8.5 0 5
    endloop
  endfacet
  facet normal -0.545372 -0.451171 0.70641
    outer loop
      vertex -6.19623 -5.81865 5
      vertex -7.28115 -5.29007 4.5
      vertex -6.56072 -6.16092 4.5
    endloop
  endfacet
  facet normal -0.706408 0.0444468 -0.706408
    outer loop
      vertex -8.5 0 0
      vertex -9 0 0.5
      vertex -8.43297 1.06533 0
    endloop
  endfacet
  facet normal -0.260564 0.658101 0.706406
    outer loop
      vertex -2.78115 8.55951 4.5
      vertex -3.83201 8.14344 4.5
      vertex -3.61912 7.69103 5
    endloop
  endfacet
  facet normal 0.176021 -0.685571 -0.706406
    outer loop
      vertex 1.68643 -8.84058 0.5
      vertex 1.59274 -8.34944 0
      vertex 2.78115 -8.55951 0.5
    endloop
  endfacet
  facet normal 0.0887147 -0.702226 -0.706406
    outer loop
      vertex 0.565114 -8.98224 0.5
      vertex 0.533719 -8.48323 0
      vertex 1.59274 -8.34944 0
    endloop
  endfacet
  facet normal 0.34099 -0.620254 -0.706407
    outer loop
      vertex 4.00736 -7.66132 0.161321
      vertex 3.61912 -7.69103 0
      vertex 3.9666 -7.5 0
    endloop
  endfacet
  facet normal -0.484527 0.515965 -0.706409
    outer loop
      vertex -6.19623 5.81865 0
      vertex -6.56072 6.16092 0.5
      vertex -5.73682 6.93462 0.5
    endloop
  endfacet
  facet normal -0.695269 0.132625 0.706408
    outer loop
      vertex -8.23296 2.11386 5
      vertex -8.71725 2.23821 4.5
      vertex -8.43297 1.06533 5
    endloop
  endfacet
  facet normal -0.706406 0.0444447 0.70641
    outer loop
      vertex -8.92903 1.128 4.5
      vertex -9 0 4.5
      vertex -8.43297 1.06533 5
    endloop
  endfacet
  facet normal -0.64044 0.30137 -0.706408
    outer loop
      vertex -7.9031 3.12906 0
      vertex -8.36799 3.31312 0.5
      vertex -7.88676 4.33578 0.5
    endloop
  endfacet
  facet normal -0.951056 0.309017 0
    outer loop
      vertex -8.71725 2.23821 0.5
      vertex -8.36799 3.31312 4.5
      vertex -8.36799 3.31312 0.5
    endloop
  endfacet
  facet normal -0.951056 0.309017 0
    outer loop
      vertex -8.36799 3.31312 4.5
      vertex -8.71725 2.23821 0.5
      vertex -8.71725 2.23821 4.5
    endloop
  endfacet
  facet normal -0.998027 0.0627925 0
    outer loop
      vertex -9 0 0.5
      vertex -8.92903 1.128 4.5
      vertex -8.92903 1.128 0.5
    endloop
  endfacet
  facet normal -0.998027 0.0627925 0
    outer loop
      vertex -8.92903 1.128 4.5
      vertex -9 0 0.5
      vertex -9 0 4.5
    endloop
  endfacet
  facet normal -0.695269 -0.132625 -0.706408
    outer loop
      vertex -8.23296 -2.11386 0
      vertex -8.71725 -2.23821 0.5
      vertex -8.43297 -1.06533 0
    endloop
  endfacet
  facet normal -0.998027 -0.0627925 0
    outer loop
      vertex -8.92903 -1.128 0.5
      vertex -9 0 4.5
      vertex -9 0 0.5
    endloop
  endfacet
  facet normal -0.998027 -0.0627925 0
    outer loop
      vertex -9 0 4.5
      vertex -8.92903 -1.128 0.5
      vertex -8.92903 -1.128 4.5
    endloop
  endfacet
  facet normal -0.260559 0.658099 0.70641
    outer loop
      vertex -2.78115 8.55951 4.5
      vertex -3.61912 7.69103 5
      vertex -2.62664 8.08398 5
    endloop
  endfacet
  facet normal -0.176056 0.685561 0.706407
    outer loop
      vertex -2.73482 8.55132 4.51949
      vertex -2.62664 8.08398 5
      vertex -2.48669 8.11992 5
    endloop
  endfacet
  facet normal -0.175977 0.68558 0.706408
    outer loop
      vertex -2.62664 8.08398 5
      vertex -2.73482 8.55132 4.51949
      vertex -2.78115 8.55951 4.5
    endloop
  endfacet
  facet normal -0.416044 -0.572626 0.706404
    outer loop
      vertex -4.55453 -7.17679 5
      vertex -5.4181 -6.54936 5
      vertex -4.82244 -7.59895 4.5
    endloop
  endfacet
  facet normal -0.64044 0.30137 0.706408
    outer loop
      vertex -7.88676 4.33578 4.5
      vertex -8.36799 3.31312 4.5
      vertex -7.9031 3.12906 5
    endloop
  endfacet
  facet normal -0.587782 0.80902 0
    outer loop
      vertex -4.82244 7.59895 0.5
      vertex -5.73682 6.93462 4.5
      vertex -4.82244 7.59895 4.5
    endloop
  endfacet
  facet normal -0.587782 0.80902 0
    outer loop
      vertex -5.73682 6.93462 4.5
      vertex -4.82244 7.59895 0.5
      vertex -5.73682 6.93462 0.5
    endloop
  endfacet
  facet normal -0.484521 0.515964 0.706414
    outer loop
      vertex -5.73682 6.93462 4.5
      vertex -6.19623 5.81865 5
      vertex -5.4181 6.54936 5
    endloop
  endfacet
  facet normal -0.673162 0.218724 0.706409
    outer loop
      vertex -8.36799 3.31312 4.5
      vertex -8.71725 2.23821 4.5
      vertex -7.9031 3.12906 5
    endloop
  endfacet
  facet normal 0 -1 0
    outer loop
      vertex -0.565114 -8.98224 0.5
      vertex 0.565114 -8.98224 4.5
      vertex -0.565114 -8.98224 4.5
    endloop
  endfacet
  facet normal 0 -1 -0
    outer loop
      vertex 0.565114 -8.98224 4.5
      vertex -0.565114 -8.98224 0.5
      vertex 0.565114 -8.98224 0.5
    endloop
  endfacet
  facet normal -0.260559 -0.658099 0.70641
    outer loop
      vertex -2.62664 -8.08398 5
      vertex -3.61912 -7.69103 5
      vertex -2.78115 -8.55951 4.5
    endloop
  endfacet
  facet normal -0.176023 -0.685566 0.70641
    outer loop
      vertex -2.62664 -8.08398 5
      vertex -2.78115 -8.55951 4.5
      vertex -1.59274 -8.34944 5
    endloop
  endfacet
  facet normal -0.0887147 -0.702226 -0.706406
    outer loop
      vertex -0.565114 -8.98224 0.5
      vertex -1.59274 -8.34944 0
      vertex -0.533719 -8.48323 0
    endloop
  endfacet
  facet normal -0.481751 -0.876308 0
    outer loop
      vertex -4.82244 -7.59895 0.5
      vertex -3.83201 -8.14344 4.5
      vertex -4.82244 -7.59895 4.5
    endloop
  endfacet
  facet normal -0.481751 -0.876308 -0
    outer loop
      vertex -3.83201 -8.14344 4.5
      vertex -4.82244 -7.59895 0.5
      vertex -3.83201 -8.14344 0.5
    endloop
  endfacet
  facet normal -0.340986 -0.620259 -0.706404
    outer loop
      vertex -3.61912 -7.69103 0
      vertex -4.82244 -7.59895 0.5
      vertex -4.55453 -7.17679 0
    endloop
  endfacet
  facet normal -0.484521 0.515964 -0.706414
    outer loop
      vertex -5.4181 6.54936 0
      vertex -6.19623 5.81865 0
      vertex -5.73682 6.93462 0.5
    endloop
  endfacet
  facet normal -0.260559 0.658099 -0.70641
    outer loop
      vertex -2.62664 8.08398 0
      vertex -3.61912 7.69103 0
      vertex -2.78115 8.55951 0.5
    endloop
  endfacet
  facet normal 0.176021 -0.685571 0.706406
    outer loop
      vertex 2.78115 -8.55951 4.5
      vertex 1.59274 -8.34944 5
      vertex 1.68643 -8.84058 4.5
    endloop
  endfacet
  facet normal 0.0887148 -0.702226 0.706406
    outer loop
      vertex 1.59274 -8.34944 5
      vertex 0.565114 -8.98224 4.5
      vertex 1.68643 -8.84058 4.5
    endloop
  endfacet
  facet normal -0.416044 0.572626 0.706404
    outer loop
      vertex -4.82244 7.59895 4.5
      vertex -5.4181 6.54936 5
      vertex -4.55453 7.17679 5
    endloop
  endfacet
  facet normal -0.260564 0.658101 -0.706406
    outer loop
      vertex -3.61912 7.69103 0
      vertex -3.83201 8.14344 0.5
      vertex -2.78115 8.55951 0.5
    endloop
  endfacet
  facet normal -0.597612 0.379265 -0.706412
    outer loop
      vertex -6.87664 4.99617 0
      vertex -7.44861 4.09491 0
      vertex -7.28115 5.29007 0.5
    endloop
  endfacet
  facet normal -0.545372 0.451171 -0.70641
    outer loop
      vertex -6.19623 5.81865 0
      vertex -7.28115 5.29007 0.5
      vertex -6.56072 6.16092 0.5
    endloop
  endfacet
  facet normal -0.844328 0.535826 0
    outer loop
      vertex -7.88676 4.33578 0.5
      vertex -7.28115 5.29007 4.5
      vertex -7.28115 5.29007 0.5
    endloop
  endfacet
  facet normal -0.844328 0.535826 0
    outer loop
      vertex -7.28115 5.29007 4.5
      vertex -7.88676 4.33578 0.5
      vertex -7.88676 4.33578 4.5
    endloop
  endfacet
  facet normal -0.545371 0.451167 0.706412
    outer loop
      vertex -6.19623 5.81865 5
      vertex -7.28115 5.29007 4.5
      vertex -6.87664 4.99617 5
    endloop
  endfacet
  facet normal -0.545372 0.451171 0.70641
    outer loop
      vertex -6.56072 6.16092 4.5
      vertex -7.28115 5.29007 4.5
      vertex -6.19623 5.81865 5
    endloop
  endfacet
  facet normal -0.673162 0.218725 0.706408
    outer loop
      vertex -7.9031 3.12906 5
      vertex -8.71725 2.23821 4.5
      vertex -8.23296 2.11386 5
    endloop
  endfacet
  facet normal -0.416032 0.572624 -0.706413
    outer loop
      vertex -5.4181 6.54936 0
      vertex -5.73682 6.93462 0.5
      vertex -4.82244 7.59895 0.5
    endloop
  endfacet
  facet normal -0.340986 0.620259 -0.706404
    outer loop
      vertex -4.55453 7.17679 0
      vertex -4.82244 7.59895 0.5
      vertex -3.61912 7.69103 0
    endloop
  endfacet
  facet normal -0.545371 0.451167 -0.706412
    outer loop
      vertex -6.87664 4.99617 0
      vertex -7.28115 5.29007 0.5
      vertex -6.19623 5.81865 0
    endloop
  endfacet
  facet normal -0.484521 -0.515964 0.706414
    outer loop
      vertex -5.4181 -6.54936 5
      vertex -6.19623 -5.81865 5
      vertex -5.73682 -6.93462 4.5
    endloop
  endfacet
  facet normal -0.770513 -0.637424 0
    outer loop
      vertex -6.56072 -6.16092 0.5
      vertex -7.28115 -5.29007 4.5
      vertex -7.28115 -5.29007 0.5
    endloop
  endfacet
  facet normal -0.770513 -0.637424 0
    outer loop
      vertex -7.28115 -5.29007 4.5
      vertex -6.56072 -6.16092 0.5
      vertex -6.56072 -6.16092 4.5
    endloop
  endfacet
  facet normal -0.640446 0.301368 0.706404
    outer loop
      vertex -7.88676 4.33578 4.5
      vertex -7.9031 3.12906 5
      vertex -7.44861 4.09491 5
    endloop
  endfacet
  facet normal -0.695266 0.132627 0.70641
    outer loop
      vertex -8.71725 2.23821 4.5
      vertex -8.92903 1.128 4.5
      vertex -8.43297 1.06533 5
    endloop
  endfacet
  facet normal -0.706408 -0.0444468 -0.706408
    outer loop
      vertex -8.43297 -1.06533 0
      vertex -9 0 0.5
      vertex -8.5 0 0
    endloop
  endfacet
  facet normal -0.706406 -0.0444447 -0.70641
    outer loop
      vertex -8.92903 -1.128 0.5
      vertex -9 0 0.5
      vertex -8.43297 -1.06533 0
    endloop
  endfacet
  facet normal -0.68455 0.728966 0
    outer loop
      vertex -5.73682 6.93462 0.5
      vertex -6.56072 6.16092 4.5
      vertex -5.73682 6.93462 4.5
    endloop
  endfacet
  facet normal -0.68455 0.728966 0
    outer loop
      vertex -6.56072 6.16092 4.5
      vertex -5.73682 6.93462 0.5
      vertex -6.56072 6.16092 0.5
    endloop
  endfacet
  facet normal -0.260559 -0.658099 -0.70641
    outer loop
      vertex -2.78115 -8.55951 0.5
      vertex -3.61912 -7.69103 0
      vertex -2.62664 -8.08398 0
    endloop
  endfacet
  facet normal -0.673162 -0.218724 -0.706409
    outer loop
      vertex -8.36799 -3.31312 0.5
      vertex -8.71725 -2.23821 0.5
      vertex -7.9031 -3.12906 0
    endloop
  endfacet
  facet normal -0.368128 -0.929775 0
    outer loop
      vertex -3.83201 -8.14344 0.5
      vertex -2.78115 -8.55951 4.5
      vertex -3.83201 -8.14344 4.5
    endloop
  endfacet
  facet normal -0.368128 -0.929775 -0
    outer loop
      vertex -2.78115 -8.55951 4.5
      vertex -3.83201 -8.14344 0.5
      vertex -2.78115 -8.55951 0.5
    endloop
  endfacet
  facet normal 0.481734 -0.876317 0
    outer loop
      vertex 3.83201 -8.14344 0.5
      vertex 4.09294 -8 4.5
      vertex 3.83201 -8.14344 4.5
    endloop
  endfacet
  facet normal 0.481734 -0.876317 0
    outer loop
      vertex 4.09294 -8 4.5
      vertex 3.83201 -8.14344 0.5
      vertex 4.09294 -8 0.5
    endloop
  endfacet
  facet normal -0.24869 0.968583 0
    outer loop
      vertex -2.74489 8.56882 0.5
      vertex -2.78115 8.55951 4.5
      vertex -2.74489 8.56882 4.5
    endloop
  endfacet
  facet normal -0.24869 0.968583 0
    outer loop
      vertex -2.78115 8.55951 4.5
      vertex -2.74489 8.56882 0.5
      vertex -2.78115 8.55951 0.5
    endloop
  endfacet
  facet normal -0.640446 -0.301368 -0.706404
    outer loop
      vertex -7.88676 -4.33578 0.5
      vertex -7.9031 -3.12906 0
      vertex -7.44861 -4.09491 0
    endloop
  endfacet
  facet normal -0.484527 -0.515965 -0.706409
    outer loop
      vertex -5.73682 -6.93462 0.5
      vertex -6.56072 -6.16092 0.5
      vertex -6.19623 -5.81865 0
    endloop
  endfacet
  facet normal -0.545371 -0.451167 -0.706412
    outer loop
      vertex -6.19623 -5.81865 0
      vertex -7.28115 -5.29007 0.5
      vertex -6.87664 -4.99617 0
    endloop
  endfacet
  facet normal -0.597623 -0.379263 -0.706404
    outer loop
      vertex -7.28115 -5.29007 0.5
      vertex -7.88676 -4.33578 0.5
      vertex -7.44861 -4.09491 0
    endloop
  endfacet
  facet normal -0.545372 -0.451171 -0.70641
    outer loop
      vertex -6.56072 -6.16092 0.5
      vertex -7.28115 -5.29007 0.5
      vertex -6.19623 -5.81865 0
    endloop
  endfacet
  facet normal -0.673162 -0.218725 -0.706408
    outer loop
      vertex -7.9031 -3.12906 0
      vertex -8.71725 -2.23821 0.5
      vertex -8.23296 -2.11386 0
    endloop
  endfacet
  facet normal -0.416032 -0.572624 -0.706413
    outer loop
      vertex -4.82244 -7.59895 0.5
      vertex -5.73682 -6.93462 0.5
      vertex -5.4181 -6.54936 0
    endloop
  endfacet
  facet normal -0.481751 0.876308 0
    outer loop
      vertex -3.83201 8.14344 0.5
      vertex -4.82244 7.59895 4.5
      vertex -3.83201 8.14344 4.5
    endloop
  endfacet
  facet normal -0.481751 0.876308 0
    outer loop
      vertex -4.82244 7.59895 4.5
      vertex -3.83201 8.14344 0.5
      vertex -4.82244 7.59895 0.5
    endloop
  endfacet
  facet normal -0.340987 0.620257 -0.706406
    outer loop
      vertex -3.61912 7.69103 0
      vertex -4.82244 7.59895 0.5
      vertex -3.83201 8.14344 0.5
    endloop
  endfacet
  facet normal -0.597623 -0.379263 0.706404
    outer loop
      vertex -7.44861 -4.09491 5
      vertex -7.88676 -4.33578 4.5
      vertex -7.28115 -5.29007 4.5
    endloop
  endfacet
  facet normal -0.597612 -0.379265 0.706412
    outer loop
      vertex -6.87664 -4.99617 5
      vertex -7.44861 -4.09491 5
      vertex -7.28115 -5.29007 4.5
    endloop
  endfacet
  facet normal -0.587782 -0.80902 0
    outer loop
      vertex -5.73682 -6.93462 0.5
      vertex -4.82244 -7.59895 4.5
      vertex -5.73682 -6.93462 4.5
    endloop
  endfacet
  facet normal -0.587782 -0.80902 -0
    outer loop
      vertex -4.82244 -7.59895 4.5
      vertex -5.73682 -6.93462 0.5
      vertex -4.82244 -7.59895 0.5
    endloop
  endfacet
  facet normal -0.64044 -0.30137 0.706408
    outer loop
      vertex -7.9031 -3.12906 5
      vertex -8.36799 -3.31312 4.5
      vertex -7.88676 -4.33578 4.5
    endloop
  endfacet
  facet normal -0.673162 -0.218724 0.706409
    outer loop
      vertex -7.9031 -3.12906 5
      vertex -8.71725 -2.23821 4.5
      vertex -8.36799 -3.31312 4.5
    endloop
  endfacet
  facet normal -0.844328 -0.535826 0
    outer loop
      vertex -7.28115 -5.29007 0.5
      vertex -7.88676 -4.33578 4.5
      vertex -7.88676 -4.33578 0.5
    endloop
  endfacet
  facet normal -0.844328 -0.535826 0
    outer loop
      vertex -7.88676 -4.33578 4.5
      vertex -7.28115 -5.29007 0.5
      vertex -7.28115 -5.29007 4.5
    endloop
  endfacet
  facet normal -0.484527 -0.515965 0.706409
    outer loop
      vertex -6.19623 -5.81865 5
      vertex -6.56072 -6.16092 4.5
      vertex -5.73682 -6.93462 4.5
    endloop
  endfacet
  facet normal -0.951056 -0.309017 0
    outer loop
      vertex -8.36799 -3.31312 0.5
      vertex -8.71725 -2.23821 4.5
      vertex -8.71725 -2.23821 0.5
    endloop
  endfacet
  facet normal -0.951056 -0.309017 0
    outer loop
      vertex -8.71725 -2.23821 4.5
      vertex -8.36799 -3.31312 0.5
      vertex -8.36799 -3.31312 4.5
    endloop
  endfacet
  facet normal -0.904826 -0.425781 0
    outer loop
      vertex -7.88676 -4.33578 0.5
      vertex -8.36799 -3.31312 4.5
      vertex -8.36799 -3.31312 0.5
    endloop
  endfacet
  facet normal -0.904826 -0.425781 0
    outer loop
      vertex -8.36799 -3.31312 4.5
      vertex -7.88676 -4.33578 0.5
      vertex -7.88676 -4.33578 4.5
    endloop
  endfacet
endsolid OpenSCAD_Model
