solid OpenSCAD_Model
  facet normal 0.57735 -0.57735 -0.57735
    outer loop
      vertex 32 -9.5 0.5
      vertex 31.5 -10 0.5
      vertex 31.5 -9.5 0
    endloop
  endfacet
  facet normal 0 0 -1
    outer loop
      vertex 5 -10 5
      vertex 30 -9.5 5
      vertex 30 -10 5
    endloop
  endfacet
  facet normal -0 0 -1
    outer loop
      vertex 30 -9.5 5
      vertex 5 -10 5
      vertex 5 -9.5 5
    endloop
  endfacet
  facet normal 0 0 -1
    outer loop
      vertex 5 9.5 5
      vertex 30 10 5
      vertex 30 9.5 5
    endloop
  endfacet
  facet normal -0 0 -1
    outer loop
      vertex 30 10 5
      vertex 5 9.5 5
      vertex 5 10 5
    endloop
  endfacet
  facet normal -0 0 1
    outer loop
      vertex 30 9.5 5
      vertex 31.5 -9.5 5
      vertex 31.5 9.5 5
    endloop
  endfacet
  facet normal 0 0 1
    outer loop
      vertex 31.5 -9.5 5
      vertex 30 9.5 5
      vertex 30 -9.5 5
    endloop
  endfacet
  facet normal 0.707107 0 -0.707107
    outer loop
      vertex 32 -9.5 0.5
      vertex 31.5 9.5 0
      vertex 32 9.5 0.5
    endloop
  endfacet
  facet normal 0.707107 0 -0.707107
    outer loop
      vertex 31.5 9.5 0
      vertex 32 -9.5 0.5
      vertex 31.5 -9.5 0
    endloop
  endfacet
  facet normal 0 0.707107 0.707107
    outer loop
      vertex 31.5 10 4.5
      vertex 30 9.5 5
      vertex 31.5 9.5 5
    endloop
  endfacet
  facet normal -0 0.707107 0.707107
    outer loop
      vertex 4.5 10 4.5
      vertex 30 9.5 5
      vertex 31.5 10 4.5
    endloop
  endfacet
  facet normal 0 0.707107 0.707107
    outer loop
      vertex 30 9.5 5
      vertex 4.5 10 4.5
      vertex 5 9.5 5
    endloop
  endfacet
  facet normal 0 -0.707107 0.707107
    outer loop
      vertex 4.5 -10 4.5
      vertex 30 -9.5 5
      vertex 5 -9.5 5
    endloop
  endfacet
  facet normal 0 -0.707107 0.707107
    outer loop
      vertex 30 -9.5 5
      vertex 4.5 -10 4.5
      vertex 31.5 -10 4.5
    endloop
  endfacet
  facet normal 0 -0.707107 0.707107
    outer loop
      vertex 30 -9.5 5
      vertex 31.5 -10 4.5
      vertex 31.5 -9.5 5
    endloop
  endfacet
  facet normal 1 -0 0
    outer loop
      vertex 32 -9.5 4.5
      vertex 32 9.5 0.5
      vertex 32 9.5 4.5
    endloop
  endfacet
  facet normal 1 0 0
    outer loop
      vertex 32 9.5 0.5
      vertex 32 -9.5 4.5
      vertex 32 -9.5 0.5
    endloop
  endfacet
  facet normal 0 1 -0
    outer loop
      vertex 31.5 10 0.5
      vertex 4.5 10 4.5
      vertex 31.5 10 4.5
    endloop
  endfacet
  facet normal 0 1 0
    outer loop
      vertex 4.5 10 4.5
      vertex 0.562143 10 2.94686
      vertex 0.5 10 2.95471
    endloop
  endfacet
  facet normal 0 1 0
    outer loop
      vertex 4.5 10 4.5
      vertex 0.927051 10 2.85317
      vertex 0.562143 10 2.94686
    endloop
  endfacet
  facet normal 0 1 0
    outer loop
      vertex 4.5 10 4.5
      vertex 1.27734 10 2.71448
      vertex 0.927051 10 2.85317
    endloop
  endfacet
  facet normal 0 1 0
    outer loop
      vertex 4.5 10 4.5
      vertex 1.60748 10 2.53298
      vertex 1.27734 10 2.71448
    endloop
  endfacet
  facet normal 0 1 0
    outer loop
      vertex 4.5 10 4.5
      vertex 1.91227 10 2.31154
      vertex 1.60748 10 2.53298
    endloop
  endfacet
  facet normal 0 1 0
    outer loop
      vertex 4.5 10 4.5
      vertex 2.18691 10 2.05364
      vertex 1.91227 10 2.31154
    endloop
  endfacet
  facet normal 0 1 0
    outer loop
      vertex 4.5 10 4.5
      vertex 2.42705 10 1.76336
      vertex 2.18691 10 2.05364
    endloop
  endfacet
  facet normal 0 1 0
    outer loop
      vertex 4.5 10 4.5
      vertex 2.62892 10 1.44526
      vertex 2.42705 10 1.76336
    endloop
  endfacet
  facet normal 0 1 0
    outer loop
      vertex 4.5 10 4.5
      vertex 2.78933 10 1.10437
      vertex 2.62892 10 1.44526
    endloop
  endfacet
  facet normal 0 1 0
    outer loop
      vertex 4.5 10 4.5
      vertex 2.90575 10 0.746069
      vertex 2.78933 10 1.10437
    endloop
  endfacet
  facet normal 0 1 0
    outer loop
      vertex 4.5 10 4.5
      vertex 31.5 10 0.5
      vertex 2.95269 10 0.5
    endloop
  endfacet
  facet normal 0 1 0
    outer loop
      vertex 4.5 10 4.5
      vertex 2.95269 10 0.5
      vertex 2.90575 10 0.746069
    endloop
  endfacet
  facet normal 0 1 -0
    outer loop
      vertex 4.5 10 4.5
      vertex 0.5 10 31.5
      vertex 4.5 10 31.5
    endloop
  endfacet
  facet normal 0 1 0
    outer loop
      vertex 0.5 10 31.5
      vertex 4.5 10 4.5
      vertex 0.5 10 2.95471
    endloop
  endfacet
  facet normal 0.57735 0.57735 -0.57735
    outer loop
      vertex 32 9.5 0.5
      vertex 31.5 9.5 0
      vertex 31.5 10 0.5
    endloop
  endfacet
  facet normal 0 0.70711 -0.707104
    outer loop
      vertex 31.5 10 0.5
      vertex 2.97634 9.876 0.375999
      vertex 2.95269 10 0.5
    endloop
  endfacet
  facet normal 0 0.707107 -0.707107
    outer loop
      vertex 3 9.5 0
      vertex 31.5 10 0.5
      vertex 31.5 9.5 0
    endloop
  endfacet
  facet normal 3.29567e-08 0.707106 -0.707108
    outer loop
      vertex 31.5 10 0.5
      vertex 3 9.5 0
      vertex 2.97634 9.876 0.375999
    endloop
  endfacet
  facet normal 0 -0.70711 -0.707104
    outer loop
      vertex 2.97634 -9.876 0.375999
      vertex 31.5 -10 0.5
      vertex 2.95269 -10 0.5
    endloop
  endfacet
  facet normal 3.29567e-08 -0.707106 -0.707108
    outer loop
      vertex 3 -9.5 0
      vertex 31.5 -10 0.5
      vertex 2.97634 -9.876 0.375999
    endloop
  endfacet
  facet normal 0 -0.707107 -0.707107
    outer loop
      vertex 31.5 -10 0.5
      vertex 3 -9.5 0
      vertex 31.5 -9.5 0
    endloop
  endfacet
  facet normal 0.57735 0.57735 0.57735
    outer loop
      vertex 31.5 10 4.5
      vertex 31.5 9.5 5
      vertex 32 9.5 4.5
    endloop
  endfacet
  facet normal -1 0 0
    outer loop
      vertex 0 2.74457 20.1727
      vertex 0 9.5 31.5
      vertex 0 2.74457 19.8273
    endloop
  endfacet
  facet normal -1 0 0
    outer loop
      vertex 0 2.86667 14.7333
      vertex 0 2.70129 19.4847
      vertex 0 2.74457 19.8273
    endloop
  endfacet
  facet normal -1 0 0
    outer loop
      vertex 0 2.86667 14.7333
      vertex 0 2.61541 19.1502
      vertex 0 2.70129 19.4847
    endloop
  endfacet
  facet normal -1 0 0
    outer loop
      vertex 0 2.86667 14.7333
      vertex 0 2.48827 18.8291
      vertex 0 2.61541 19.1502
    endloop
  endfacet
  facet normal -1 0 0
    outer loop
      vertex 0 2.86667 14.7333
      vertex 0 2.3219 18.5265
      vertex 0 2.48827 18.8291
    endloop
  endfacet
  facet normal -1 0 0
    outer loop
      vertex 0 2.86667 14.7333
      vertex 0 2.11891 18.2471
      vertex 0 2.3219 18.5265
    endloop
  endfacet
  facet normal -1 0 0
    outer loop
      vertex 0 2.86667 14.7333
      vertex 0 1.8825 17.9953
      vertex 0 2.11891 18.2471
    endloop
  endfacet
  facet normal -1 0 0
    outer loop
      vertex 0 2.86667 14.7333
      vertex 0 1.61641 17.7752
      vertex 0 1.8825 17.9953
    endloop
  endfacet
  facet normal -1 0 0
    outer loop
      vertex 0 2.86667 14.7333
      vertex 0 1.32482 17.5902
      vertex 0 1.61641 17.7752
    endloop
  endfacet
  facet normal -1 0 0
    outer loop
      vertex 0 2.86667 14.7333
      vertex 0 1.01234 17.4431
      vertex 0 1.32482 17.5902
    endloop
  endfacet
  facet normal -1 0 0
    outer loop
      vertex 0 2.86667 14.7333
      vertex 0 0.683897 17.3364
      vertex 0 1.01234 17.4431
    endloop
  endfacet
  facet normal -1 0 0
    outer loop
      vertex 0 2.86667 14.7333
      vertex 0 0.344666 17.2717
      vertex 0 0.683897 17.3364
    endloop
  endfacet
  facet normal -1 0 0
    outer loop
      vertex 0 2.86667 14.7333
      vertex 0 0 17.25
      vertex 0 0.344666 17.2717
    endloop
  endfacet
  facet normal -1 0 0
    outer loop
      vertex 0 -2.86667 14.7333
      vertex 0 0 17.25
      vertex 0 2.86667 14.7333
    endloop
  endfacet
  facet normal -1 -0 0
    outer loop
      vertex 0 0 17.25
      vertex 0 -2.86667 14.7333
      vertex 0 -0.344666 17.2717
    endloop
  endfacet
  facet normal -1 -0 0
    outer loop
      vertex 0 -0.344666 17.2717
      vertex 0 -2.86667 14.7333
      vertex 0 -0.683897 17.3364
    endloop
  endfacet
  facet normal -1 -0 0
    outer loop
      vertex 0 -0.683897 17.3364
      vertex 0 -2.86667 14.7333
      vertex 0 -1.01234 17.4431
    endloop
  endfacet
  facet normal -1 -0 0
    outer loop
      vertex 0 -1.01234 17.4431
      vertex 0 -2.86667 14.7333
      vertex 0 -1.32482 17.5902
    endloop
  endfacet
  facet normal -1 -0 0
    outer loop
      vertex 0 -2.74457 19.8273
      vertex 0 -2.86667 14.7333
      vertex 0 -2.74457 20.1727
    endloop
  endfacet
  facet normal -1 -0 0
    outer loop
      vertex 0 -2.70129 19.4847
      vertex 0 -2.86667 14.7333
      vertex 0 -2.74457 19.8273
    endloop
  endfacet
  facet normal -1 -0 0
    outer loop
      vertex 0 -2.61541 19.1502
      vertex 0 -2.86667 14.7333
      vertex 0 -2.70129 19.4847
    endloop
  endfacet
  facet normal -1 -0 0
    outer loop
      vertex 0 -2.48827 18.8291
      vertex 0 -2.86667 14.7333
      vertex 0 -2.61541 19.1502
    endloop
  endfacet
  facet normal -1 -0 0
    outer loop
      vertex 0 -2.3219 18.5265
      vertex 0 -2.86667 14.7333
      vertex 0 -2.48827 18.8291
    endloop
  endfacet
  facet normal -1 -0 0
    outer loop
      vertex 0 -2.11891 18.2471
      vertex 0 -2.86667 14.7333
      vertex 0 -2.3219 18.5265
    endloop
  endfacet
  facet normal -1 -0 0
    outer loop
      vertex 0 -1.8825 17.9953
      vertex 0 -2.86667 14.7333
      vertex 0 -2.11891 18.2471
    endloop
  endfacet
  facet normal -1 -0 0
    outer loop
      vertex 0 -1.61641 17.7752
      vertex 0 -2.86667 14.7333
      vertex 0 -1.8825 17.9953
    endloop
  endfacet
  facet normal -1 -0 0
    outer loop
      vertex 0 -1.32482 17.5902
      vertex 0 -2.86667 14.7333
      vertex 0 -1.61641 17.7752
    endloop
  endfacet
  facet normal -1 0 0
    outer loop
      vertex 0 2.86667 14.7333
      vertex 0 9.5 2.99408
      vertex 0 2.86667 11.8667
    endloop
  endfacet
  facet normal -1 0 0
    outer loop
      vertex 0 9.5 2.99408
      vertex 0 -2.86667 11.8667
      vertex 0 2.86667 11.8667
    endloop
  endfacet
  facet normal -1 0 0
    outer loop
      vertex 0 -9.5 2.99408
      vertex 0 -2.86667 14.7333
      vertex 0 -2.86667 11.8667
    endloop
  endfacet
  facet normal -1 0 0
    outer loop
      vertex 0 -2.86667 14.7333
      vertex 0 -9.5 31.5
      vertex 0 -2.86667 25.2667
    endloop
  endfacet
  facet normal -1 -0 0
    outer loop
      vertex 0 -2.86667 14.7333
      vertex 0 -9.5 2.99408
      vertex 0 -9.5 31.5
    endloop
  endfacet
  facet normal -1 0 0
    outer loop
      vertex 0 -9.5 2.99408
      vertex 0 -2.86667 11.8667
      vertex 0 9.5 2.99408
    endloop
  endfacet
  facet normal -1 0 0
    outer loop
      vertex 0 9.5 2.99408
      vertex 0 2.86667 14.7333
      vertex 0 9.5 31.5
    endloop
  endfacet
  facet normal -1 0 0
    outer loop
      vertex 0 2.74457 19.8273
      vertex 0 9.5 31.5
      vertex 0 2.86667 14.7333
    endloop
  endfacet
  facet normal -1 0 0
    outer loop
      vertex 0 2.86667 28.1333
      vertex 0 9.5 31.5
      vertex 0 2.86667 25.2667
    endloop
  endfacet
  facet normal -1 0 0
    outer loop
      vertex 0 -2.86667 28.1333
      vertex 0 9.5 31.5
      vertex 0 2.86667 28.1333
    endloop
  endfacet
  facet normal -1 0 0
    outer loop
      vertex 0 -2.86667 28.1333
      vertex 0 -9.5 31.5
      vertex 0 9.5 31.5
    endloop
  endfacet
  facet normal -1 0 0
    outer loop
      vertex 0 -2.86667 25.2667
      vertex 0 -9.5 31.5
      vertex 0 -2.86667 28.1333
    endloop
  endfacet
  facet normal -1 0 0
    outer loop
      vertex 0 2.70129 20.5153
      vertex 0 9.5 31.5
      vertex 0 2.74457 20.1727
    endloop
  endfacet
  facet normal -1 0 0
    outer loop
      vertex 0 9.5 31.5
      vertex 0 2.70129 20.5153
      vertex 0 2.86667 25.2667
    endloop
  endfacet
  facet normal -1 0 0
    outer loop
      vertex 0 2.61541 20.8498
      vertex 0 2.86667 25.2667
      vertex 0 2.70129 20.5153
    endloop
  endfacet
  facet normal -1 0 0
    outer loop
      vertex 0 2.48827 21.1709
      vertex 0 2.86667 25.2667
      vertex 0 2.61541 20.8498
    endloop
  endfacet
  facet normal -1 0 0
    outer loop
      vertex 0 2.3219 21.4735
      vertex 0 2.86667 25.2667
      vertex 0 2.48827 21.1709
    endloop
  endfacet
  facet normal -1 0 0
    outer loop
      vertex 0 2.11891 21.7529
      vertex 0 2.86667 25.2667
      vertex 0 2.3219 21.4735
    endloop
  endfacet
  facet normal -1 0 0
    outer loop
      vertex 0 1.8825 22.0047
      vertex 0 2.86667 25.2667
      vertex 0 2.11891 21.7529
    endloop
  endfacet
  facet normal -1 0 0
    outer loop
      vertex 0 1.61641 22.2248
      vertex 0 2.86667 25.2667
      vertex 0 1.8825 22.0047
    endloop
  endfacet
  facet normal -1 0 0
    outer loop
      vertex 0 1.32482 22.4098
      vertex 0 2.86667 25.2667
      vertex 0 1.61641 22.2248
    endloop
  endfacet
  facet normal -1 0 0
    outer loop
      vertex 0 1.01234 22.5569
      vertex 0 2.86667 25.2667
      vertex 0 1.32482 22.4098
    endloop
  endfacet
  facet normal -1 0 0
    outer loop
      vertex 0 0.683897 22.6636
      vertex 0 2.86667 25.2667
      vertex 0 1.01234 22.5569
    endloop
  endfacet
  facet normal -1 0 0
    outer loop
      vertex 0 0.344666 22.7283
      vertex 0 2.86667 25.2667
      vertex 0 0.683897 22.6636
    endloop
  endfacet
  facet normal -1 0 0
    outer loop
      vertex 0 0 22.75
      vertex 0 2.86667 25.2667
      vertex 0 0.344666 22.7283
    endloop
  endfacet
  facet normal -1 0 0
    outer loop
      vertex 0 -2.86667 25.2667
      vertex 0 0 22.75
      vertex 0 -0.344666 22.7283
    endloop
  endfacet
  facet normal -1 0 0
    outer loop
      vertex 0 -2.86667 25.2667
      vertex 0 -0.344666 22.7283
      vertex 0 -0.683897 22.6636
    endloop
  endfacet
  facet normal -1 0 0
    outer loop
      vertex 0 -2.86667 25.2667
      vertex 0 -0.683897 22.6636
      vertex 0 -1.01234 22.5569
    endloop
  endfacet
  facet normal -1 0 0
    outer loop
      vertex 0 -2.86667 25.2667
      vertex 0 -1.01234 22.5569
      vertex 0 -1.32482 22.4098
    endloop
  endfacet
  facet normal -1 0 0
    outer loop
      vertex 0 -2.86667 25.2667
      vertex 0 -1.32482 22.4098
      vertex 0 -1.61641 22.2248
    endloop
  endfacet
  facet normal -1 0 0
    outer loop
      vertex 0 0 22.75
      vertex 0 -2.86667 25.2667
      vertex 0 2.86667 25.2667
    endloop
  endfacet
  facet normal -1 0 0
    outer loop
      vertex 0 -1.8825 22.0047
      vertex 0 -2.86667 25.2667
      vertex 0 -1.61641 22.2248
    endloop
  endfacet
  facet normal -1 0 0
    outer loop
      vertex 0 -2.11891 21.7529
      vertex 0 -2.86667 25.2667
      vertex 0 -1.8825 22.0047
    endloop
  endfacet
  facet normal -1 0 0
    outer loop
      vertex 0 -2.3219 21.4735
      vertex 0 -2.86667 25.2667
      vertex 0 -2.11891 21.7529
    endloop
  endfacet
  facet normal -1 0 0
    outer loop
      vertex 0 -2.48827 21.1709
      vertex 0 -2.86667 25.2667
      vertex 0 -2.3219 21.4735
    endloop
  endfacet
  facet normal -1 0 0
    outer loop
      vertex 0 -2.61541 20.8498
      vertex 0 -2.86667 25.2667
      vertex 0 -2.48827 21.1709
    endloop
  endfacet
  facet normal -1 0 0
    outer loop
      vertex 0 -2.70129 20.5153
      vertex 0 -2.86667 25.2667
      vertex 0 -2.61541 20.8498
    endloop
  endfacet
  facet normal -1 0 0
    outer loop
      vertex 0 -2.74457 20.1727
      vertex 0 -2.86667 25.2667
      vertex 0 -2.70129 20.5153
    endloop
  endfacet
  facet normal -1 0 0
    outer loop
      vertex 0 -2.86667 25.2667
      vertex 0 -2.74457 20.1727
      vertex 0 -2.86667 14.7333
    endloop
  endfacet
  facet normal 0 0 -1
    outer loop
      vertex 31.5 -9.5 0
      vertex 28.1333 -2.86667 0
      vertex 31.5 9.5 0
    endloop
  endfacet
  facet normal 0 0 -1
    outer loop
      vertex 31.5 -9.5 0
      vertex 25.2667 -2.86667 0
      vertex 28.1333 -2.86667 0
    endloop
  endfacet
  facet normal 0 0 -1
    outer loop
      vertex 25.2667 -2.86667 0
      vertex 22.75 0 0
      vertex 25.2667 2.86667 0
    endloop
  endfacet
  facet normal 0 0 -1
    outer loop
      vertex 25.2667 -2.86667 0
      vertex 22.7283 -0.344666 0
      vertex 22.75 0 0
    endloop
  endfacet
  facet normal 0 0 -1
    outer loop
      vertex 20.5153 -2.70129 0
      vertex 25.2667 -2.86667 0
      vertex 31.5 -9.5 0
    endloop
  endfacet
  facet normal 0 0 -1
    outer loop
      vertex 25.2667 -2.86667 0
      vertex 22.6636 -0.683897 0
      vertex 22.7283 -0.344666 0
    endloop
  endfacet
  facet normal 0 0 -1
    outer loop
      vertex 25.2667 -2.86667 0
      vertex 22.5569 -1.01234 0
      vertex 22.6636 -0.683897 0
    endloop
  endfacet
  facet normal 0 0 -1
    outer loop
      vertex 25.2667 -2.86667 0
      vertex 22.4098 -1.32482 0
      vertex 22.5569 -1.01234 0
    endloop
  endfacet
  facet normal 0 0 -1
    outer loop
      vertex 25.2667 -2.86667 0
      vertex 22.2248 -1.61641 0
      vertex 22.4098 -1.32482 0
    endloop
  endfacet
  facet normal 0 0 -1
    outer loop
      vertex 25.2667 -2.86667 0
      vertex 22.0047 -1.8825 0
      vertex 22.2248 -1.61641 0
    endloop
  endfacet
  facet normal 0 0 -1
    outer loop
      vertex 25.2667 -2.86667 0
      vertex 21.7529 -2.11891 0
      vertex 22.0047 -1.8825 0
    endloop
  endfacet
  facet normal 0 0 -1
    outer loop
      vertex 25.2667 -2.86667 0
      vertex 21.4735 -2.3219 0
      vertex 21.7529 -2.11891 0
    endloop
  endfacet
  facet normal 0 0 -1
    outer loop
      vertex 25.2667 -2.86667 0
      vertex 21.1709 -2.48827 0
      vertex 21.4735 -2.3219 0
    endloop
  endfacet
  facet normal 0 0 -1
    outer loop
      vertex 25.2667 -2.86667 0
      vertex 20.8498 -2.61541 0
      vertex 21.1709 -2.48827 0
    endloop
  endfacet
  facet normal 0 0 -1
    outer loop
      vertex 25.2667 -2.86667 0
      vertex 20.5153 -2.70129 0
      vertex 20.8498 -2.61541 0
    endloop
  endfacet
  facet normal 0 0 -1
    outer loop
      vertex 31.5 -9.5 0
      vertex 20.1727 -2.74457 0
      vertex 20.5153 -2.70129 0
    endloop
  endfacet
  facet normal 0 0 -1
    outer loop
      vertex 31.5 -9.5 0
      vertex 19.8273 -2.74457 0
      vertex 20.1727 -2.74457 0
    endloop
  endfacet
  facet normal 0 0 -1
    outer loop
      vertex 14.7333 -2.86667 0
      vertex 19.8273 -2.74457 0
      vertex 31.5 -9.5 0
    endloop
  endfacet
  facet normal -0 0 -1
    outer loop
      vertex 19.8273 -2.74457 0
      vertex 14.7333 -2.86667 0
      vertex 19.4847 -2.70129 0
    endloop
  endfacet
  facet normal -0 0 -1
    outer loop
      vertex 19.4847 -2.70129 0
      vertex 14.7333 -2.86667 0
      vertex 19.1502 -2.61541 0
    endloop
  endfacet
  facet normal -0 0 -1
    outer loop
      vertex 19.1502 -2.61541 0
      vertex 14.7333 -2.86667 0
      vertex 18.8291 -2.48827 0
    endloop
  endfacet
  facet normal -0 0 -1
    outer loop
      vertex 17.2717 -0.344666 0
      vertex 14.7333 -2.86667 0
      vertex 17.25 0 0
    endloop
  endfacet
  facet normal -0 0 -1
    outer loop
      vertex 17.3364 -0.683897 0
      vertex 14.7333 -2.86667 0
      vertex 17.2717 -0.344666 0
    endloop
  endfacet
  facet normal -0 0 -1
    outer loop
      vertex 17.4431 -1.01234 0
      vertex 14.7333 -2.86667 0
      vertex 17.3364 -0.683897 0
    endloop
  endfacet
  facet normal -0 0 -1
    outer loop
      vertex 17.5902 -1.32482 0
      vertex 14.7333 -2.86667 0
      vertex 17.4431 -1.01234 0
    endloop
  endfacet
  facet normal -0 0 -1
    outer loop
      vertex 17.7752 -1.61641 0
      vertex 14.7333 -2.86667 0
      vertex 17.5902 -1.32482 0
    endloop
  endfacet
  facet normal -0 0 -1
    outer loop
      vertex 17.9953 -1.8825 0
      vertex 14.7333 -2.86667 0
      vertex 17.7752 -1.61641 0
    endloop
  endfacet
  facet normal -0 0 -1
    outer loop
      vertex 18.2471 -2.11891 0
      vertex 14.7333 -2.86667 0
      vertex 17.9953 -1.8825 0
    endloop
  endfacet
  facet normal -0 0 -1
    outer loop
      vertex 18.5265 -2.3219 0
      vertex 14.7333 -2.86667 0
      vertex 18.2471 -2.11891 0
    endloop
  endfacet
  facet normal -0 0 -1
    outer loop
      vertex 18.8291 -2.48827 0
      vertex 14.7333 -2.86667 0
      vertex 18.5265 -2.3219 0
    endloop
  endfacet
  facet normal 0 0 -1
    outer loop
      vertex 3 -9.5 0
      vertex 14.7333 -2.86667 0
      vertex 31.5 -9.5 0
    endloop
  endfacet
  facet normal -0 0 -1
    outer loop
      vertex 11.8667 -2.86667 0
      vertex 3 -9.5 0
      vertex 11.8667 2.86667 0
    endloop
  endfacet
  facet normal -0 0 -1
    outer loop
      vertex 14.7333 -2.86667 0
      vertex 3 -9.5 0
      vertex 11.8667 -2.86667 0
    endloop
  endfacet
  facet normal 0 0 -1
    outer loop
      vertex 28.1333 2.86667 0
      vertex 31.5 9.5 0
      vertex 28.1333 -2.86667 0
    endloop
  endfacet
  facet normal 0 0 -1
    outer loop
      vertex 25.2667 2.86667 0
      vertex 31.5 9.5 0
      vertex 28.1333 2.86667 0
    endloop
  endfacet
  facet normal 0 0 -1
    outer loop
      vertex 22.7283 0.344666 0
      vertex 25.2667 2.86667 0
      vertex 22.75 0 0
    endloop
  endfacet
  facet normal 0 0 -1
    outer loop
      vertex 22.6636 0.683897 0
      vertex 25.2667 2.86667 0
      vertex 22.7283 0.344666 0
    endloop
  endfacet
  facet normal 0 0 -1
    outer loop
      vertex 22.5569 1.01234 0
      vertex 25.2667 2.86667 0
      vertex 22.6636 0.683897 0
    endloop
  endfacet
  facet normal 0 0 -1
    outer loop
      vertex 22.4098 1.32482 0
      vertex 25.2667 2.86667 0
      vertex 22.5569 1.01234 0
    endloop
  endfacet
  facet normal 0 0 -1
    outer loop
      vertex 22.2248 1.61641 0
      vertex 25.2667 2.86667 0
      vertex 22.4098 1.32482 0
    endloop
  endfacet
  facet normal 0 0 -1
    outer loop
      vertex 22.0047 1.8825 0
      vertex 25.2667 2.86667 0
      vertex 22.2248 1.61641 0
    endloop
  endfacet
  facet normal 0 0 -1
    outer loop
      vertex 21.7529 2.11891 0
      vertex 25.2667 2.86667 0
      vertex 22.0047 1.8825 0
    endloop
  endfacet
  facet normal 0 0 -1
    outer loop
      vertex 21.4735 2.3219 0
      vertex 25.2667 2.86667 0
      vertex 21.7529 2.11891 0
    endloop
  endfacet
  facet normal 0 0 -1
    outer loop
      vertex 21.1709 2.48827 0
      vertex 25.2667 2.86667 0
      vertex 21.4735 2.3219 0
    endloop
  endfacet
  facet normal 0 0 -1
    outer loop
      vertex 20.8498 2.61541 0
      vertex 25.2667 2.86667 0
      vertex 21.1709 2.48827 0
    endloop
  endfacet
  facet normal 0 0 -1
    outer loop
      vertex 20.5153 2.70129 0
      vertex 25.2667 2.86667 0
      vertex 20.8498 2.61541 0
    endloop
  endfacet
  facet normal -0 0 -1
    outer loop
      vertex 25.2667 2.86667 0
      vertex 20.5153 2.70129 0
      vertex 31.5 9.5 0
    endloop
  endfacet
  facet normal 0 0 -1
    outer loop
      vertex 20.1727 2.74457 0
      vertex 31.5 9.5 0
      vertex 20.5153 2.70129 0
    endloop
  endfacet
  facet normal 0 0 -1
    outer loop
      vertex 19.8273 2.74457 0
      vertex 31.5 9.5 0
      vertex 20.1727 2.74457 0
    endloop
  endfacet
  facet normal 0 0 -1
    outer loop
      vertex 14.7333 2.86667 0
      vertex 19.8273 2.74457 0
      vertex 19.4847 2.70129 0
    endloop
  endfacet
  facet normal 0 0 -1
    outer loop
      vertex 14.7333 2.86667 0
      vertex 19.4847 2.70129 0
      vertex 19.1502 2.61541 0
    endloop
  endfacet
  facet normal 0 0 -1
    outer loop
      vertex 14.7333 2.86667 0
      vertex 19.1502 2.61541 0
      vertex 18.8291 2.48827 0
    endloop
  endfacet
  facet normal 0 0 -1
    outer loop
      vertex 14.7333 2.86667 0
      vertex 18.8291 2.48827 0
      vertex 18.5265 2.3219 0
    endloop
  endfacet
  facet normal 0 0 -1
    outer loop
      vertex 14.7333 2.86667 0
      vertex 17.25 0 0
      vertex 14.7333 -2.86667 0
    endloop
  endfacet
  facet normal 0 0 -1
    outer loop
      vertex 17.25 0 0
      vertex 14.7333 2.86667 0
      vertex 17.2717 0.344666 0
    endloop
  endfacet
  facet normal 0 0 -1
    outer loop
      vertex 17.2717 0.344666 0
      vertex 14.7333 2.86667 0
      vertex 17.3364 0.683897 0
    endloop
  endfacet
  facet normal 0 0 -1
    outer loop
      vertex 17.3364 0.683897 0
      vertex 14.7333 2.86667 0
      vertex 17.4431 1.01234 0
    endloop
  endfacet
  facet normal 0 0 -1
    outer loop
      vertex 17.4431 1.01234 0
      vertex 14.7333 2.86667 0
      vertex 17.5902 1.32482 0
    endloop
  endfacet
  facet normal 0 0 -1
    outer loop
      vertex 17.5902 1.32482 0
      vertex 14.7333 2.86667 0
      vertex 17.7752 1.61641 0
    endloop
  endfacet
  facet normal 0 0 -1
    outer loop
      vertex 14.7333 2.86667 0
      vertex 17.9953 1.8825 0
      vertex 17.7752 1.61641 0
    endloop
  endfacet
  facet normal 0 0 -1
    outer loop
      vertex 14.7333 2.86667 0
      vertex 18.2471 2.11891 0
      vertex 17.9953 1.8825 0
    endloop
  endfacet
  facet normal 0 0 -1
    outer loop
      vertex 14.7333 2.86667 0
      vertex 18.5265 2.3219 0
      vertex 18.2471 2.11891 0
    endloop
  endfacet
  facet normal 0 0 -1
    outer loop
      vertex 19.8273 2.74457 0
      vertex 14.7333 2.86667 0
      vertex 31.5 9.5 0
    endloop
  endfacet
  facet normal 0 0 -1
    outer loop
      vertex 3 9.5 0
      vertex 14.7333 2.86667 0
      vertex 11.8667 2.86667 0
    endloop
  endfacet
  facet normal 0 0 -1
    outer loop
      vertex 14.7333 2.86667 0
      vertex 3 9.5 0
      vertex 31.5 9.5 0
    endloop
  endfacet
  facet normal 0 0 -1
    outer loop
      vertex 3 9.5 0
      vertex 11.8667 2.86667 0
      vertex 3 -9.5 0
    endloop
  endfacet
  facet normal 0.707107 -0 0.707107
    outer loop
      vertex 31.5 -9.5 5
      vertex 32 9.5 4.5
      vertex 31.5 9.5 5
    endloop
  endfacet
  facet normal 0.707107 0 0.707107
    outer loop
      vertex 32 9.5 4.5
      vertex 31.5 -9.5 5
      vertex 32 -9.5 4.5
    endloop
  endfacet
  facet normal -0.707108 0.707106 0
    outer loop
      vertex 0.188371 9.68837 2.99408
      vertex 0.5 10 31.5
      vertex 0.5 10 2.95471
    endloop
  endfacet
  facet normal -0.707105 0.707109 0
    outer loop
      vertex 0 9.5 31.5
      vertex 0.188371 9.68837 2.99408
      vertex 0 9.5 2.99408
    endloop
  endfacet
  facet normal -0.707107 0.707107 -2.48056e-08
    outer loop
      vertex 0.188371 9.68837 2.99408
      vertex 0 9.5 31.5
      vertex 0.5 10 31.5
    endloop
  endfacet
  facet normal 0 -1 0
    outer loop
      vertex 0.5 -10 31.5
      vertex 4.5 -10 4.5
      vertex 4.5 -10 31.5
    endloop
  endfacet
  facet normal 0 -1 0
    outer loop
      vertex 0.5 -10 2.95471
      vertex 4.5 -10 4.5
      vertex 0.5 -10 31.5
    endloop
  endfacet
  facet normal 0 -1 0
    outer loop
      vertex 0.562143 -10 2.94686
      vertex 4.5 -10 4.5
      vertex 0.5 -10 2.95471
    endloop
  endfacet
  facet normal 0 -1 0
    outer loop
      vertex 0.927051 -10 2.85317
      vertex 4.5 -10 4.5
      vertex 0.562143 -10 2.94686
    endloop
  endfacet
  facet normal 0 -1 0
    outer loop
      vertex 1.27734 -10 2.71448
      vertex 4.5 -10 4.5
      vertex 0.927051 -10 2.85317
    endloop
  endfacet
  facet normal 0 -1 0
    outer loop
      vertex 1.60748 -10 2.53298
      vertex 4.5 -10 4.5
      vertex 1.27734 -10 2.71448
    endloop
  endfacet
  facet normal 0 -1 0
    outer loop
      vertex 1.91227 -10 2.31154
      vertex 4.5 -10 4.5
      vertex 1.60748 -10 2.53298
    endloop
  endfacet
  facet normal 0 -1 0
    outer loop
      vertex 2.18691 -10 2.05364
      vertex 4.5 -10 4.5
      vertex 1.91227 -10 2.31154
    endloop
  endfacet
  facet normal 0 -1 0
    outer loop
      vertex 2.42705 -10 1.76336
      vertex 4.5 -10 4.5
      vertex 2.18691 -10 2.05364
    endloop
  endfacet
  facet normal 0 -1 0
    outer loop
      vertex 2.62892 -10 1.44526
      vertex 4.5 -10 4.5
      vertex 2.42705 -10 1.76336
    endloop
  endfacet
  facet normal 0 -1 0
    outer loop
      vertex 2.78933 -10 1.10437
      vertex 4.5 -10 4.5
      vertex 2.62892 -10 1.44526
    endloop
  endfacet
  facet normal 0 -1 0
    outer loop
      vertex 2.90575 -10 0.746069
      vertex 4.5 -10 4.5
      vertex 2.78933 -10 1.10437
    endloop
  endfacet
  facet normal 0 -1 0
    outer loop
      vertex 2.95269 -10 0.5
      vertex 4.5 -10 4.5
      vertex 2.90575 -10 0.746069
    endloop
  endfacet
  facet normal 0 -1 0
    outer loop
      vertex 31.5 -10 0.5
      vertex 4.5 -10 4.5
      vertex 2.95269 -10 0.5
    endloop
  endfacet
  facet normal 0 -1 0
    outer loop
      vertex 4.5 -10 4.5
      vertex 31.5 -10 0.5
      vertex 31.5 -10 4.5
    endloop
  endfacet
  facet normal 0.707107 0.707107 0
    outer loop
      vertex 32 9.5 4.5
      vertex 31.5 10 0.5
      vertex 31.5 10 4.5
    endloop
  endfacet
  facet normal 0.707107 0.707107 0
    outer loop
      vertex 31.5 10 0.5
      vertex 32 9.5 4.5
      vertex 32 9.5 0.5
    endloop
  endfacet
  facet normal 0.57735 -0.57735 0.57735
    outer loop
      vertex 31.5 -9.5 5
      vertex 31.5 -10 4.5
      vertex 32 -9.5 4.5
    endloop
  endfacet
  facet normal 0.707107 -0.707107 0
    outer loop
      vertex 31.5 -10 4.5
      vertex 32 -9.5 0.5
      vertex 32 -9.5 4.5
    endloop
  endfacet
  facet normal 0.707107 -0.707107 0
    outer loop
      vertex 32 -9.5 0.5
      vertex 31.5 -10 4.5
      vertex 31.5 -10 0.5
    endloop
  endfacet
  facet normal -0.707105 -0.707109 0
    outer loop
      vertex 0.188371 -9.68837 2.99408
      vertex 0 -9.5 31.5
      vertex 0 -9.5 2.99408
    endloop
  endfacet
  facet normal -0.707108 -0.707106 -0
    outer loop
      vertex 0.5 -10 31.5
      vertex 0.188371 -9.68837 2.99408
      vertex 0.5 -10 2.95471
    endloop
  endfacet
  facet normal -0.707107 -0.707107 -2.48056e-08
    outer loop
      vertex 0.188371 -9.68837 2.99408
      vertex 0.5 -10 31.5
      vertex 0 -9.5 31.5
    endloop
  endfacet
  facet normal -0.57735 0.57735 0.57735
    outer loop
      vertex 0.5 10 31.5
      vertex 0 9.5 31.5
      vertex 0.5 9.5 32
    endloop
  endfacet
  facet normal 0.707107 -0 0.707107
    outer loop
      vertex 4.5 -9.5 32
      vertex 5 9.5 31.5
      vertex 4.5 9.5 32
    endloop
  endfacet
  facet normal 0.707107 0 0.707107
    outer loop
      vertex 5 9.5 31.5
      vertex 4.5 -9.5 32
      vertex 5 -9.5 31.5
    endloop
  endfacet
  facet normal -0.57735 -0.57735 0.57735
    outer loop
      vertex 0.5 -9.5 32
      vertex 0 -9.5 31.5
      vertex 0.5 -10 31.5
    endloop
  endfacet
  facet normal 0.707107 -0.707107 0
    outer loop
      vertex 4.5 -10 31.5
      vertex 5 -9.5 30
      vertex 5 -9.5 31.5
    endloop
  endfacet
  facet normal 0.707107 -0.707107 0
    outer loop
      vertex 4.5 -10 4.5
      vertex 5 -9.5 30
      vertex 4.5 -10 31.5
    endloop
  endfacet
  facet normal 0.707107 -0.707107 0
    outer loop
      vertex 5 -9.5 30
      vertex 4.5 -10 4.5
      vertex 5 -9.5 5
    endloop
  endfacet
  facet normal -1 0 0
    outer loop
      vertex 5 -10 5
      vertex 5 -9.5 30
      vertex 5 -9.5 5
    endloop
  endfacet
  facet normal -1 -0 0
    outer loop
      vertex 5 -9.5 30
      vertex 5 -10 5
      vertex 5 -10 30
    endloop
  endfacet
  facet normal -1 0 0
    outer loop
      vertex 5 9.5 5
      vertex 5 10 30
      vertex 5 10 5
    endloop
  endfacet
  facet normal -1 -0 0
    outer loop
      vertex 5 10 30
      vertex 5 9.5 5
      vertex 5 9.5 30
    endloop
  endfacet
  facet normal 1 -0 0
    outer loop
      vertex 5 -9.5 31.5
      vertex 5 9.5 30
      vertex 5 9.5 31.5
    endloop
  endfacet
  facet normal 1 0 0
    outer loop
      vertex 5 9.5 30
      vertex 5 -9.5 31.5
      vertex 5 -9.5 30
    endloop
  endfacet
  facet normal 0.57735 0.57735 0.57735
    outer loop
      vertex 4.5 10 31.5
      vertex 4.5 9.5 32
      vertex 5 9.5 31.5
    endloop
  endfacet
  facet normal 0 0.707107 0.707107
    outer loop
      vertex 4.5 10 31.5
      vertex 0.5 9.5 32
      vertex 4.5 9.5 32
    endloop
  endfacet
  facet normal 0 0.707107 0.707107
    outer loop
      vertex 0.5 9.5 32
      vertex 4.5 10 31.5
      vertex 0.5 10 31.5
    endloop
  endfacet
  facet normal 0 -0.707107 0.707107
    outer loop
      vertex 0.5 -10 31.5
      vertex 4.5 -9.5 32
      vertex 0.5 -9.5 32
    endloop
  endfacet
  facet normal 0 -0.707107 0.707107
    outer loop
      vertex 4.5 -9.5 32
      vertex 0.5 -10 31.5
      vertex 4.5 -10 31.5
    endloop
  endfacet
  facet normal 0.57735 -0.57735 0.57735
    outer loop
      vertex 4.5 -9.5 32
      vertex 4.5 -10 31.5
      vertex 5 -9.5 31.5
    endloop
  endfacet
  facet normal -0.707107 0 0.707107
    outer loop
      vertex 0 -9.5 31.5
      vertex 0.5 9.5 32
      vertex 0 9.5 31.5
    endloop
  endfacet
  facet normal -0.707107 0 0.707107
    outer loop
      vertex 0.5 9.5 32
      vertex 0 -9.5 31.5
      vertex 0.5 -9.5 32
    endloop
  endfacet
  facet normal 0.707107 0.707107 -0
    outer loop
      vertex 5 9.5 30
      vertex 4.5 10 31.5
      vertex 5 9.5 31.5
    endloop
  endfacet
  facet normal 0.707107 0.707107 0
    outer loop
      vertex 4.5 10 31.5
      vertex 5 9.5 30
      vertex 4.5 10 4.5
    endloop
  endfacet
  facet normal 0.707107 0.707107 0
    outer loop
      vertex 4.5 10 4.5
      vertex 5 9.5 30
      vertex 5 9.5 5
    endloop
  endfacet
  facet normal -0 0 1
    outer loop
      vertex 0.5 9.5 32
      vertex 4.5 -9.5 32
      vertex 4.5 9.5 32
    endloop
  endfacet
  facet normal 0 0 1
    outer loop
      vertex 4.5 -9.5 32
      vertex 0.5 9.5 32
      vertex 0.5 -9.5 32
    endloop
  endfacet
  facet normal 0 -1 0
    outer loop
      vertex 5 -10 30
      vertex 5 -10 5
      vertex 30 -10 5
    endloop
  endfacet
  facet normal 0 1 0
    outer loop
      vertex 30 10 5
      vertex 5 10 5
      vertex 5 10 30
    endloop
  endfacet
  facet normal 0.707107 -1.55169e-14 0.707107
    outer loop
      vertex 15.9369 4.91144 19.0631
      vertex 19.686 4.99013 15.314
      vertex 15.314 4.99013 19.686
    endloop
  endfacet
  facet normal 0.707107 -1.53179e-14 0.707107
    outer loop
      vertex 15.9369 4.91144 19.0631
      vertex 19.0631 4.91144 15.9369
      vertex 19.686 4.99013 15.314
    endloop
  endfacet
  facet normal 0.707107 8.04042e-15 0.707107
    outer loop
      vertex 16.5451 4.75528 18.4549
      vertex 19.0631 4.91144 15.9369
      vertex 15.9369 4.91144 19.0631
    endloop
  endfacet
  facet normal 0.707107 6.31755e-15 0.707107
    outer loop
      vertex 16.5451 4.75528 18.4549
      vertex 18.4549 4.75528 16.5451
      vertex 19.0631 4.91144 15.9369
    endloop
  endfacet
  facet normal 0.707107 0 0.707107
    outer loop
      vertex 17.1289 4.52413 17.8711
      vertex 18.4549 4.75528 16.5451
      vertex 16.5451 4.75528 18.4549
    endloop
  endfacet
  facet normal 0.707107 0 0.707107
    outer loop
      vertex 17.1289 4.52413 17.8711
      vertex 17.8711 4.52413 17.1289
      vertex 18.4549 4.75528 16.5451
    endloop
  endfacet
  facet normal 0.707107 0 0.707107
    outer loop
      vertex 17.8711 4.52413 17.1289
      vertex 17.1289 4.52413 17.8711
      vertex 17.5 4.32012 17.5
    endloop
  endfacet
  facet normal 0.707107 0 0.707107
    outer loop
      vertex 12.8711 4.52413 22.1289
      vertex 5 10 30
      vertex 5 9.5 30
    endloop
  endfacet
  facet normal 0.707107 0 0.707107
    outer loop
      vertex 5 10 30
      vertex 15.314 4.99013 19.686
      vertex 30 10 5
    endloop
  endfacet
  facet normal 0.707107 0 0.707107
    outer loop
      vertex 5 10 30
      vertex 14.686 4.99013 20.314
      vertex 15.314 4.99013 19.686
    endloop
  endfacet
  facet normal 0.707107 2.58795e-15 0.707107
    outer loop
      vertex 5 10 30
      vertex 14.0631 4.91144 20.9369
      vertex 14.686 4.99013 20.314
    endloop
  endfacet
  facet normal 0.707107 0 0.707107
    outer loop
      vertex 5 10 30
      vertex 13.4549 4.75528 21.5451
      vertex 14.0631 4.91144 20.9369
    endloop
  endfacet
  facet normal 0.707107 2.00322e-15 0.707107
    outer loop
      vertex 5 10 30
      vertex 12.8711 4.52413 22.1289
      vertex 13.4549 4.75528 21.5451
    endloop
  endfacet
  facet normal 0.707107 -3.92626e-15 0.707107
    outer loop
      vertex 5 9.5 30
      vertex 12.3209 4.22164 22.6791
      vertex 12.8711 4.52413 22.1289
    endloop
  endfacet
  facet normal 0.707107 2.79992e-15 0.707107
    outer loop
      vertex 5 9.5 30
      vertex 11.8129 3.85257 23.1871
      vertex 12.3209 4.22164 22.6791
    endloop
  endfacet
  facet normal 0.707107 -1.82264e-15 0.707107
    outer loop
      vertex 5 9.5 30
      vertex 11.3552 3.42274 23.6448
      vertex 11.8129 3.85257 23.1871
    endloop
  endfacet
  facet normal 0.707107 1.82455e-15 0.707107
    outer loop
      vertex 5 9.5 30
      vertex 10.9549 2.93893 24.0451
      vertex 11.3552 3.42274 23.6448
    endloop
  endfacet
  facet normal 0.707107 -2.80991e-15 0.707107
    outer loop
      vertex 5 9.5 30
      vertex 10.6185 2.40877 24.3815
      vertex 10.9549 2.93893 24.0451
    endloop
  endfacet
  facet normal 0.707107 2.46853e-15 0.707107
    outer loop
      vertex 5 9.5 30
      vertex 10.3511 1.84062 24.6489
      vertex 10.6185 2.40877 24.3815
    endloop
  endfacet
  facet normal 0.707107 -1.07324e-15 0.707107
    outer loop
      vertex 5 9.5 30
      vertex 10.1571 1.24345 24.8429
      vertex 10.3511 1.84062 24.6489
    endloop
  endfacet
  facet normal 0.707107 0 0.707107
    outer loop
      vertex 5 9.5 30
      vertex 10.0394 0.626666 24.9606
      vertex 10.1571 1.24345 24.8429
    endloop
  endfacet
  facet normal 0.707107 0 0.707107
    outer loop
      vertex 5 9.5 30
      vertex 10 0 25
      vertex 10.0394 0.626666 24.9606
    endloop
  endfacet
  facet normal 0.707107 -0 0.707107
    outer loop
      vertex 5 -9.5 30
      vertex 10 0 25
      vertex 5 9.5 30
    endloop
  endfacet
  facet normal 0.707107 0 0.707107
    outer loop
      vertex 10 0 25
      vertex 5 -9.5 30
      vertex 10.0394 -0.626666 24.9606
    endloop
  endfacet
  facet normal 0.707107 0 0.707107
    outer loop
      vertex 10.0394 -0.626666 24.9606
      vertex 5 -9.5 30
      vertex 10.1571 -1.24345 24.8429
    endloop
  endfacet
  facet normal 0.707107 1.37509e-15 0.707107
    outer loop
      vertex 10.1571 -1.24345 24.8429
      vertex 5 -9.5 30
      vertex 10.3511 -1.84062 24.6489
    endloop
  endfacet
  facet normal 0.707107 0 0.707107
    outer loop
      vertex 5 -10 30
      vertex 15.314 -4.99013 19.686
      vertex 14.686 -4.99013 20.314
    endloop
  endfacet
  facet normal 0.707107 0 0.707107
    outer loop
      vertex 15.314 -4.99013 19.686
      vertex 5 -10 30
      vertex 19.686 -4.99013 15.314
    endloop
  endfacet
  facet normal 0.707107 -3.23494e-15 0.707107
    outer loop
      vertex 14.0631 -4.91144 20.9369
      vertex 5 -10 30
      vertex 14.686 -4.99013 20.314
    endloop
  endfacet
  facet normal 0.707107 -1.3925e-16 0.707107
    outer loop
      vertex 13.4549 -4.75528 21.5451
      vertex 5 -10 30
      vertex 14.0631 -4.91144 20.9369
    endloop
  endfacet
  facet normal 0.707107 -1.25201e-16 0.707107
    outer loop
      vertex 12.8711 -4.52413 22.1289
      vertex 5 -10 30
      vertex 13.4549 -4.75528 21.5451
    endloop
  endfacet
  facet normal 0.707107 -0 0.707107
    outer loop
      vertex 5 -10 30
      vertex 12.8711 -4.52413 22.1289
      vertex 5 -9.5 30
    endloop
  endfacet
  facet normal 0.707107 3.68087e-15 0.707107
    outer loop
      vertex 12.3209 -4.22164 22.6791
      vertex 5 -9.5 30
      vertex 12.8711 -4.52413 22.1289
    endloop
  endfacet
  facet normal 0.707107 -3.3249e-15 0.707107
    outer loop
      vertex 11.8129 -3.85257 23.1871
      vertex 5 -9.5 30
      vertex 12.3209 -4.22164 22.6791
    endloop
  endfacet
  facet normal 0.707107 1.42393e-15 0.707107
    outer loop
      vertex 11.3552 -3.42274 23.6448
      vertex 5 -9.5 30
      vertex 11.8129 -3.85257 23.1871
    endloop
  endfacet
  facet normal 0.707107 -1.42543e-15 0.707107
    outer loop
      vertex 10.9549 -2.93893 24.0451
      vertex 5 -9.5 30
      vertex 11.3552 -3.42274 23.6448
    endloop
  endfacet
  facet normal 0.707107 2.7221e-15 0.707107
    outer loop
      vertex 10.6185 -2.40877 24.3815
      vertex 5 -9.5 30
      vertex 10.9549 -2.93893 24.0451
    endloop
  endfacet
  facet normal 0.707107 -2.71538e-15 0.707107
    outer loop
      vertex 10.3511 -1.84062 24.6489
      vertex 5 -9.5 30
      vertex 10.6185 -2.40877 24.3815
    endloop
  endfacet
  facet normal 0.707107 0 0.707107
    outer loop
      vertex 19.686 4.99013 15.314
      vertex 30 10 5
      vertex 15.314 4.99013 19.686
    endloop
  endfacet
  facet normal 0.707107 0 0.707107
    outer loop
      vertex 20.314 4.99013 14.686
      vertex 30 10 5
      vertex 19.686 4.99013 15.314
    endloop
  endfacet
  facet normal 0.707107 3.23494e-15 0.707107
    outer loop
      vertex 20.9369 4.91144 14.0631
      vertex 30 10 5
      vertex 20.314 4.99013 14.686
    endloop
  endfacet
  facet normal 0.707107 1.3925e-16 0.707107
    outer loop
      vertex 21.5451 4.75528 13.4549
      vertex 30 10 5
      vertex 20.9369 4.91144 14.0631
    endloop
  endfacet
  facet normal 0.707107 1.25201e-16 0.707107
    outer loop
      vertex 22.1289 4.52413 12.8711
      vertex 30 10 5
      vertex 21.5451 4.75528 13.4549
    endloop
  endfacet
  facet normal 0.707107 0 0.707107
    outer loop
      vertex 30 10 5
      vertex 22.1289 4.52413 12.8711
      vertex 30 9.5 5
    endloop
  endfacet
  facet normal 0.707107 -3.68087e-15 0.707107
    outer loop
      vertex 22.6791 4.22164 12.3209
      vertex 30 9.5 5
      vertex 22.1289 4.52413 12.8711
    endloop
  endfacet
  facet normal 0.707107 3.3249e-15 0.707107
    outer loop
      vertex 23.1871 3.85257 11.8129
      vertex 30 9.5 5
      vertex 22.6791 4.22164 12.3209
    endloop
  endfacet
  facet normal 0.707107 -1.42393e-15 0.707107
    outer loop
      vertex 23.6448 3.42274 11.3552
      vertex 30 9.5 5
      vertex 23.1871 3.85257 11.8129
    endloop
  endfacet
  facet normal 0.707107 1.42543e-15 0.707107
    outer loop
      vertex 24.0451 2.93893 10.9549
      vertex 30 9.5 5
      vertex 23.6448 3.42274 11.3552
    endloop
  endfacet
  facet normal 0.707107 -2.7221e-15 0.707107
    outer loop
      vertex 24.3815 2.40877 10.6185
      vertex 30 9.5 5
      vertex 24.0451 2.93893 10.9549
    endloop
  endfacet
  facet normal 0.707107 2.71538e-15 0.707107
    outer loop
      vertex 24.6489 1.84062 10.3511
      vertex 30 9.5 5
      vertex 24.3815 2.40877 10.6185
    endloop
  endfacet
  facet normal 0.707107 -1.37509e-15 0.707107
    outer loop
      vertex 24.8429 1.24345 10.1571
      vertex 30 9.5 5
      vertex 24.6489 1.84062 10.3511
    endloop
  endfacet
  facet normal 0.707107 0 0.707107
    outer loop
      vertex 24.9606 0.626666 10.0394
      vertex 30 9.5 5
      vertex 24.8429 1.24345 10.1571
    endloop
  endfacet
  facet normal 0.707107 0 0.707107
    outer loop
      vertex 25 0 10
      vertex 30 9.5 5
      vertex 24.9606 0.626666 10.0394
    endloop
  endfacet
  facet normal 0.707107 0 0.707107
    outer loop
      vertex 30 -9.5 5
      vertex 25 0 10
      vertex 24.9606 -0.626666 10.0394
    endloop
  endfacet
  facet normal 0.707107 0 0.707107
    outer loop
      vertex 30 -9.5 5
      vertex 24.9606 -0.626666 10.0394
      vertex 24.8429 -1.24345 10.1571
    endloop
  endfacet
  facet normal 0.707107 1.07324e-15 0.707107
    outer loop
      vertex 30 -9.5 5
      vertex 24.8429 -1.24345 10.1571
      vertex 24.6489 -1.84062 10.3511
    endloop
  endfacet
  facet normal 0.707107 -2.46853e-15 0.707107
    outer loop
      vertex 30 -9.5 5
      vertex 24.6489 -1.84062 10.3511
      vertex 24.3815 -2.40877 10.6185
    endloop
  endfacet
  facet normal 0.707107 0 0.707107
    outer loop
      vertex 30 -10 5
      vertex 19.686 -4.99013 15.314
      vertex 5 -10 30
    endloop
  endfacet
  facet normal 0.707107 0 0.707107
    outer loop
      vertex 19.686 -4.99013 15.314
      vertex 30 -10 5
      vertex 20.314 -4.99013 14.686
    endloop
  endfacet
  facet normal 0.707107 0 0.707107
    outer loop
      vertex 25 0 10
      vertex 30 -9.5 5
      vertex 30 9.5 5
    endloop
  endfacet
  facet normal 0.707107 2.69283e-15 0.707107
    outer loop
      vertex 24.0451 -2.93893 10.9549
      vertex 30 -9.5 5
      vertex 24.3815 -2.40877 10.6185
    endloop
  endfacet
  facet normal 0.707107 -1.42543e-15 0.707107
    outer loop
      vertex 23.6448 -3.42274 11.3552
      vertex 30 -9.5 5
      vertex 24.0451 -2.93893 10.9549
    endloop
  endfacet
  facet normal 0.707107 1.42393e-15 0.707107
    outer loop
      vertex 23.1871 -3.85257 11.8129
      vertex 30 -9.5 5
      vertex 23.6448 -3.42274 11.3552
    endloop
  endfacet
  facet normal 0.707107 -3.3249e-15 0.707107
    outer loop
      vertex 22.6791 -4.22164 12.3209
      vertex 30 -9.5 5
      vertex 23.1871 -3.85257 11.8129
    endloop
  endfacet
  facet normal 0.707107 3.80357e-15 0.707107
    outer loop
      vertex 22.1289 -4.52413 12.8711
      vertex 30 -9.5 5
      vertex 22.6791 -4.22164 12.3209
    endloop
  endfacet
  facet normal 0.707107 -2.00322e-15 0.707107
    outer loop
      vertex 30 -10 5
      vertex 22.1289 -4.52413 12.8711
      vertex 21.5451 -4.75528 13.4549
    endloop
  endfacet
  facet normal 0.707107 -3.23494e-15 0.707107
    outer loop
      vertex 20.314 -4.99013 14.686
      vertex 30 -10 5
      vertex 20.9369 -4.91144 14.0631
    endloop
  endfacet
  facet normal 0.707107 -2.78499e-16 0.707107
    outer loop
      vertex 20.9369 -4.91144 14.0631
      vertex 30 -10 5
      vertex 21.5451 -4.75528 13.4549
    endloop
  endfacet
  facet normal 0.707107 0 0.707107
    outer loop
      vertex 22.1289 -4.52413 12.8711
      vertex 30 -10 5
      vertex 30 -9.5 5
    endloop
  endfacet
  facet normal 0.707107 0 0.707107
    outer loop
      vertex 17.1289 -4.52413 17.8711
      vertex 17.8711 -4.52413 17.1289
      vertex 17.5 -4.32012 17.5
    endloop
  endfacet
  facet normal 0.707107 0 0.707107
    outer loop
      vertex 16.5451 -4.75528 18.4549
      vertex 17.8711 -4.52413 17.1289
      vertex 17.1289 -4.52413 17.8711
    endloop
  endfacet
  facet normal 0.707107 0 0.707107
    outer loop
      vertex 16.5451 -4.75528 18.4549
      vertex 18.4549 -4.75528 16.5451
      vertex 17.8711 -4.52413 17.1289
    endloop
  endfacet
  facet normal 0.707107 -8.4234e-15 0.707107
    outer loop
      vertex 15.9369 -4.91144 19.0631
      vertex 18.4549 -4.75528 16.5451
      vertex 16.5451 -4.75528 18.4549
    endloop
  endfacet
  facet normal 0.707107 -9.00527e-15 0.707107
    outer loop
      vertex 15.9369 -4.91144 19.0631
      vertex 19.0631 -4.91144 15.9369
      vertex 18.4549 -4.75528 16.5451
    endloop
  endfacet
  facet normal 0.707107 1.65944e-14 0.707107
    outer loop
      vertex 15.314 -4.99013 19.686
      vertex 19.0631 -4.91144 15.9369
      vertex 15.9369 -4.91144 19.0631
    endloop
  endfacet
  facet normal 0.707107 1.55169e-14 0.707107
    outer loop
      vertex 19.0631 -4.91144 15.9369
      vertex 15.314 -4.99013 19.686
      vertex 19.686 -4.99013 15.314
    endloop
  endfacet
  facet normal 0 0 -1
    outer loop
      vertex 12.2 -2.7 -1.5
      vertex 14.4 2.7 -1.5
      vertex 14.4 -2.7 -1.5
    endloop
  endfacet
  facet normal -0 0 -1
    outer loop
      vertex 14.4 2.7 -1.5
      vertex 12.2 -2.7 -1.5
      vertex 12.2 2.7 -1.5
    endloop
  endfacet
  facet normal 0.976192 0 -0.21691
    outer loop
      vertex 14.7333 2.86667 0
      vertex 14.4 -2.7 -1.5
      vertex 14.4 2.7 -1.5
    endloop
  endfacet
  facet normal 0.976192 0 -0.21691
    outer loop
      vertex 14.4 -2.7 -1.5
      vertex 14.7333 2.86667 0
      vertex 14.7333 -2.86667 0
    endloop
  endfacet
  facet normal 0 -0.993883 -0.110434
    outer loop
      vertex 12.2 -2.7 -1.5
      vertex 14.7333 -2.86667 0
      vertex 11.8667 -2.86667 0
    endloop
  endfacet
  facet normal 0 -0.993883 -0.110434
    outer loop
      vertex 14.7333 -2.86667 0
      vertex 12.2 -2.7 -1.5
      vertex 14.4 -2.7 -1.5
    endloop
  endfacet
  facet normal -0.976192 0 -0.21691
    outer loop
      vertex 12.2 -2.7 -1.5
      vertex 11.8667 2.86667 0
      vertex 12.2 2.7 -1.5
    endloop
  endfacet
  facet normal -0.976192 -0 -0.21691
    outer loop
      vertex 11.8667 2.86667 0
      vertex 12.2 -2.7 -1.5
      vertex 11.8667 -2.86667 0
    endloop
  endfacet
  facet normal 0 0.993883 -0.110434
    outer loop
      vertex 14.4 2.7 -1.5
      vertex 11.8667 2.86667 0
      vertex 14.7333 2.86667 0
    endloop
  endfacet
  facet normal 0 0.993883 -0.110434
    outer loop
      vertex 11.8667 2.86667 0
      vertex 14.4 2.7 -1.5
      vertex 12.2 2.7 -1.5
    endloop
  endfacet
  facet normal 0 0 -1
    outer loop
      vertex 25.6 -2.7 -1.5
      vertex 27.8 2.7 -1.5
      vertex 27.8 -2.7 -1.5
    endloop
  endfacet
  facet normal -0 0 -1
    outer loop
      vertex 27.8 2.7 -1.5
      vertex 25.6 -2.7 -1.5
      vertex 25.6 2.7 -1.5
    endloop
  endfacet
  facet normal 0.976192 0 -0.21691
    outer loop
      vertex 28.1333 2.86667 0
      vertex 27.8 -2.7 -1.5
      vertex 27.8 2.7 -1.5
    endloop
  endfacet
  facet normal 0.976192 0 -0.21691
    outer loop
      vertex 27.8 -2.7 -1.5
      vertex 28.1333 2.86667 0
      vertex 28.1333 -2.86667 0
    endloop
  endfacet
  facet normal 0 -0.993883 -0.110434
    outer loop
      vertex 25.6 -2.7 -1.5
      vertex 28.1333 -2.86667 0
      vertex 25.2667 -2.86667 0
    endloop
  endfacet
  facet normal 0 -0.993883 -0.110434
    outer loop
      vertex 28.1333 -2.86667 0
      vertex 25.6 -2.7 -1.5
      vertex 27.8 -2.7 -1.5
    endloop
  endfacet
  facet normal -0.976192 0 -0.21691
    outer loop
      vertex 25.6 -2.7 -1.5
      vertex 25.2667 2.86667 0
      vertex 25.6 2.7 -1.5
    endloop
  endfacet
  facet normal -0.976192 -0 -0.21691
    outer loop
      vertex 25.2667 2.86667 0
      vertex 25.6 -2.7 -1.5
      vertex 25.2667 -2.86667 0
    endloop
  endfacet
  facet normal 0 0.993883 -0.110434
    outer loop
      vertex 27.8 2.7 -1.5
      vertex 25.2667 2.86667 0
      vertex 28.1333 2.86667 0
    endloop
  endfacet
  facet normal 0 0.993883 -0.110434
    outer loop
      vertex 25.2667 2.86667 0
      vertex 27.8 2.7 -1.5
      vertex 25.6 2.7 -1.5
    endloop
  endfacet
  facet normal -0.21691 0 0.976192
    outer loop
      vertex -1.5 2.7 14.4
      vertex 0 -2.86667 14.7333
      vertex 0 2.86667 14.7333
    endloop
  endfacet
  facet normal -0.21691 0 0.976192
    outer loop
      vertex 0 -2.86667 14.7333
      vertex -1.5 2.7 14.4
      vertex -1.5 -2.7 14.4
    endloop
  endfacet
  facet normal -0.21691 0 -0.976192
    outer loop
      vertex -1.5 -2.7 12.2
      vertex 0 2.86667 11.8667
      vertex 0 -2.86667 11.8667
    endloop
  endfacet
  facet normal -0.21691 0 -0.976192
    outer loop
      vertex 0 2.86667 11.8667
      vertex -1.5 -2.7 12.2
      vertex -1.5 2.7 12.2
    endloop
  endfacet
  facet normal -0.110434 0.993883 0
    outer loop
      vertex 0 2.86667 14.7333
      vertex -1.5 2.7 12.2
      vertex -1.5 2.7 14.4
    endloop
  endfacet
  facet normal -0.110434 0.993883 0
    outer loop
      vertex -1.5 2.7 12.2
      vertex 0 2.86667 14.7333
      vertex 0 2.86667 11.8667
    endloop
  endfacet
  facet normal -1 0 0
    outer loop
      vertex -1.5 -2.7 12.2
      vertex -1.5 2.7 14.4
      vertex -1.5 2.7 12.2
    endloop
  endfacet
  facet normal -1 -0 0
    outer loop
      vertex -1.5 2.7 14.4
      vertex -1.5 -2.7 12.2
      vertex -1.5 -2.7 14.4
    endloop
  endfacet
  facet normal -0.110434 -0.993883 0
    outer loop
      vertex -1.5 -2.7 12.2
      vertex 0 -2.86667 14.7333
      vertex -1.5 -2.7 14.4
    endloop
  endfacet
  facet normal -0.110434 -0.993883 -0
    outer loop
      vertex 0 -2.86667 14.7333
      vertex -1.5 -2.7 12.2
      vertex 0 -2.86667 11.8667
    endloop
  endfacet
  facet normal -0.21691 0 0.976192
    outer loop
      vertex -1.5 2.7 27.8
      vertex 0 -2.86667 28.1333
      vertex 0 2.86667 28.1333
    endloop
  endfacet
  facet normal -0.21691 0 0.976192
    outer loop
      vertex 0 -2.86667 28.1333
      vertex -1.5 2.7 27.8
      vertex -1.5 -2.7 27.8
    endloop
  endfacet
  facet normal -0.21691 0 -0.976192
    outer loop
      vertex -1.5 -2.7 25.6
      vertex 0 2.86667 25.2667
      vertex 0 -2.86667 25.2667
    endloop
  endfacet
  facet normal -0.21691 0 -0.976192
    outer loop
      vertex 0 2.86667 25.2667
      vertex -1.5 -2.7 25.6
      vertex -1.5 2.7 25.6
    endloop
  endfacet
  facet normal -0.110434 0.993883 0
    outer loop
      vertex 0 2.86667 28.1333
      vertex -1.5 2.7 25.6
      vertex -1.5 2.7 27.8
    endloop
  endfacet
  facet normal -0.110434 0.993883 0
    outer loop
      vertex -1.5 2.7 25.6
      vertex 0 2.86667 28.1333
      vertex 0 2.86667 25.2667
    endloop
  endfacet
  facet normal -1 0 0
    outer loop
      vertex -1.5 -2.7 25.6
      vertex -1.5 2.7 27.8
      vertex -1.5 2.7 25.6
    endloop
  endfacet
  facet normal -1 -0 0
    outer loop
      vertex -1.5 2.7 27.8
      vertex -1.5 -2.7 25.6
      vertex -1.5 -2.7 27.8
    endloop
  endfacet
  facet normal -0.110434 -0.993883 0
    outer loop
      vertex -1.5 -2.7 25.6
      vertex 0 -2.86667 28.1333
      vertex -1.5 -2.7 27.8
    endloop
  endfacet
  facet normal -0.110434 -0.993883 -0
    outer loop
      vertex 0 -2.86667 28.1333
      vertex -1.5 -2.7 25.6
      vertex 0 -2.86667 25.2667
    endloop
  endfacet
  facet normal -0.368143 0.929769 0
    outer loop
      vertex 21.1709 -2.48827 0
      vertex 20.8498 -2.61541 4.9
      vertex 21.1709 -2.48827 4.9
    endloop
  endfacet
  facet normal -0.368143 0.929769 0
    outer loop
      vertex 20.8498 -2.61541 4.9
      vertex 21.1709 -2.48827 0
      vertex 20.8498 -2.61541 0
    endloop
  endfacet
  facet normal -0.982294 -0.187348 0
    outer loop
      vertex 22.7283 0.344666 0
      vertex 22.6636 0.683897 4.9
      vertex 22.6636 0.683897 0
    endloop
  endfacet
  facet normal -0.982294 -0.187348 0
    outer loop
      vertex 22.6636 0.683897 4.9
      vertex 22.7283 0.344666 0
      vertex 22.7283 0.344666 4.9
    endloop
  endfacet
  facet normal -0.998024 -0.0628351 0
    outer loop
      vertex 22.75 0 0
      vertex 22.7283 0.344666 4.9
      vertex 22.7283 0.344666 0
    endloop
  endfacet
  facet normal -0.998024 -0.0628351 0
    outer loop
      vertex 22.7283 0.344666 4.9
      vertex 22.75 0 0
      vertex 22.75 0 4.9
    endloop
  endfacet
  facet normal -0.951071 -0.308971 0
    outer loop
      vertex 22.6636 0.683897 0
      vertex 22.5569 1.01234 4.9
      vertex 22.5569 1.01234 0
    endloop
  endfacet
  facet normal -0.951071 -0.308971 0
    outer loop
      vertex 22.5569 1.01234 4.9
      vertex 22.6636 0.683897 0
      vertex 22.6636 0.683897 4.9
    endloop
  endfacet
  facet normal -0.844392 0.535726 0
    outer loop
      vertex 22.2248 -1.61641 0
      vertex 22.4098 -1.32482 4.9
      vertex 22.4098 -1.32482 0
    endloop
  endfacet
  facet normal -0.844392 0.535726 0
    outer loop
      vertex 22.4098 -1.32482 4.9
      vertex 22.2248 -1.61641 0
      vertex 22.2248 -1.61641 4.9
    endloop
  endfacet
  facet normal -0.998024 0.0628351 0
    outer loop
      vertex 22.7283 -0.344666 0
      vertex 22.75 0 4.9
      vertex 22.75 0 0
    endloop
  endfacet
  facet normal -0.998024 0.0628351 0
    outer loop
      vertex 22.75 0 4.9
      vertex 22.7283 -0.344666 0
      vertex 22.7283 -0.344666 4.9
    endloop
  endfacet
  facet normal -0.904762 -0.425917 0
    outer loop
      vertex 22.5569 1.01234 0
      vertex 22.4098 1.32482 4.9
      vertex 22.4098 1.32482 0
    endloop
  endfacet
  facet normal -0.904762 -0.425917 0
    outer loop
      vertex 22.4098 1.32482 4.9
      vertex 22.5569 1.01234 0
      vertex 22.5569 1.01234 4.9
    endloop
  endfacet
  facet normal 0.982294 -0.187348 0
    outer loop
      vertex 17.2717 0.344666 4.9
      vertex 17.3364 0.683897 0
      vertex 17.3364 0.683897 4.9
    endloop
  endfacet
  facet normal 0.982294 -0.187348 0
    outer loop
      vertex 17.3364 0.683897 0
      vertex 17.2717 0.344666 4.9
      vertex 17.2717 0.344666 0
    endloop
  endfacet
  facet normal 0.481785 -0.876289 0
    outer loop
      vertex 18.5265 2.3219 0
      vertex 18.8291 2.48827 4.9
      vertex 18.5265 2.3219 4.9
    endloop
  endfacet
  facet normal 0.481785 -0.876289 0
    outer loop
      vertex 18.8291 2.48827 4.9
      vertex 18.5265 2.3219 0
      vertex 18.8291 2.48827 0
    endloop
  endfacet
  facet normal -0.770554 0.637374 0
    outer loop
      vertex 22.0047 -1.8825 0
      vertex 22.2248 -1.61641 4.9
      vertex 22.2248 -1.61641 0
    endloop
  endfacet
  facet normal -0.770554 0.637374 0
    outer loop
      vertex 22.2248 -1.61641 4.9
      vertex 22.0047 -1.8825 0
      vertex 22.0047 -1.8825 4.9
    endloop
  endfacet
  facet normal 0.587774 -0.809025 0
    outer loop
      vertex 18.2471 2.11891 0
      vertex 18.5265 2.3219 4.9
      vertex 18.2471 2.11891 4.9
    endloop
  endfacet
  facet normal 0.587774 -0.809025 0
    outer loop
      vertex 18.5265 2.3219 4.9
      vertex 18.2471 2.11891 0
      vertex 18.5265 2.3219 0
    endloop
  endfacet
  facet normal 0.684476 0.729035 -0
    outer loop
      vertex 18.2471 -2.11891 0
      vertex 17.9953 -1.8825 4.9
      vertex 18.2471 -2.11891 4.9
    endloop
  endfacet
  facet normal 0.684476 0.729035 0
    outer loop
      vertex 17.9953 -1.8825 4.9
      vertex 18.2471 -2.11891 0
      vertex 17.9953 -1.8825 0
    endloop
  endfacet
  facet normal 0 -1 0
    outer loop
      vertex 19.8273 2.74457 0
      vertex 20.1727 2.74457 4.9
      vertex 19.8273 2.74457 4.9
    endloop
  endfacet
  facet normal 0 -1 -0
    outer loop
      vertex 20.1727 2.74457 4.9
      vertex 19.8273 2.74457 0
      vertex 20.1727 2.74457 0
    endloop
  endfacet
  facet normal -0.844392 -0.535726 0
    outer loop
      vertex 22.4098 1.32482 0
      vertex 22.2248 1.61641 4.9
      vertex 22.2248 1.61641 0
    endloop
  endfacet
  facet normal -0.844392 -0.535726 0
    outer loop
      vertex 22.2248 1.61641 4.9
      vertex 22.4098 1.32482 0
      vertex 22.4098 1.32482 4.9
    endloop
  endfacet
  facet normal -0.125332 -0.992115 0
    outer loop
      vertex 20.1727 2.74457 0
      vertex 20.5153 2.70129 4.9
      vertex 20.1727 2.74457 4.9
    endloop
  endfacet
  facet normal -0.125332 -0.992115 -0
    outer loop
      vertex 20.5153 2.70129 4.9
      vertex 20.1727 2.74457 0
      vertex 20.5153 2.70129 0
    endloop
  endfacet
  facet normal 0.951071 -0.308971 0
    outer loop
      vertex 17.3364 0.683897 4.9
      vertex 17.4431 1.01234 0
      vertex 17.4431 1.01234 4.9
    endloop
  endfacet
  facet normal 0.951071 -0.308971 0
    outer loop
      vertex 17.4431 1.01234 0
      vertex 17.3364 0.683897 4.9
      vertex 17.3364 0.683897 0
    endloop
  endfacet
  facet normal 0.248676 0.968587 -0
    outer loop
      vertex 19.4847 -2.70129 0
      vertex 19.1502 -2.61541 4.9
      vertex 19.4847 -2.70129 4.9
    endloop
  endfacet
  facet normal 0.248676 0.968587 0
    outer loop
      vertex 19.1502 -2.61541 4.9
      vertex 19.4847 -2.70129 0
      vertex 19.1502 -2.61541 0
    endloop
  endfacet
  facet normal -0.368143 -0.929769 0
    outer loop
      vertex 20.8498 2.61541 0
      vertex 21.1709 2.48827 4.9
      vertex 20.8498 2.61541 4.9
    endloop
  endfacet
  facet normal -0.368143 -0.929769 -0
    outer loop
      vertex 21.1709 2.48827 4.9
      vertex 20.8498 2.61541 0
      vertex 21.1709 2.48827 0
    endloop
  endfacet
  facet normal 0.125332 0.992115 -0
    outer loop
      vertex 19.8273 -2.74457 0
      vertex 19.4847 -2.70129 4.9
      vertex 19.8273 -2.74457 4.9
    endloop
  endfacet
  facet normal 0.125332 0.992115 0
    outer loop
      vertex 19.4847 -2.70129 4.9
      vertex 19.8273 -2.74457 0
      vertex 19.4847 -2.70129 0
    endloop
  endfacet
  facet normal -0.684476 0.729035 0
    outer loop
      vertex 22.0047 -1.8825 0
      vertex 21.7529 -2.11891 4.9
      vertex 22.0047 -1.8825 4.9
    endloop
  endfacet
  facet normal -0.684476 0.729035 0
    outer loop
      vertex 21.7529 -2.11891 4.9
      vertex 22.0047 -1.8825 0
      vertex 21.7529 -2.11891 0
    endloop
  endfacet
  facet normal -0.904762 0.425917 0
    outer loop
      vertex 22.4098 -1.32482 0
      vertex 22.5569 -1.01234 4.9
      vertex 22.5569 -1.01234 0
    endloop
  endfacet
  facet normal -0.904762 0.425917 0
    outer loop
      vertex 22.5569 -1.01234 4.9
      vertex 22.4098 -1.32482 0
      vertex 22.4098 -1.32482 4.9
    endloop
  endfacet
  facet normal -0.587774 0.809025 0
    outer loop
      vertex 21.7529 -2.11891 0
      vertex 21.4735 -2.3219 4.9
      vertex 21.7529 -2.11891 4.9
    endloop
  endfacet
  facet normal -0.587774 0.809025 0
    outer loop
      vertex 21.4735 -2.3219 4.9
      vertex 21.7529 -2.11891 0
      vertex 21.4735 -2.3219 0
    endloop
  endfacet
  facet normal -0.770554 -0.637374 0
    outer loop
      vertex 22.2248 1.61641 0
      vertex 22.0047 1.8825 4.9
      vertex 22.0047 1.8825 0
    endloop
  endfacet
  facet normal -0.770554 -0.637374 0
    outer loop
      vertex 22.0047 1.8825 4.9
      vertex 22.2248 1.61641 0
      vertex 22.2248 1.61641 4.9
    endloop
  endfacet
  facet normal -0.684476 -0.729035 0
    outer loop
      vertex 21.7529 2.11891 0
      vertex 22.0047 1.8825 4.9
      vertex 21.7529 2.11891 4.9
    endloop
  endfacet
  facet normal -0.684476 -0.729035 -0
    outer loop
      vertex 22.0047 1.8825 4.9
      vertex 21.7529 2.11891 0
      vertex 22.0047 1.8825 0
    endloop
  endfacet
  facet normal 0.770554 0.637374 0
    outer loop
      vertex 17.9953 -1.8825 4.9
      vertex 17.7752 -1.61641 0
      vertex 17.7752 -1.61641 4.9
    endloop
  endfacet
  facet normal 0.770554 0.637374 0
    outer loop
      vertex 17.7752 -1.61641 0
      vertex 17.9953 -1.8825 4.9
      vertex 17.9953 -1.8825 0
    endloop
  endfacet
  facet normal -0.587774 -0.809025 0
    outer loop
      vertex 21.4735 2.3219 0
      vertex 21.7529 2.11891 4.9
      vertex 21.4735 2.3219 4.9
    endloop
  endfacet
  facet normal -0.587774 -0.809025 -0
    outer loop
      vertex 21.7529 2.11891 4.9
      vertex 21.4735 2.3219 0
      vertex 21.7529 2.11891 0
    endloop
  endfacet
  facet normal -0.481785 -0.876289 0
    outer loop
      vertex 21.1709 2.48827 0
      vertex 21.4735 2.3219 4.9
      vertex 21.1709 2.48827 4.9
    endloop
  endfacet
  facet normal -0.481785 -0.876289 -0
    outer loop
      vertex 21.4735 2.3219 4.9
      vertex 21.1709 2.48827 0
      vertex 21.4735 2.3219 0
    endloop
  endfacet
  facet normal -0.982294 0.187348 0
    outer loop
      vertex 22.6636 -0.683897 0
      vertex 22.7283 -0.344666 4.9
      vertex 22.7283 -0.344666 0
    endloop
  endfacet
  facet normal -0.982294 0.187348 0
    outer loop
      vertex 22.7283 -0.344666 4.9
      vertex 22.6636 -0.683897 0
      vertex 22.6636 -0.683897 4.9
    endloop
  endfacet
  facet normal 0.368143 -0.929769 0
    outer loop
      vertex 18.8291 2.48827 0
      vertex 19.1502 2.61541 4.9
      vertex 18.8291 2.48827 4.9
    endloop
  endfacet
  facet normal 0.368143 -0.929769 0
    outer loop
      vertex 19.1502 2.61541 4.9
      vertex 18.8291 2.48827 0
      vertex 19.1502 2.61541 0
    endloop
  endfacet
  facet normal 0.844392 0.535726 0
    outer loop
      vertex 17.7752 -1.61641 4.9
      vertex 17.5902 -1.32482 0
      vertex 17.5902 -1.32482 4.9
    endloop
  endfacet
  facet normal 0.844392 0.535726 0
    outer loop
      vertex 17.5902 -1.32482 0
      vertex 17.7752 -1.61641 4.9
      vertex 17.7752 -1.61641 0
    endloop
  endfacet
  facet normal 0.248676 -0.968587 0
    outer loop
      vertex 19.1502 2.61541 0
      vertex 19.4847 2.70129 4.9
      vertex 19.1502 2.61541 4.9
    endloop
  endfacet
  facet normal 0.248676 -0.968587 0
    outer loop
      vertex 19.4847 2.70129 4.9
      vertex 19.1502 2.61541 0
      vertex 19.4847 2.70129 0
    endloop
  endfacet
  facet normal 0.368143 0.929769 -0
    outer loop
      vertex 19.1502 -2.61541 0
      vertex 18.8291 -2.48827 4.9
      vertex 19.1502 -2.61541 4.9
    endloop
  endfacet
  facet normal 0.368143 0.929769 0
    outer loop
      vertex 18.8291 -2.48827 4.9
      vertex 19.1502 -2.61541 0
      vertex 18.8291 -2.48827 0
    endloop
  endfacet
  facet normal 0.904762 0.425917 0
    outer loop
      vertex 17.5902 -1.32482 4.9
      vertex 17.4431 -1.01234 0
      vertex 17.4431 -1.01234 4.9
    endloop
  endfacet
  facet normal 0.904762 0.425917 0
    outer loop
      vertex 17.4431 -1.01234 0
      vertex 17.5902 -1.32482 4.9
      vertex 17.5902 -1.32482 0
    endloop
  endfacet
  facet normal 0 1 -0
    outer loop
      vertex 20.1727 -2.74457 0
      vertex 19.8273 -2.74457 4.9
      vertex 20.1727 -2.74457 4.9
    endloop
  endfacet
  facet normal 0 1 0
    outer loop
      vertex 19.8273 -2.74457 4.9
      vertex 20.1727 -2.74457 0
      vertex 19.8273 -2.74457 0
    endloop
  endfacet
  facet normal -0.125332 0.992115 0
    outer loop
      vertex 20.5153 -2.70129 0
      vertex 20.1727 -2.74457 4.9
      vertex 20.5153 -2.70129 4.9
    endloop
  endfacet
  facet normal -0.125332 0.992115 0
    outer loop
      vertex 20.1727 -2.74457 4.9
      vertex 20.5153 -2.70129 0
      vertex 20.1727 -2.74457 0
    endloop
  endfacet
  facet normal -0.248676 0.968587 0
    outer loop
      vertex 20.8498 -2.61541 0
      vertex 20.5153 -2.70129 4.9
      vertex 20.8498 -2.61541 4.9
    endloop
  endfacet
  facet normal -0.248676 0.968587 0
    outer loop
      vertex 20.5153 -2.70129 4.9
      vertex 20.8498 -2.61541 0
      vertex 20.5153 -2.70129 0
    endloop
  endfacet
  facet normal -0.481785 0.876289 0
    outer loop
      vertex 21.4735 -2.3219 0
      vertex 21.1709 -2.48827 4.9
      vertex 21.4735 -2.3219 4.9
    endloop
  endfacet
  facet normal -0.481785 0.876289 0
    outer loop
      vertex 21.1709 -2.48827 4.9
      vertex 21.4735 -2.3219 0
      vertex 21.1709 -2.48827 0
    endloop
  endfacet
  facet normal -0.951071 0.308971 0
    outer loop
      vertex 22.5569 -1.01234 0
      vertex 22.6636 -0.683897 4.9
      vertex 22.6636 -0.683897 0
    endloop
  endfacet
  facet normal -0.951071 0.308971 0
    outer loop
      vertex 22.6636 -0.683897 4.9
      vertex 22.5569 -1.01234 0
      vertex 22.5569 -1.01234 4.9
    endloop
  endfacet
  facet normal 0.684476 -0.729035 0
    outer loop
      vertex 17.9953 1.8825 0
      vertex 18.2471 2.11891 4.9
      vertex 17.9953 1.8825 4.9
    endloop
  endfacet
  facet normal 0.684476 -0.729035 0
    outer loop
      vertex 18.2471 2.11891 4.9
      vertex 17.9953 1.8825 0
      vertex 18.2471 2.11891 0
    endloop
  endfacet
  facet normal 0.125332 -0.992115 0
    outer loop
      vertex 19.4847 2.70129 0
      vertex 19.8273 2.74457 4.9
      vertex 19.4847 2.70129 4.9
    endloop
  endfacet
  facet normal 0.125332 -0.992115 0
    outer loop
      vertex 19.8273 2.74457 4.9
      vertex 19.4847 2.70129 0
      vertex 19.8273 2.74457 0
    endloop
  endfacet
  facet normal 0.982294 0.187348 0
    outer loop
      vertex 17.3364 -0.683897 4.9
      vertex 17.2717 -0.344666 0
      vertex 17.2717 -0.344666 4.9
    endloop
  endfacet
  facet normal 0.982294 0.187348 0
    outer loop
      vertex 17.2717 -0.344666 0
      vertex 17.3364 -0.683897 4.9
      vertex 17.3364 -0.683897 0
    endloop
  endfacet
  facet normal 0.951071 0.308971 0
    outer loop
      vertex 17.4431 -1.01234 4.9
      vertex 17.3364 -0.683897 0
      vertex 17.3364 -0.683897 4.9
    endloop
  endfacet
  facet normal 0.951071 0.308971 0
    outer loop
      vertex 17.3364 -0.683897 0
      vertex 17.4431 -1.01234 4.9
      vertex 17.4431 -1.01234 0
    endloop
  endfacet
  facet normal 0.844392 -0.535726 0
    outer loop
      vertex 17.5902 1.32482 4.9
      vertex 17.7752 1.61641 0
      vertex 17.7752 1.61641 4.9
    endloop
  endfacet
  facet normal 0.844392 -0.535726 0
    outer loop
      vertex 17.7752 1.61641 0
      vertex 17.5902 1.32482 4.9
      vertex 17.5902 1.32482 0
    endloop
  endfacet
  facet normal -0.248676 -0.968587 0
    outer loop
      vertex 20.5153 2.70129 0
      vertex 20.8498 2.61541 4.9
      vertex 20.5153 2.70129 4.9
    endloop
  endfacet
  facet normal -0.248676 -0.968587 -0
    outer loop
      vertex 20.8498 2.61541 4.9
      vertex 20.5153 2.70129 0
      vertex 20.8498 2.61541 0
    endloop
  endfacet
  facet normal 0.770554 -0.637374 0
    outer loop
      vertex 17.7752 1.61641 4.9
      vertex 17.9953 1.8825 0
      vertex 17.9953 1.8825 4.9
    endloop
  endfacet
  facet normal 0.770554 -0.637374 0
    outer loop
      vertex 17.9953 1.8825 0
      vertex 17.7752 1.61641 4.9
      vertex 17.7752 1.61641 0
    endloop
  endfacet
  facet normal 0.587774 0.809025 -0
    outer loop
      vertex 18.5265 -2.3219 0
      vertex 18.2471 -2.11891 4.9
      vertex 18.5265 -2.3219 4.9
    endloop
  endfacet
  facet normal 0.587774 0.809025 0
    outer loop
      vertex 18.2471 -2.11891 4.9
      vertex 18.5265 -2.3219 0
      vertex 18.2471 -2.11891 0
    endloop
  endfacet
  facet normal 0.904762 -0.425917 0
    outer loop
      vertex 17.4431 1.01234 4.9
      vertex 17.5902 1.32482 0
      vertex 17.5902 1.32482 4.9
    endloop
  endfacet
  facet normal 0.904762 -0.425917 0
    outer loop
      vertex 17.5902 1.32482 0
      vertex 17.4431 1.01234 4.9
      vertex 17.4431 1.01234 0
    endloop
  endfacet
  facet normal 0.998024 -0.0628351 0
    outer loop
      vertex 17.25 0 4.9
      vertex 17.2717 0.344666 0
      vertex 17.2717 0.344666 4.9
    endloop
  endfacet
  facet normal 0.998024 -0.0628351 0
    outer loop
      vertex 17.2717 0.344666 0
      vertex 17.25 0 4.9
      vertex 17.25 0 0
    endloop
  endfacet
  facet normal 0.998024 0.0628351 0
    outer loop
      vertex 17.2717 -0.344666 4.9
      vertex 17.25 0 0
      vertex 17.25 0 4.9
    endloop
  endfacet
  facet normal 0.998024 0.0628351 0
    outer loop
      vertex 17.25 0 0
      vertex 17.2717 -0.344666 4.9
      vertex 17.2717 -0.344666 0
    endloop
  endfacet
  facet normal 0.481785 0.876289 -0
    outer loop
      vertex 18.8291 -2.48827 0
      vertex 18.5265 -2.3219 4.9
      vertex 18.8291 -2.48827 4.9
    endloop
  endfacet
  facet normal 0.481785 0.876289 0
    outer loop
      vertex 18.5265 -2.3219 4.9
      vertex 18.8291 -2.48827 0
      vertex 18.5265 -2.3219 0
    endloop
  endfacet
  facet normal 0 -0.809025 -0.587774
    outer loop
      vertex 0 2.3219 21.4735
      vertex 4.9 2.11891 21.7529
      vertex 0 2.11891 21.7529
    endloop
  endfacet
  facet normal 0 -0.809025 -0.587774
    outer loop
      vertex 4.9 2.11891 21.7529
      vertex 0 2.3219 21.4735
      vertex 4.9 2.3219 21.4735
    endloop
  endfacet
  facet normal 0 -0.187348 0.982294
    outer loop
      vertex 0 0.683897 17.3364
      vertex 4.9 0.344666 17.2717
      vertex 4.9 0.683897 17.3364
    endloop
  endfacet
  facet normal 0 -0.187348 0.982294
    outer loop
      vertex 4.9 0.344666 17.2717
      vertex 0 0.683897 17.3364
      vertex 0 0.344666 17.2717
    endloop
  endfacet
  facet normal 0 -0.308971 0.951071
    outer loop
      vertex 0 1.01234 17.4431
      vertex 4.9 0.683897 17.3364
      vertex 4.9 1.01234 17.4431
    endloop
  endfacet
  facet normal 0 -0.308971 0.951071
    outer loop
      vertex 4.9 0.683897 17.3364
      vertex 0 1.01234 17.4431
      vertex 0 0.683897 17.3364
    endloop
  endfacet
  facet normal 0 -0.929769 -0.368143
    outer loop
      vertex 0 2.61541 20.8498
      vertex 4.9 2.48827 21.1709
      vertex 0 2.48827 21.1709
    endloop
  endfacet
  facet normal 0 -0.929769 -0.368143
    outer loop
      vertex 4.9 2.48827 21.1709
      vertex 0 2.61541 20.8498
      vertex 4.9 2.61541 20.8498
    endloop
  endfacet
  facet normal 0 0.968587 0.248676
    outer loop
      vertex 4.9 -2.61541 19.1502
      vertex 0 -2.70129 19.4847
      vertex 4.9 -2.70129 19.4847
    endloop
  endfacet
  facet normal 0 0.968587 0.248676
    outer loop
      vertex 0 -2.70129 19.4847
      vertex 4.9 -2.61541 19.1502
      vertex 0 -2.61541 19.1502
    endloop
  endfacet
  facet normal 0 0.809025 -0.587774
    outer loop
      vertex 4.9 -2.3219 21.4735
      vertex 0 -2.11891 21.7529
      vertex 4.9 -2.11891 21.7529
    endloop
  endfacet
  facet normal 0 0.809025 -0.587774
    outer loop
      vertex 0 -2.11891 21.7529
      vertex 4.9 -2.3219 21.4735
      vertex 0 -2.3219 21.4735
    endloop
  endfacet
  facet normal 0 -0.425917 0.904762
    outer loop
      vertex 0 1.32482 17.5902
      vertex 4.9 1.01234 17.4431
      vertex 4.9 1.32482 17.5902
    endloop
  endfacet
  facet normal 0 -0.425917 0.904762
    outer loop
      vertex 4.9 1.01234 17.4431
      vertex 0 1.32482 17.5902
      vertex 0 1.01234 17.4431
    endloop
  endfacet
  facet normal 0 -0.0628351 0.998024
    outer loop
      vertex 0 0.344666 17.2717
      vertex 4.9 0 17.25
      vertex 4.9 0.344666 17.2717
    endloop
  endfacet
  facet normal 0 -0.0628351 0.998024
    outer loop
      vertex 4.9 0 17.25
      vertex 0 0.344666 17.2717
      vertex 0 0 17.25
    endloop
  endfacet
  facet normal 0 -0.535726 0.844392
    outer loop
      vertex 0 1.61641 17.7752
      vertex 4.9 1.32482 17.5902
      vertex 4.9 1.61641 17.7752
    endloop
  endfacet
  facet normal 0 -0.535726 0.844392
    outer loop
      vertex 4.9 1.32482 17.5902
      vertex 0 1.61641 17.7752
      vertex 0 1.32482 17.5902
    endloop
  endfacet
  facet normal 0 -0.0628351 -0.998024
    outer loop
      vertex 0 0 22.75
      vertex 4.9 0.344666 22.7283
      vertex 4.9 0 22.75
    endloop
  endfacet
  facet normal -0 -0.0628351 -0.998024
    outer loop
      vertex 4.9 0.344666 22.7283
      vertex 0 0 22.75
      vertex 0 0.344666 22.7283
    endloop
  endfacet
  facet normal 0 -0.968587 -0.248676
    outer loop
      vertex 0 2.70129 20.5153
      vertex 4.9 2.61541 20.8498
      vertex 0 2.61541 20.8498
    endloop
  endfacet
  facet normal 0 -0.968587 -0.248676
    outer loop
      vertex 4.9 2.61541 20.8498
      vertex 0 2.70129 20.5153
      vertex 4.9 2.70129 20.5153
    endloop
  endfacet
  facet normal 0 0.535726 -0.844392
    outer loop
      vertex 0 -1.61641 22.2248
      vertex 4.9 -1.32482 22.4098
      vertex 4.9 -1.61641 22.2248
    endloop
  endfacet
  facet normal 0 0.535726 -0.844392
    outer loop
      vertex 4.9 -1.32482 22.4098
      vertex 0 -1.61641 22.2248
      vertex 0 -1.32482 22.4098
    endloop
  endfacet
  facet normal 0 -0.535726 -0.844392
    outer loop
      vertex 0 1.32482 22.4098
      vertex 4.9 1.61641 22.2248
      vertex 4.9 1.32482 22.4098
    endloop
  endfacet
  facet normal -0 -0.535726 -0.844392
    outer loop
      vertex 4.9 1.61641 22.2248
      vertex 0 1.32482 22.4098
      vertex 0 1.61641 22.2248
    endloop
  endfacet
  facet normal 0 0.0628351 -0.998024
    outer loop
      vertex 0 -0.344666 22.7283
      vertex 4.9 0 22.75
      vertex 4.9 -0.344666 22.7283
    endloop
  endfacet
  facet normal 0 0.0628351 -0.998024
    outer loop
      vertex 4.9 0 22.75
      vertex 0 -0.344666 22.7283
      vertex 0 0 22.75
    endloop
  endfacet
  facet normal 0 -0.809025 0.587774
    outer loop
      vertex 0 2.11891 18.2471
      vertex 4.9 2.3219 18.5265
      vertex 0 2.3219 18.5265
    endloop
  endfacet
  facet normal 0 -0.809025 0.587774
    outer loop
      vertex 4.9 2.3219 18.5265
      vertex 0 2.11891 18.2471
      vertex 4.9 2.11891 18.2471
    endloop
  endfacet
  facet normal -0 0.535726 0.844392
    outer loop
      vertex 0 -1.32482 17.5902
      vertex 4.9 -1.61641 17.7752
      vertex 4.9 -1.32482 17.5902
    endloop
  endfacet
  facet normal 0 0.535726 0.844392
    outer loop
      vertex 4.9 -1.61641 17.7752
      vertex 0 -1.32482 17.5902
      vertex 0 -1.61641 17.7752
    endloop
  endfacet
  facet normal -0 0.308971 0.951071
    outer loop
      vertex 0 -0.683897 17.3364
      vertex 4.9 -1.01234 17.4431
      vertex 4.9 -0.683897 17.3364
    endloop
  endfacet
  facet normal 0 0.308971 0.951071
    outer loop
      vertex 4.9 -1.01234 17.4431
      vertex 0 -0.683897 17.3364
      vertex 0 -1.01234 17.4431
    endloop
  endfacet
  facet normal 0 -0.308971 -0.951071
    outer loop
      vertex 0 0.683897 22.6636
      vertex 4.9 1.01234 22.5569
      vertex 4.9 0.683897 22.6636
    endloop
  endfacet
  facet normal -0 -0.308971 -0.951071
    outer loop
      vertex 4.9 1.01234 22.5569
      vertex 0 0.683897 22.6636
      vertex 0 1.01234 22.5569
    endloop
  endfacet
  facet normal 0 0.876289 0.481785
    outer loop
      vertex 4.9 -2.3219 18.5265
      vertex 0 -2.48827 18.8291
      vertex 4.9 -2.48827 18.8291
    endloop
  endfacet
  facet normal 0 0.876289 0.481785
    outer loop
      vertex 0 -2.48827 18.8291
      vertex 4.9 -2.3219 18.5265
      vertex 0 -2.3219 18.5265
    endloop
  endfacet
  facet normal 0 -0.876289 -0.481785
    outer loop
      vertex 0 2.48827 21.1709
      vertex 4.9 2.3219 21.4735
      vertex 0 2.3219 21.4735
    endloop
  endfacet
  facet normal 0 -0.876289 -0.481785
    outer loop
      vertex 4.9 2.3219 21.4735
      vertex 0 2.48827 21.1709
      vertex 4.9 2.48827 21.1709
    endloop
  endfacet
  facet normal 0 -0.876289 0.481785
    outer loop
      vertex 0 2.3219 18.5265
      vertex 4.9 2.48827 18.8291
      vertex 0 2.48827 18.8291
    endloop
  endfacet
  facet normal 0 -0.876289 0.481785
    outer loop
      vertex 4.9 2.48827 18.8291
      vertex 0 2.3219 18.5265
      vertex 4.9 2.3219 18.5265
    endloop
  endfacet
  facet normal 0 -0.968587 0.248676
    outer loop
      vertex 0 2.61541 19.1502
      vertex 4.9 2.70129 19.4847
      vertex 0 2.70129 19.4847
    endloop
  endfacet
  facet normal 0 -0.968587 0.248676
    outer loop
      vertex 4.9 2.70129 19.4847
      vertex 0 2.61541 19.1502
      vertex 4.9 2.61541 19.1502
    endloop
  endfacet
  facet normal 0 -0.187348 -0.982294
    outer loop
      vertex 0 0.344666 22.7283
      vertex 4.9 0.683897 22.6636
      vertex 4.9 0.344666 22.7283
    endloop
  endfacet
  facet normal -0 -0.187348 -0.982294
    outer loop
      vertex 4.9 0.683897 22.6636
      vertex 0 0.344666 22.7283
      vertex 0 0.683897 22.6636
    endloop
  endfacet
  facet normal 0 -0.729035 0.684476
    outer loop
      vertex 0 1.8825 17.9953
      vertex 4.9 2.11891 18.2471
      vertex 0 2.11891 18.2471
    endloop
  endfacet
  facet normal 0 -0.729035 0.684476
    outer loop
      vertex 4.9 2.11891 18.2471
      vertex 0 1.8825 17.9953
      vertex 4.9 1.8825 17.9953
    endloop
  endfacet
  facet normal -0 0.187348 0.982294
    outer loop
      vertex 0 -0.344666 17.2717
      vertex 4.9 -0.683897 17.3364
      vertex 4.9 -0.344666 17.2717
    endloop
  endfacet
  facet normal 0 0.187348 0.982294
    outer loop
      vertex 4.9 -0.683897 17.3364
      vertex 0 -0.344666 17.2717
      vertex 0 -0.683897 17.3364
    endloop
  endfacet
  facet normal 0 0.968587 -0.248676
    outer loop
      vertex 4.9 -2.70129 20.5153
      vertex 0 -2.61541 20.8498
      vertex 4.9 -2.61541 20.8498
    endloop
  endfacet
  facet normal 0 0.968587 -0.248676
    outer loop
      vertex 0 -2.61541 20.8498
      vertex 4.9 -2.70129 20.5153
      vertex 0 -2.70129 20.5153
    endloop
  endfacet
  facet normal 0 -0.425917 -0.904762
    outer loop
      vertex 0 1.01234 22.5569
      vertex 4.9 1.32482 22.4098
      vertex 4.9 1.01234 22.5569
    endloop
  endfacet
  facet normal -0 -0.425917 -0.904762
    outer loop
      vertex 4.9 1.32482 22.4098
      vertex 0 1.01234 22.5569
      vertex 0 1.32482 22.4098
    endloop
  endfacet
  facet normal -0 0.0628351 0.998024
    outer loop
      vertex 0 0 17.25
      vertex 4.9 -0.344666 17.2717
      vertex 4.9 0 17.25
    endloop
  endfacet
  facet normal 0 0.0628351 0.998024
    outer loop
      vertex 4.9 -0.344666 17.2717
      vertex 0 0 17.25
      vertex 0 -0.344666 17.2717
    endloop
  endfacet
  facet normal 0 0.929769 0.368143
    outer loop
      vertex 4.9 -2.48827 18.8291
      vertex 0 -2.61541 19.1502
      vertex 4.9 -2.61541 19.1502
    endloop
  endfacet
  facet normal 0 0.929769 0.368143
    outer loop
      vertex 0 -2.61541 19.1502
      vertex 4.9 -2.48827 18.8291
      vertex 0 -2.48827 18.8291
    endloop
  endfacet
  facet normal 0 0.637374 -0.770554
    outer loop
      vertex 0 -1.8825 22.0047
      vertex 4.9 -1.61641 22.2248
      vertex 4.9 -1.8825 22.0047
    endloop
  endfacet
  facet normal 0 0.637374 -0.770554
    outer loop
      vertex 4.9 -1.61641 22.2248
      vertex 0 -1.8825 22.0047
      vertex 0 -1.61641 22.2248
    endloop
  endfacet
  facet normal 0 1 -0
    outer loop
      vertex 4.9 -2.74457 19.8273
      vertex 0 -2.74457 20.1727
      vertex 4.9 -2.74457 20.1727
    endloop
  endfacet
  facet normal 0 1 0
    outer loop
      vertex 0 -2.74457 20.1727
      vertex 4.9 -2.74457 19.8273
      vertex 0 -2.74457 19.8273
    endloop
  endfacet
  facet normal 0 0.992115 -0.125332
    outer loop
      vertex 4.9 -2.74457 20.1727
      vertex 0 -2.70129 20.5153
      vertex 4.9 -2.70129 20.5153
    endloop
  endfacet
  facet normal 0 0.992115 -0.125332
    outer loop
      vertex 0 -2.70129 20.5153
      vertex 4.9 -2.74457 20.1727
      vertex 0 -2.74457 20.1727
    endloop
  endfacet
  facet normal -0 0.637374 0.770554
    outer loop
      vertex 0 -1.61641 17.7752
      vertex 4.9 -1.8825 17.9953
      vertex 4.9 -1.61641 17.7752
    endloop
  endfacet
  facet normal 0 0.637374 0.770554
    outer loop
      vertex 4.9 -1.8825 17.9953
      vertex 0 -1.61641 17.7752
      vertex 0 -1.8825 17.9953
    endloop
  endfacet
  facet normal 0 0.187348 -0.982294
    outer loop
      vertex 0 -0.683897 22.6636
      vertex 4.9 -0.344666 22.7283
      vertex 4.9 -0.683897 22.6636
    endloop
  endfacet
  facet normal 0 0.187348 -0.982294
    outer loop
      vertex 4.9 -0.344666 22.7283
      vertex 0 -0.683897 22.6636
      vertex 0 -0.344666 22.7283
    endloop
  endfacet
  facet normal 0 -0.637374 0.770554
    outer loop
      vertex 0 1.8825 17.9953
      vertex 4.9 1.61641 17.7752
      vertex 4.9 1.8825 17.9953
    endloop
  endfacet
  facet normal 0 -0.637374 0.770554
    outer loop
      vertex 4.9 1.61641 17.7752
      vertex 0 1.8825 17.9953
      vertex 0 1.61641 17.7752
    endloop
  endfacet
  facet normal 0 0.992115 0.125332
    outer loop
      vertex 4.9 -2.70129 19.4847
      vertex 0 -2.74457 19.8273
      vertex 4.9 -2.74457 19.8273
    endloop
  endfacet
  facet normal 0 0.992115 0.125332
    outer loop
      vertex 0 -2.74457 19.8273
      vertex 4.9 -2.70129 19.4847
      vertex 0 -2.70129 19.4847
    endloop
  endfacet
  facet normal 0 0.425917 -0.904762
    outer loop
      vertex 0 -1.32482 22.4098
      vertex 4.9 -1.01234 22.5569
      vertex 4.9 -1.32482 22.4098
    endloop
  endfacet
  facet normal 0 0.425917 -0.904762
    outer loop
      vertex 4.9 -1.01234 22.5569
      vertex 0 -1.32482 22.4098
      vertex 0 -1.01234 22.5569
    endloop
  endfacet
  facet normal 0 -1 0
    outer loop
      vertex 0 2.74457 19.8273
      vertex 4.9 2.74457 20.1727
      vertex 0 2.74457 20.1727
    endloop
  endfacet
  facet normal 0 -1 -0
    outer loop
      vertex 4.9 2.74457 20.1727
      vertex 0 2.74457 19.8273
      vertex 4.9 2.74457 19.8273
    endloop
  endfacet
  facet normal 0 -0.729035 -0.684476
    outer loop
      vertex 0 2.11891 21.7529
      vertex 4.9 1.8825 22.0047
      vertex 0 1.8825 22.0047
    endloop
  endfacet
  facet normal 0 -0.729035 -0.684476
    outer loop
      vertex 4.9 1.8825 22.0047
      vertex 0 2.11891 21.7529
      vertex 4.9 2.11891 21.7529
    endloop
  endfacet
  facet normal 0 -0.929769 0.368143
    outer loop
      vertex 0 2.48827 18.8291
      vertex 4.9 2.61541 19.1502
      vertex 0 2.61541 19.1502
    endloop
  endfacet
  facet normal 0 -0.929769 0.368143
    outer loop
      vertex 4.9 2.61541 19.1502
      vertex 0 2.48827 18.8291
      vertex 4.9 2.48827 18.8291
    endloop
  endfacet
  facet normal 0 -0.992115 0.125332
    outer loop
      vertex 0 2.70129 19.4847
      vertex 4.9 2.74457 19.8273
      vertex 0 2.74457 19.8273
    endloop
  endfacet
  facet normal 0 -0.992115 0.125332
    outer loop
      vertex 4.9 2.74457 19.8273
      vertex 0 2.70129 19.4847
      vertex 4.9 2.70129 19.4847
    endloop
  endfacet
  facet normal 0 0.729035 -0.684476
    outer loop
      vertex 4.9 -2.11891 21.7529
      vertex 0 -1.8825 22.0047
      vertex 4.9 -1.8825 22.0047
    endloop
  endfacet
  facet normal 0 0.729035 -0.684476
    outer loop
      vertex 0 -1.8825 22.0047
      vertex 4.9 -2.11891 21.7529
      vertex 0 -2.11891 21.7529
    endloop
  endfacet
  facet normal 0 -0.992115 -0.125332
    outer loop
      vertex 0 2.74457 20.1727
      vertex 4.9 2.70129 20.5153
      vertex 0 2.70129 20.5153
    endloop
  endfacet
  facet normal 0 -0.992115 -0.125332
    outer loop
      vertex 4.9 2.70129 20.5153
      vertex 0 2.74457 20.1727
      vertex 4.9 2.74457 20.1727
    endloop
  endfacet
  facet normal 0 0.876289 -0.481785
    outer loop
      vertex 4.9 -2.48827 21.1709
      vertex 0 -2.3219 21.4735
      vertex 4.9 -2.3219 21.4735
    endloop
  endfacet
  facet normal 0 0.876289 -0.481785
    outer loop
      vertex 0 -2.3219 21.4735
      vertex 4.9 -2.48827 21.1709
      vertex 0 -2.48827 21.1709
    endloop
  endfacet
  facet normal 0 0.308971 -0.951071
    outer loop
      vertex 0 -1.01234 22.5569
      vertex 4.9 -0.683897 22.6636
      vertex 4.9 -1.01234 22.5569
    endloop
  endfacet
  facet normal 0 0.308971 -0.951071
    outer loop
      vertex 4.9 -0.683897 22.6636
      vertex 0 -1.01234 22.5569
      vertex 0 -0.683897 22.6636
    endloop
  endfacet
  facet normal 0 -0.637374 -0.770554
    outer loop
      vertex 0 1.61641 22.2248
      vertex 4.9 1.8825 22.0047
      vertex 4.9 1.61641 22.2248
    endloop
  endfacet
  facet normal -0 -0.637374 -0.770554
    outer loop
      vertex 4.9 1.8825 22.0047
      vertex 0 1.61641 22.2248
      vertex 0 1.8825 22.0047
    endloop
  endfacet
  facet normal 0 0.929769 -0.368143
    outer loop
      vertex 4.9 -2.61541 20.8498
      vertex 0 -2.48827 21.1709
      vertex 4.9 -2.48827 21.1709
    endloop
  endfacet
  facet normal 0 0.929769 -0.368143
    outer loop
      vertex 0 -2.48827 21.1709
      vertex 4.9 -2.61541 20.8498
      vertex 0 -2.61541 20.8498
    endloop
  endfacet
  facet normal -0 0.425917 0.904762
    outer loop
      vertex 0 -1.01234 17.4431
      vertex 4.9 -1.32482 17.5902
      vertex 4.9 -1.01234 17.4431
    endloop
  endfacet
  facet normal 0 0.425917 0.904762
    outer loop
      vertex 4.9 -1.32482 17.5902
      vertex 0 -1.01234 17.4431
      vertex 0 -1.32482 17.5902
    endloop
  endfacet
  facet normal 0 0.809025 0.587774
    outer loop
      vertex 4.9 -2.11891 18.2471
      vertex 0 -2.3219 18.5265
      vertex 4.9 -2.3219 18.5265
    endloop
  endfacet
  facet normal 0 0.809025 0.587774
    outer loop
      vertex 0 -2.3219 18.5265
      vertex 4.9 -2.11891 18.2471
      vertex 0 -2.11891 18.2471
    endloop
  endfacet
  facet normal 0 0.729035 0.684476
    outer loop
      vertex 4.9 -1.8825 17.9953
      vertex 0 -2.11891 18.2471
      vertex 4.9 -2.11891 18.2471
    endloop
  endfacet
  facet normal 0 0.729035 0.684476
    outer loop
      vertex 0 -2.11891 18.2471
      vertex 4.9 -1.8825 17.9953
      vertex 0 -1.8825 17.9953
    endloop
  endfacet
  facet normal 0.587771 0.809027 -0
    outer loop
      vertex 17.3209 -4.22164 4.9
      vertex 16.8129 -3.85257 16.8129
      vertex 17.3209 -4.22164 17.3209
    endloop
  endfacet
  facet normal 0.587771 0.809027 0
    outer loop
      vertex 16.8129 -3.85257 16.8129
      vertex 17.3209 -4.22164 4.9
      vertex 16.8129 -3.85257 4.9
    endloop
  endfacet
  facet normal -0.982275 -0.187446 -0
    outer loop
      vertex 24.9606 0.626666 10.0394
      vertex 24.8429 1.24345 4.9
      vertex 24.9606 0.626666 4.9
    endloop
  endfacet
  facet normal -0.982275 -0.187446 0
    outer loop
      vertex 24.8429 1.24345 4.9
      vertex 24.9606 0.626666 10.0394
      vertex 24.8429 1.24345 10.1571
    endloop
  endfacet
  facet normal -0.998029 -0.0627485 -0
    outer loop
      vertex 25 0 10
      vertex 24.9606 0.626666 4.9
      vertex 25 0 4.9
    endloop
  endfacet
  facet normal -0.998029 -0.0627485 0
    outer loop
      vertex 24.9606 0.626666 4.9
      vertex 25 0 10
      vertex 24.9606 0.626666 10.0394
    endloop
  endfacet
  facet normal -0.844364 -0.53577 -0
    outer loop
      vertex 24.3815 2.40877 10.6185
      vertex 24.0451 2.93893 4.9
      vertex 24.3815 2.40877 4.9
    endloop
  endfacet
  facet normal -0.844364 -0.53577 0
    outer loop
      vertex 24.0451 2.93893 4.9
      vertex 24.3815 2.40877 10.6185
      vertex 24.0451 2.93893 10.9549
    endloop
  endfacet
  facet normal -0.684565 -0.728952 0
    outer loop
      vertex 23.1871 3.85257 4.9
      vertex 23.6448 3.42274 11.3552
      vertex 23.1871 3.85257 11.8129
    endloop
  endfacet
  facet normal -0.684565 -0.728952 -0
    outer loop
      vertex 23.6448 3.42274 11.3552
      vertex 23.1871 3.85257 4.9
      vertex 23.6448 3.42274 4.9
    endloop
  endfacet
  facet normal 0.951072 0.30897 -0
    outer loop
      vertex 15.3511 -1.84062 4.9
      vertex 15.1571 -1.24345 15.1571
      vertex 15.3511 -1.84062 15.3511
    endloop
  endfacet
  facet normal 0.951072 0.30897 0
    outer loop
      vertex 15.1571 -1.24345 15.1571
      vertex 15.3511 -1.84062 4.9
      vertex 15.1571 -1.24345 4.9
    endloop
  endfacet
  facet normal 0.368135 -0.929773 0
    outer loop
      vertex 17.8711 4.52413 4.9
      vertex 18.4549 4.75528 16.5451
      vertex 17.8711 4.52413 17.1289
    endloop
  endfacet
  facet normal 0.368135 -0.929773 0
    outer loop
      vertex 18.4549 4.75528 16.5451
      vertex 17.8711 4.52413 4.9
      vertex 18.4549 4.75528 4.9
    endloop
  endfacet
  facet normal 0.998029 0.0627485 -0
    outer loop
      vertex 15.0394 -0.626666 4.9
      vertex 15 0 15
      vertex 15.0394 -0.626666 15.0394
    endloop
  endfacet
  facet normal 0.998029 0.0627485 0
    outer loop
      vertex 15 0 15
      vertex 15.0394 -0.626666 4.9
      vertex 15 0 4.9
    endloop
  endfacet
  facet normal 0.770468 0.637478 -0
    outer loop
      vertex 16.3552 -3.42274 4.9
      vertex 15.9549 -2.93893 15.9549
      vertex 16.3552 -3.42274 16.3552
    endloop
  endfacet
  facet normal 0.770468 0.637478 0
    outer loop
      vertex 15.9549 -2.93893 15.9549
      vertex 16.3552 -3.42274 4.9
      vertex 15.9549 -2.93893 4.9
    endloop
  endfacet
  facet normal -0.481772 0.876297 0
    outer loop
      vertex 22.1289 -4.52413 4.9
      vertex 22.6791 -4.22164 12.3209
      vertex 22.6791 -4.22164 4.9
    endloop
  endfacet
  facet normal -0.481772 0.876297 0
    outer loop
      vertex 22.6791 -4.22164 12.3209
      vertex 22.1289 -4.52413 4.9
      vertex 22.1289 -4.52413 12.8711
    endloop
  endfacet
  facet normal -0.951072 0.30897 0
    outer loop
      vertex 24.6489 -1.84062 4.9
      vertex 24.8429 -1.24345 10.1571
      vertex 24.8429 -1.24345 4.9
    endloop
  endfacet
  facet normal -0.951072 0.30897 0
    outer loop
      vertex 24.8429 -1.24345 10.1571
      vertex 24.6489 -1.84062 4.9
      vertex 24.6489 -1.84062 10.3511
    endloop
  endfacet
  facet normal -0.368135 -0.929773 0
    outer loop
      vertex 21.5451 4.75528 4.9
      vertex 22.1289 4.52413 12.8711
      vertex 21.5451 4.75528 13.4549
    endloop
  endfacet
  facet normal -0.368135 -0.929773 -0
    outer loop
      vertex 22.1289 4.52413 12.8711
      vertex 21.5451 4.75528 4.9
      vertex 22.1289 4.52413 4.9
    endloop
  endfacet
  facet normal -0.770468 0.637478 0
    outer loop
      vertex 23.6448 -3.42274 4.9
      vertex 24.0451 -2.93893 10.9549
      vertex 24.0451 -2.93893 4.9
    endloop
  endfacet
  facet normal -0.770468 0.637478 0
    outer loop
      vertex 24.0451 -2.93893 10.9549
      vertex 23.6448 -3.42274 4.9
      vertex 23.6448 -3.42274 11.3552
    endloop
  endfacet
  facet normal 0.368135 0.929773 0
    outer loop
      vertex 17.8711 -4.52413 4.9
      vertex 18.4549 -4.75528 16.5451
      vertex 18.4549 -4.75528 4.9
    endloop
  endfacet
  facet normal 0.368135 0.929773 0
    outer loop
      vertex 18.4549 -4.75528 16.5451
      vertex 17.8711 -4.52413 4.9
      vertex 17.8711 -4.52413 17.1289
    endloop
  endfacet
  facet normal 0.125332 0.992115 0
    outer loop
      vertex 19.0631 -4.91144 4.9
      vertex 19.686 -4.99013 15.314
      vertex 19.686 -4.99013 4.9
    endloop
  endfacet
  facet normal 0.125332 0.992115 0
    outer loop
      vertex 19.686 -4.99013 15.314
      vertex 19.0631 -4.91144 4.9
      vertex 19.0631 -4.91144 15.9369
    endloop
  endfacet
  facet normal -0.982275 0.187446 0
    outer loop
      vertex 24.8429 -1.24345 4.9
      vertex 24.9606 -0.626666 10.0394
      vertex 24.9606 -0.626666 4.9
    endloop
  endfacet
  facet normal -0.982275 0.187446 0
    outer loop
      vertex 24.9606 -0.626666 10.0394
      vertex 24.8429 -1.24345 4.9
      vertex 24.8429 -1.24345 10.1571
    endloop
  endfacet
  facet normal -0.587771 -0.809027 0
    outer loop
      vertex 22.6791 4.22164 4.9
      vertex 23.1871 3.85257 11.8129
      vertex 22.6791 4.22164 12.3209
    endloop
  endfacet
  facet normal -0.587771 -0.809027 -0
    outer loop
      vertex 23.1871 3.85257 11.8129
      vertex 22.6791 4.22164 4.9
      vertex 23.1871 3.85257 4.9
    endloop
  endfacet
  facet normal -0.904797 0.425843 0
    outer loop
      vertex 24.3815 -2.40877 4.9
      vertex 24.6489 -1.84062 10.3511
      vertex 24.6489 -1.84062 4.9
    endloop
  endfacet
  facet normal -0.904797 0.425843 0
    outer loop
      vertex 24.6489 -1.84062 10.3511
      vertex 24.3815 -2.40877 4.9
      vertex 24.3815 -2.40877 10.6185
    endloop
  endfacet
  facet normal 0.481786 0.876289 5.10039e-05
    outer loop
      vertex 17.8711 -4.52413 17.1289
      vertex 17.3209 -4.22164 17.3209
      vertex 17.5 -4.32012 17.5
    endloop
  endfacet
  facet normal 0.481772 0.876297 0
    outer loop
      vertex 17.3209 -4.22164 4.9
      vertex 17.8711 -4.52413 17.1289
      vertex 17.8711 -4.52413 4.9
    endloop
  endfacet
  facet normal 0.481772 0.876297 0
    outer loop
      vertex 17.8711 -4.52413 17.1289
      vertex 17.3209 -4.22164 4.9
      vertex 17.3209 -4.22164 17.3209
    endloop
  endfacet
  facet normal -0.125332 -0.992115 0
    outer loop
      vertex 20.314 4.99013 4.9
      vertex 20.9369 4.91144 14.0631
      vertex 20.314 4.99013 14.686
    endloop
  endfacet
  facet normal -0.125332 -0.992115 -0
    outer loop
      vertex 20.9369 4.91144 14.0631
      vertex 20.314 4.99013 4.9
      vertex 20.9369 4.91144 4.9
    endloop
  endfacet
  facet normal -0.248691 0.968583 0
    outer loop
      vertex 20.9369 -4.91144 4.9
      vertex 21.5451 -4.75528 13.4549
      vertex 21.5451 -4.75528 4.9
    endloop
  endfacet
  facet normal -0.248691 0.968583 0
    outer loop
      vertex 21.5451 -4.75528 13.4549
      vertex 20.9369 -4.91144 4.9
      vertex 20.9369 -4.91144 14.0631
    endloop
  endfacet
  facet normal -0.481772 -0.876297 0
    outer loop
      vertex 22.1289 4.52413 4.9
      vertex 22.6791 4.22164 12.3209
      vertex 22.1289 4.52413 12.8711
    endloop
  endfacet
  facet normal -0.481772 -0.876297 -0
    outer loop
      vertex 22.6791 4.22164 12.3209
      vertex 22.1289 4.52413 4.9
      vertex 22.6791 4.22164 4.9
    endloop
  endfacet
  facet normal 0.844364 0.53577 -0
    outer loop
      vertex 15.9549 -2.93893 4.9
      vertex 15.6185 -2.40877 15.6185
      vertex 15.9549 -2.93893 15.9549
    endloop
  endfacet
  facet normal 0.844364 0.53577 0
    outer loop
      vertex 15.6185 -2.40877 15.6185
      vertex 15.9549 -2.93893 4.9
      vertex 15.6185 -2.40877 4.9
    endloop
  endfacet
  facet normal 0.770468 -0.637478 0
    outer loop
      vertex 15.9549 2.93893 15.9549
      vertex 16.3552 3.42274 4.9
      vertex 16.3552 3.42274 16.3552
    endloop
  endfacet
  facet normal 0.770468 -0.637478 0
    outer loop
      vertex 16.3552 3.42274 4.9
      vertex 15.9549 2.93893 15.9549
      vertex 15.9549 2.93893 4.9
    endloop
  endfacet
  facet normal 0.684565 -0.728952 0
    outer loop
      vertex 16.8129 3.85257 4.9
      vertex 16.3552 3.42274 16.3552
      vertex 16.3552 3.42274 4.9
    endloop
  endfacet
  facet normal 0.684565 -0.728952 0
    outer loop
      vertex 16.3552 3.42274 16.3552
      vertex 16.8129 3.85257 4.9
      vertex 16.8129 3.85257 16.8129
    endloop
  endfacet
  facet normal 0.998029 -0.0627485 0
    outer loop
      vertex 15 0 15
      vertex 15.0394 0.626666 4.9
      vertex 15.0394 0.626666 15.0394
    endloop
  endfacet
  facet normal 0.998029 -0.0627485 0
    outer loop
      vertex 15.0394 0.626666 4.9
      vertex 15 0 15
      vertex 15 0 4.9
    endloop
  endfacet
  facet normal -0.368135 0.929773 0
    outer loop
      vertex 21.5451 -4.75528 4.9
      vertex 22.1289 -4.52413 12.8711
      vertex 22.1289 -4.52413 4.9
    endloop
  endfacet
  facet normal -0.368135 0.929773 0
    outer loop
      vertex 22.1289 -4.52413 12.8711
      vertex 21.5451 -4.75528 4.9
      vertex 21.5451 -4.75528 13.4549
    endloop
  endfacet
  facet normal 0.481786 -0.876289 5.10039e-05
    outer loop
      vertex 17.3209 4.22164 17.3209
      vertex 17.8711 4.52413 17.1289
      vertex 17.5 4.32012 17.5
    endloop
  endfacet
  facet normal 0.481772 -0.876297 0
    outer loop
      vertex 17.3209 4.22164 4.9
      vertex 17.8711 4.52413 17.1289
      vertex 17.3209 4.22164 17.3209
    endloop
  endfacet
  facet normal 0.481772 -0.876297 0
    outer loop
      vertex 17.8711 4.52413 17.1289
      vertex 17.3209 4.22164 4.9
      vertex 17.8711 4.52413 4.9
    endloop
  endfacet
  facet normal 0.248691 0.968583 0
    outer loop
      vertex 18.4549 -4.75528 4.9
      vertex 19.0631 -4.91144 15.9369
      vertex 19.0631 -4.91144 4.9
    endloop
  endfacet
  facet normal 0.248691 0.968583 0
    outer loop
      vertex 19.0631 -4.91144 15.9369
      vertex 18.4549 -4.75528 4.9
      vertex 18.4549 -4.75528 16.5451
    endloop
  endfacet
  facet normal -0.587771 0.809027 0
    outer loop
      vertex 22.6791 -4.22164 4.9
      vertex 23.1871 -3.85257 11.8129
      vertex 23.1871 -3.85257 4.9
    endloop
  endfacet
  facet normal -0.587771 0.809027 0
    outer loop
      vertex 23.1871 -3.85257 11.8129
      vertex 22.6791 -4.22164 4.9
      vertex 22.6791 -4.22164 12.3209
    endloop
  endfacet
  facet normal 0.248691 -0.968583 0
    outer loop
      vertex 18.4549 4.75528 4.9
      vertex 19.0631 4.91144 15.9369
      vertex 18.4549 4.75528 16.5451
    endloop
  endfacet
  facet normal 0.248691 -0.968583 0
    outer loop
      vertex 19.0631 4.91144 15.9369
      vertex 18.4549 4.75528 4.9
      vertex 19.0631 4.91144 4.9
    endloop
  endfacet
  facet normal -0.998029 0.0627485 0
    outer loop
      vertex 24.9606 -0.626666 4.9
      vertex 25 0 10
      vertex 25 0 4.9
    endloop
  endfacet
  facet normal -0.998029 0.0627485 0
    outer loop
      vertex 25 0 10
      vertex 24.9606 -0.626666 4.9
      vertex 24.9606 -0.626666 10.0394
    endloop
  endfacet
  facet normal -0.904797 -0.425843 -0
    outer loop
      vertex 24.6489 1.84062 10.3511
      vertex 24.3815 2.40877 4.9
      vertex 24.6489 1.84062 4.9
    endloop
  endfacet
  facet normal -0.904797 -0.425843 0
    outer loop
      vertex 24.3815 2.40877 4.9
      vertex 24.6489 1.84062 10.3511
      vertex 24.3815 2.40877 10.6185
    endloop
  endfacet
  facet normal 0.904797 -0.425843 0
    outer loop
      vertex 15.3511 1.84062 15.3511
      vertex 15.6185 2.40877 4.9
      vertex 15.6185 2.40877 15.6185
    endloop
  endfacet
  facet normal 0.904797 -0.425843 0
    outer loop
      vertex 15.6185 2.40877 4.9
      vertex 15.3511 1.84062 15.3511
      vertex 15.3511 1.84062 4.9
    endloop
  endfacet
  facet normal 0.684565 0.728952 -0
    outer loop
      vertex 16.8129 -3.85257 4.9
      vertex 16.3552 -3.42274 16.3552
      vertex 16.8129 -3.85257 16.8129
    endloop
  endfacet
  facet normal 0.684565 0.728952 0
    outer loop
      vertex 16.3552 -3.42274 16.3552
      vertex 16.8129 -3.85257 4.9
      vertex 16.3552 -3.42274 4.9
    endloop
  endfacet
  facet normal 0.982275 -0.187446 0
    outer loop
      vertex 15.0394 0.626666 15.0394
      vertex 15.1571 1.24345 4.9
      vertex 15.1571 1.24345 15.1571
    endloop
  endfacet
  facet normal 0.982275 -0.187446 0
    outer loop
      vertex 15.1571 1.24345 4.9
      vertex 15.0394 0.626666 15.0394
      vertex 15.0394 0.626666 4.9
    endloop
  endfacet
  facet normal 0.587771 -0.809027 0
    outer loop
      vertex 17.3209 4.22164 4.9
      vertex 16.8129 3.85257 16.8129
      vertex 16.8129 3.85257 4.9
    endloop
  endfacet
  facet normal 0.587771 -0.809027 0
    outer loop
      vertex 16.8129 3.85257 16.8129
      vertex 17.3209 4.22164 4.9
      vertex 17.3209 4.22164 17.3209
    endloop
  endfacet
  facet normal 0.982275 0.187446 -0
    outer loop
      vertex 15.1571 -1.24345 4.9
      vertex 15.0394 -0.626666 15.0394
      vertex 15.1571 -1.24345 15.1571
    endloop
  endfacet
  facet normal 0.982275 0.187446 0
    outer loop
      vertex 15.0394 -0.626666 15.0394
      vertex 15.1571 -1.24345 4.9
      vertex 15.0394 -0.626666 4.9
    endloop
  endfacet
  facet normal 0 -1 0
    outer loop
      vertex 19.686 4.99013 4.9
      vertex 20.314 4.99013 14.686
      vertex 19.686 4.99013 15.314
    endloop
  endfacet
  facet normal 0 -1 -0
    outer loop
      vertex 20.314 4.99013 14.686
      vertex 19.686 4.99013 4.9
      vertex 20.314 4.99013 4.9
    endloop
  endfacet
  facet normal -0.770468 -0.637478 -0
    outer loop
      vertex 24.0451 2.93893 10.9549
      vertex 23.6448 3.42274 4.9
      vertex 24.0451 2.93893 4.9
    endloop
  endfacet
  facet normal -0.770468 -0.637478 0
    outer loop
      vertex 23.6448 3.42274 4.9
      vertex 24.0451 2.93893 10.9549
      vertex 23.6448 3.42274 11.3552
    endloop
  endfacet
  facet normal -0.684565 0.728952 0
    outer loop
      vertex 23.1871 -3.85257 4.9
      vertex 23.6448 -3.42274 11.3552
      vertex 23.6448 -3.42274 4.9
    endloop
  endfacet
  facet normal -0.684565 0.728952 0
    outer loop
      vertex 23.6448 -3.42274 11.3552
      vertex 23.1871 -3.85257 4.9
      vertex 23.1871 -3.85257 11.8129
    endloop
  endfacet
  facet normal -0.951072 -0.30897 -0
    outer loop
      vertex 24.8429 1.24345 10.1571
      vertex 24.6489 1.84062 4.9
      vertex 24.8429 1.24345 4.9
    endloop
  endfacet
  facet normal -0.951072 -0.30897 0
    outer loop
      vertex 24.6489 1.84062 4.9
      vertex 24.8429 1.24345 10.1571
      vertex 24.6489 1.84062 10.3511
    endloop
  endfacet
  facet normal 0.904797 0.425843 -0
    outer loop
      vertex 15.6185 -2.40877 4.9
      vertex 15.3511 -1.84062 15.3511
      vertex 15.6185 -2.40877 15.6185
    endloop
  endfacet
  facet normal 0.904797 0.425843 0
    outer loop
      vertex 15.3511 -1.84062 15.3511
      vertex 15.6185 -2.40877 4.9
      vertex 15.3511 -1.84062 4.9
    endloop
  endfacet
  facet normal 0.844364 -0.53577 0
    outer loop
      vertex 15.6185 2.40877 15.6185
      vertex 15.9549 2.93893 4.9
      vertex 15.9549 2.93893 15.9549
    endloop
  endfacet
  facet normal 0.844364 -0.53577 0
    outer loop
      vertex 15.9549 2.93893 4.9
      vertex 15.6185 2.40877 15.6185
      vertex 15.6185 2.40877 4.9
    endloop
  endfacet
  facet normal -0.125332 0.992115 0
    outer loop
      vertex 20.314 -4.99013 4.9
      vertex 20.9369 -4.91144 14.0631
      vertex 20.9369 -4.91144 4.9
    endloop
  endfacet
  facet normal -0.125332 0.992115 0
    outer loop
      vertex 20.9369 -4.91144 14.0631
      vertex 20.314 -4.99013 4.9
      vertex 20.314 -4.99013 14.686
    endloop
  endfacet
  facet normal 0 1 0
    outer loop
      vertex 19.686 -4.99013 4.9
      vertex 20.314 -4.99013 14.686
      vertex 20.314 -4.99013 4.9
    endloop
  endfacet
  facet normal 0 1 0
    outer loop
      vertex 20.314 -4.99013 14.686
      vertex 19.686 -4.99013 4.9
      vertex 19.686 -4.99013 15.314
    endloop
  endfacet
  facet normal 0.125332 -0.992115 0
    outer loop
      vertex 19.0631 4.91144 4.9
      vertex 19.686 4.99013 15.314
      vertex 19.0631 4.91144 15.9369
    endloop
  endfacet
  facet normal 0.125332 -0.992115 0
    outer loop
      vertex 19.686 4.99013 15.314
      vertex 19.0631 4.91144 4.9
      vertex 19.686 4.99013 4.9
    endloop
  endfacet
  facet normal 0.951072 -0.30897 0
    outer loop
      vertex 15.1571 1.24345 15.1571
      vertex 15.3511 1.84062 4.9
      vertex 15.3511 1.84062 15.3511
    endloop
  endfacet
  facet normal 0.951072 -0.30897 0
    outer loop
      vertex 15.3511 1.84062 4.9
      vertex 15.1571 1.24345 15.1571
      vertex 15.1571 1.24345 4.9
    endloop
  endfacet
  facet normal 0 0 1
    outer loop
      vertex 22.75 0 4.9
      vertex 25 0 4.9
      vertex 24.9606 0.626666 4.9
    endloop
  endfacet
  facet normal 0 0 1
    outer loop
      vertex 22.7283 0.344666 4.9
      vertex 24.9606 0.626666 4.9
      vertex 24.8429 1.24345 4.9
    endloop
  endfacet
  facet normal 0 0 1
    outer loop
      vertex 25 0 4.9
      vertex 22.75 0 4.9
      vertex 24.9606 -0.626666 4.9
    endloop
  endfacet
  facet normal 0 0 1
    outer loop
      vertex 22.6636 0.683897 4.9
      vertex 24.8429 1.24345 4.9
      vertex 24.6489 1.84062 4.9
    endloop
  endfacet
  facet normal -0 0 1
    outer loop
      vertex 22.7283 -0.344666 4.9
      vertex 24.9606 -0.626666 4.9
      vertex 22.75 0 4.9
    endloop
  endfacet
  facet normal 0 0 1
    outer loop
      vertex 22.5569 1.01234 4.9
      vertex 24.6489 1.84062 4.9
      vertex 24.3815 2.40877 4.9
    endloop
  endfacet
  facet normal 0 0 1
    outer loop
      vertex 24.9606 -0.626666 4.9
      vertex 22.7283 -0.344666 4.9
      vertex 24.8429 -1.24345 4.9
    endloop
  endfacet
  facet normal 0 0 1
    outer loop
      vertex 22.4098 1.32482 4.9
      vertex 24.3815 2.40877 4.9
      vertex 24.0451 2.93893 4.9
    endloop
  endfacet
  facet normal -0 0 1
    outer loop
      vertex 22.6636 -0.683897 4.9
      vertex 24.8429 -1.24345 4.9
      vertex 22.7283 -0.344666 4.9
    endloop
  endfacet
  facet normal 0 0 1
    outer loop
      vertex 22.2248 1.61641 4.9
      vertex 24.0451 2.93893 4.9
      vertex 23.6448 3.42274 4.9
    endloop
  endfacet
  facet normal 0 0 1
    outer loop
      vertex 24.8429 -1.24345 4.9
      vertex 22.6636 -0.683897 4.9
      vertex 24.6489 -1.84062 4.9
    endloop
  endfacet
  facet normal 0 0 1
    outer loop
      vertex 22.0047 1.8825 4.9
      vertex 23.6448 3.42274 4.9
      vertex 23.1871 3.85257 4.9
    endloop
  endfacet
  facet normal -0 0 1
    outer loop
      vertex 22.5569 -1.01234 4.9
      vertex 24.6489 -1.84062 4.9
      vertex 22.6636 -0.683897 4.9
    endloop
  endfacet
  facet normal 0 0 1
    outer loop
      vertex 24.6489 -1.84062 4.9
      vertex 22.5569 -1.01234 4.9
      vertex 24.3815 -2.40877 4.9
    endloop
  endfacet
  facet normal 0 0 1
    outer loop
      vertex 24.9606 0.626666 4.9
      vertex 22.7283 0.344666 4.9
      vertex 22.75 0 4.9
    endloop
  endfacet
  facet normal 0 0 1
    outer loop
      vertex 21.7529 2.11891 4.9
      vertex 23.1871 3.85257 4.9
      vertex 22.6791 4.22164 4.9
    endloop
  endfacet
  facet normal 0 0 1
    outer loop
      vertex 24.8429 1.24345 4.9
      vertex 22.6636 0.683897 4.9
      vertex 22.7283 0.344666 4.9
    endloop
  endfacet
  facet normal 0 0 1
    outer loop
      vertex 24.6489 1.84062 4.9
      vertex 22.5569 1.01234 4.9
      vertex 22.6636 0.683897 4.9
    endloop
  endfacet
  facet normal 0 0 1
    outer loop
      vertex 24.3815 2.40877 4.9
      vertex 22.4098 1.32482 4.9
      vertex 22.5569 1.01234 4.9
    endloop
  endfacet
  facet normal 0 0 1
    outer loop
      vertex 24.0451 2.93893 4.9
      vertex 22.2248 1.61641 4.9
      vertex 22.4098 1.32482 4.9
    endloop
  endfacet
  facet normal 0 0 1
    outer loop
      vertex 21.4735 2.3219 4.9
      vertex 22.6791 4.22164 4.9
      vertex 22.1289 4.52413 4.9
    endloop
  endfacet
  facet normal 0 0 1
    outer loop
      vertex 23.6448 3.42274 4.9
      vertex 22.0047 1.8825 4.9
      vertex 22.2248 1.61641 4.9
    endloop
  endfacet
  facet normal 0 0 1
    outer loop
      vertex 23.1871 3.85257 4.9
      vertex 21.7529 2.11891 4.9
      vertex 22.0047 1.8825 4.9
    endloop
  endfacet
  facet normal 0 0 1
    outer loop
      vertex 21.1709 2.48827 4.9
      vertex 22.1289 4.52413 4.9
      vertex 21.5451 4.75528 4.9
    endloop
  endfacet
  facet normal 0 0 1
    outer loop
      vertex 22.6791 4.22164 4.9
      vertex 21.4735 2.3219 4.9
      vertex 21.7529 2.11891 4.9
    endloop
  endfacet
  facet normal 0 0 1
    outer loop
      vertex 22.1289 4.52413 4.9
      vertex 21.1709 2.48827 4.9
      vertex 21.4735 2.3219 4.9
    endloop
  endfacet
  facet normal 0 0 1
    outer loop
      vertex 20.8498 2.61541 4.9
      vertex 21.5451 4.75528 4.9
      vertex 20.9369 4.91144 4.9
    endloop
  endfacet
  facet normal 0 0 1
    outer loop
      vertex 21.5451 4.75528 4.9
      vertex 20.8498 2.61541 4.9
      vertex 21.1709 2.48827 4.9
    endloop
  endfacet
  facet normal 0 0 1
    outer loop
      vertex 20.9369 4.91144 4.9
      vertex 20.5153 2.70129 4.9
      vertex 20.8498 2.61541 4.9
    endloop
  endfacet
  facet normal 0 0 1
    outer loop
      vertex 20.314 4.99013 4.9
      vertex 20.5153 2.70129 4.9
      vertex 20.9369 4.91144 4.9
    endloop
  endfacet
  facet normal 0 0 1
    outer loop
      vertex 20.314 4.99013 4.9
      vertex 20.1727 2.74457 4.9
      vertex 20.5153 2.70129 4.9
    endloop
  endfacet
  facet normal 0 0 1
    outer loop
      vertex 20.314 4.99013 4.9
      vertex 19.8273 2.74457 4.9
      vertex 20.1727 2.74457 4.9
    endloop
  endfacet
  facet normal -0 0 1
    outer loop
      vertex 19.686 4.99013 4.9
      vertex 19.8273 2.74457 4.9
      vertex 20.314 4.99013 4.9
    endloop
  endfacet
  facet normal 0 0 1
    outer loop
      vertex 19.686 4.99013 4.9
      vertex 19.4847 2.70129 4.9
      vertex 19.8273 2.74457 4.9
    endloop
  endfacet
  facet normal -0 0 1
    outer loop
      vertex 19.0631 4.91144 4.9
      vertex 19.4847 2.70129 4.9
      vertex 19.686 4.99013 4.9
    endloop
  endfacet
  facet normal 0 0 1
    outer loop
      vertex 19.4847 2.70129 4.9
      vertex 19.0631 4.91144 4.9
      vertex 19.1502 2.61541 4.9
    endloop
  endfacet
  facet normal -0 0 1
    outer loop
      vertex 18.4549 4.75528 4.9
      vertex 19.1502 2.61541 4.9
      vertex 19.0631 4.91144 4.9
    endloop
  endfacet
  facet normal 0 0 1
    outer loop
      vertex 19.1502 2.61541 4.9
      vertex 18.4549 4.75528 4.9
      vertex 18.8291 2.48827 4.9
    endloop
  endfacet
  facet normal -0 0 1
    outer loop
      vertex 17.8711 4.52413 4.9
      vertex 18.8291 2.48827 4.9
      vertex 18.4549 4.75528 4.9
    endloop
  endfacet
  facet normal 0 0 1
    outer loop
      vertex 18.8291 2.48827 4.9
      vertex 17.8711 4.52413 4.9
      vertex 18.5265 2.3219 4.9
    endloop
  endfacet
  facet normal -0 0 1
    outer loop
      vertex 17.3209 4.22164 4.9
      vertex 18.5265 2.3219 4.9
      vertex 17.8711 4.52413 4.9
    endloop
  endfacet
  facet normal 0 0 1
    outer loop
      vertex 18.5265 2.3219 4.9
      vertex 17.3209 4.22164 4.9
      vertex 18.2471 2.11891 4.9
    endloop
  endfacet
  facet normal -0 0 1
    outer loop
      vertex 16.8129 3.85257 4.9
      vertex 18.2471 2.11891 4.9
      vertex 17.3209 4.22164 4.9
    endloop
  endfacet
  facet normal 0 0 1
    outer loop
      vertex 18.2471 2.11891 4.9
      vertex 16.8129 3.85257 4.9
      vertex 17.9953 1.8825 4.9
    endloop
  endfacet
  facet normal -0 0 1
    outer loop
      vertex 16.3552 3.42274 4.9
      vertex 17.9953 1.8825 4.9
      vertex 16.8129 3.85257 4.9
    endloop
  endfacet
  facet normal 0 0 1
    outer loop
      vertex 17.9953 1.8825 4.9
      vertex 16.3552 3.42274 4.9
      vertex 17.7752 1.61641 4.9
    endloop
  endfacet
  facet normal -0 0 1
    outer loop
      vertex 15.9549 2.93893 4.9
      vertex 17.7752 1.61641 4.9
      vertex 16.3552 3.42274 4.9
    endloop
  endfacet
  facet normal 0 0 1
    outer loop
      vertex 17.7752 1.61641 4.9
      vertex 15.9549 2.93893 4.9
      vertex 17.5902 1.32482 4.9
    endloop
  endfacet
  facet normal -0 0 1
    outer loop
      vertex 15.6185 2.40877 4.9
      vertex 17.5902 1.32482 4.9
      vertex 15.9549 2.93893 4.9
    endloop
  endfacet
  facet normal 0 0 1
    outer loop
      vertex 17.5902 1.32482 4.9
      vertex 15.6185 2.40877 4.9
      vertex 17.4431 1.01234 4.9
    endloop
  endfacet
  facet normal -0 0 1
    outer loop
      vertex 22.4098 -1.32482 4.9
      vertex 24.3815 -2.40877 4.9
      vertex 22.5569 -1.01234 4.9
    endloop
  endfacet
  facet normal 0 0 1
    outer loop
      vertex 24.3815 -2.40877 4.9
      vertex 22.4098 -1.32482 4.9
      vertex 24.0451 -2.93893 4.9
    endloop
  endfacet
  facet normal -0 0 1
    outer loop
      vertex 22.2248 -1.61641 4.9
      vertex 24.0451 -2.93893 4.9
      vertex 22.4098 -1.32482 4.9
    endloop
  endfacet
  facet normal 0 0 1
    outer loop
      vertex 24.0451 -2.93893 4.9
      vertex 22.2248 -1.61641 4.9
      vertex 23.6448 -3.42274 4.9
    endloop
  endfacet
  facet normal -0 0 1
    outer loop
      vertex 22.0047 -1.8825 4.9
      vertex 23.6448 -3.42274 4.9
      vertex 22.2248 -1.61641 4.9
    endloop
  endfacet
  facet normal 0 0 1
    outer loop
      vertex 23.6448 -3.42274 4.9
      vertex 22.0047 -1.8825 4.9
      vertex 23.1871 -3.85257 4.9
    endloop
  endfacet
  facet normal -0 0 1
    outer loop
      vertex 21.7529 -2.11891 4.9
      vertex 23.1871 -3.85257 4.9
      vertex 22.0047 -1.8825 4.9
    endloop
  endfacet
  facet normal 0 0 1
    outer loop
      vertex 23.1871 -3.85257 4.9
      vertex 21.7529 -2.11891 4.9
      vertex 22.6791 -4.22164 4.9
    endloop
  endfacet
  facet normal -0 0 1
    outer loop
      vertex 21.4735 -2.3219 4.9
      vertex 22.6791 -4.22164 4.9
      vertex 21.7529 -2.11891 4.9
    endloop
  endfacet
  facet normal 0 0 1
    outer loop
      vertex 22.6791 -4.22164 4.9
      vertex 21.4735 -2.3219 4.9
      vertex 22.1289 -4.52413 4.9
    endloop
  endfacet
  facet normal -0 0 1
    outer loop
      vertex 21.1709 -2.48827 4.9
      vertex 22.1289 -4.52413 4.9
      vertex 21.4735 -2.3219 4.9
    endloop
  endfacet
  facet normal 0 0 1
    outer loop
      vertex 22.1289 -4.52413 4.9
      vertex 21.1709 -2.48827 4.9
      vertex 21.5451 -4.75528 4.9
    endloop
  endfacet
  facet normal -0 0 1
    outer loop
      vertex 20.8498 -2.61541 4.9
      vertex 21.5451 -4.75528 4.9
      vertex 21.1709 -2.48827 4.9
    endloop
  endfacet
  facet normal 0 0 1
    outer loop
      vertex 21.5451 -4.75528 4.9
      vertex 20.8498 -2.61541 4.9
      vertex 20.9369 -4.91144 4.9
    endloop
  endfacet
  facet normal -0 0 1
    outer loop
      vertex 20.5153 -2.70129 4.9
      vertex 20.9369 -4.91144 4.9
      vertex 20.8498 -2.61541 4.9
    endloop
  endfacet
  facet normal 0 0 1
    outer loop
      vertex 20.5153 -2.70129 4.9
      vertex 20.314 -4.99013 4.9
      vertex 20.9369 -4.91144 4.9
    endloop
  endfacet
  facet normal -0 0 1
    outer loop
      vertex 20.1727 -2.74457 4.9
      vertex 20.314 -4.99013 4.9
      vertex 20.5153 -2.70129 4.9
    endloop
  endfacet
  facet normal -0 0 1
    outer loop
      vertex 19.8273 -2.74457 4.9
      vertex 20.314 -4.99013 4.9
      vertex 20.1727 -2.74457 4.9
    endloop
  endfacet
  facet normal 0 0 1
    outer loop
      vertex 19.8273 -2.74457 4.9
      vertex 19.686 -4.99013 4.9
      vertex 20.314 -4.99013 4.9
    endloop
  endfacet
  facet normal 0 0 1
    outer loop
      vertex 19.4847 -2.70129 4.9
      vertex 19.686 -4.99013 4.9
      vertex 19.8273 -2.74457 4.9
    endloop
  endfacet
  facet normal 0 0 1
    outer loop
      vertex 19.0631 -4.91144 4.9
      vertex 19.4847 -2.70129 4.9
      vertex 19.1502 -2.61541 4.9
    endloop
  endfacet
  facet normal 0 0 1
    outer loop
      vertex 19.4847 -2.70129 4.9
      vertex 19.0631 -4.91144 4.9
      vertex 19.686 -4.99013 4.9
    endloop
  endfacet
  facet normal 0 0 1
    outer loop
      vertex 18.4549 -4.75528 4.9
      vertex 19.1502 -2.61541 4.9
      vertex 18.8291 -2.48827 4.9
    endloop
  endfacet
  facet normal 0 0 1
    outer loop
      vertex 17.8711 -4.52413 4.9
      vertex 18.8291 -2.48827 4.9
      vertex 18.5265 -2.3219 4.9
    endloop
  endfacet
  facet normal 0 0 1
    outer loop
      vertex 19.1502 -2.61541 4.9
      vertex 18.4549 -4.75528 4.9
      vertex 19.0631 -4.91144 4.9
    endloop
  endfacet
  facet normal 0 0 1
    outer loop
      vertex 17.3209 -4.22164 4.9
      vertex 18.5265 -2.3219 4.9
      vertex 18.2471 -2.11891 4.9
    endloop
  endfacet
  facet normal 0 0 1
    outer loop
      vertex 16.8129 -3.85257 4.9
      vertex 18.2471 -2.11891 4.9
      vertex 17.9953 -1.8825 4.9
    endloop
  endfacet
  facet normal 0 0 1
    outer loop
      vertex 18.8291 -2.48827 4.9
      vertex 17.8711 -4.52413 4.9
      vertex 18.4549 -4.75528 4.9
    endloop
  endfacet
  facet normal 0 0 1
    outer loop
      vertex 16.3552 -3.42274 4.9
      vertex 17.9953 -1.8825 4.9
      vertex 17.7752 -1.61641 4.9
    endloop
  endfacet
  facet normal 0 0 1
    outer loop
      vertex 15.9549 -2.93893 4.9
      vertex 17.7752 -1.61641 4.9
      vertex 17.5902 -1.32482 4.9
    endloop
  endfacet
  facet normal 0 0 1
    outer loop
      vertex 15.6185 -2.40877 4.9
      vertex 17.5902 -1.32482 4.9
      vertex 17.4431 -1.01234 4.9
    endloop
  endfacet
  facet normal 0 0 1
    outer loop
      vertex 15.3511 -1.84062 4.9
      vertex 17.4431 -1.01234 4.9
      vertex 17.3364 -0.683897 4.9
    endloop
  endfacet
  facet normal 0 0 1
    outer loop
      vertex 18.5265 -2.3219 4.9
      vertex 17.3209 -4.22164 4.9
      vertex 17.8711 -4.52413 4.9
    endloop
  endfacet
  facet normal 0 0 1
    outer loop
      vertex 15.1571 -1.24345 4.9
      vertex 17.3364 -0.683897 4.9
      vertex 17.2717 -0.344666 4.9
    endloop
  endfacet
  facet normal 0 0 1
    outer loop
      vertex 15.0394 -0.626666 4.9
      vertex 17.2717 -0.344666 4.9
      vertex 17.25 0 4.9
    endloop
  endfacet
  facet normal -0 0 1
    outer loop
      vertex 15.3511 1.84062 4.9
      vertex 17.4431 1.01234 4.9
      vertex 15.6185 2.40877 4.9
    endloop
  endfacet
  facet normal 0 0 1
    outer loop
      vertex 18.2471 -2.11891 4.9
      vertex 16.8129 -3.85257 4.9
      vertex 17.3209 -4.22164 4.9
    endloop
  endfacet
  facet normal 0 0 1
    outer loop
      vertex 17.4431 1.01234 4.9
      vertex 15.3511 1.84062 4.9
      vertex 17.3364 0.683897 4.9
    endloop
  endfacet
  facet normal 0 0 1
    outer loop
      vertex 17.9953 -1.8825 4.9
      vertex 16.3552 -3.42274 4.9
      vertex 16.8129 -3.85257 4.9
    endloop
  endfacet
  facet normal -0 0 1
    outer loop
      vertex 15.1571 1.24345 4.9
      vertex 17.3364 0.683897 4.9
      vertex 15.3511 1.84062 4.9
    endloop
  endfacet
  facet normal 0 0 1
    outer loop
      vertex 17.7752 -1.61641 4.9
      vertex 15.9549 -2.93893 4.9
      vertex 16.3552 -3.42274 4.9
    endloop
  endfacet
  facet normal 0 0 1
    outer loop
      vertex 17.3364 0.683897 4.9
      vertex 15.1571 1.24345 4.9
      vertex 17.2717 0.344666 4.9
    endloop
  endfacet
  facet normal 0 0 1
    outer loop
      vertex 17.5902 -1.32482 4.9
      vertex 15.6185 -2.40877 4.9
      vertex 15.9549 -2.93893 4.9
    endloop
  endfacet
  facet normal -0 0 1
    outer loop
      vertex 15.0394 0.626666 4.9
      vertex 17.2717 0.344666 4.9
      vertex 15.1571 1.24345 4.9
    endloop
  endfacet
  facet normal 0 0 1
    outer loop
      vertex 17.4431 -1.01234 4.9
      vertex 15.3511 -1.84062 4.9
      vertex 15.6185 -2.40877 4.9
    endloop
  endfacet
  facet normal 0 0 1
    outer loop
      vertex 17.2717 0.344666 4.9
      vertex 15.0394 0.626666 4.9
      vertex 17.25 0 4.9
    endloop
  endfacet
  facet normal 0 0 1
    outer loop
      vertex 17.3364 -0.683897 4.9
      vertex 15.1571 -1.24345 4.9
      vertex 15.3511 -1.84062 4.9
    endloop
  endfacet
  facet normal 0 0 1
    outer loop
      vertex 15 0 4.9
      vertex 17.25 0 4.9
      vertex 15.0394 0.626666 4.9
    endloop
  endfacet
  facet normal 0 0 1
    outer loop
      vertex 17.2717 -0.344666 4.9
      vertex 15.0394 -0.626666 4.9
      vertex 15.1571 -1.24345 4.9
    endloop
  endfacet
  facet normal 0 0 1
    outer loop
      vertex 17.25 0 4.9
      vertex 15 0 4.9
      vertex 15.0394 -0.626666 4.9
    endloop
  endfacet
  facet normal -0.844364 0.53577 0
    outer loop
      vertex 24.0451 -2.93893 4.9
      vertex 24.3815 -2.40877 10.6185
      vertex 24.3815 -2.40877 4.9
    endloop
  endfacet
  facet normal -0.844364 0.53577 0
    outer loop
      vertex 24.3815 -2.40877 10.6185
      vertex 24.0451 -2.93893 4.9
      vertex 24.0451 -2.93893 10.9549
    endloop
  endfacet
  facet normal -0.248691 -0.968583 0
    outer loop
      vertex 20.9369 4.91144 4.9
      vertex 21.5451 4.75528 13.4549
      vertex 20.9369 4.91144 14.0631
    endloop
  endfacet
  facet normal -0.248691 -0.968583 -0
    outer loop
      vertex 21.5451 4.75528 13.4549
      vertex 20.9369 4.91144 4.9
      vertex 21.5451 4.75528 4.9
    endloop
  endfacet
  facet normal 0 0.809027 -0.587771
    outer loop
      vertex 4.9 -4.22164 22.6791
      vertex 11.8129 -3.85257 23.1871
      vertex 12.3209 -4.22164 22.6791
    endloop
  endfacet
  facet normal 0 0.809027 -0.587771
    outer loop
      vertex 11.8129 -3.85257 23.1871
      vertex 4.9 -4.22164 22.6791
      vertex 4.9 -3.85257 23.1871
    endloop
  endfacet
  facet normal 0 -0.929773 0.368135
    outer loop
      vertex 4.9 4.52413 17.8711
      vertex 16.5451 4.75528 18.4549
      vertex 4.9 4.75528 18.4549
    endloop
  endfacet
  facet normal 0 -0.929773 0.368135
    outer loop
      vertex 16.5451 4.75528 18.4549
      vertex 4.9 4.52413 17.8711
      vertex 17.1289 4.52413 17.8711
    endloop
  endfacet
  facet normal 0 -1 0
    outer loop
      vertex 4.9 4.99013 19.686
      vertex 14.686 4.99013 20.314
      vertex 4.9 4.99013 20.314
    endloop
  endfacet
  facet normal 0 -1 -0
    outer loop
      vertex 14.686 4.99013 20.314
      vertex 4.9 4.99013 19.686
      vertex 15.314 4.99013 19.686
    endloop
  endfacet
  facet normal 0 0.728952 0.684565
    outer loop
      vertex 16.3552 -3.42274 16.3552
      vertex 4.9 -3.85257 16.8129
      vertex 16.8129 -3.85257 16.8129
    endloop
  endfacet
  facet normal 0 0.728952 0.684565
    outer loop
      vertex 4.9 -3.85257 16.8129
      vertex 16.3552 -3.42274 16.3552
      vertex 4.9 -3.42274 16.3552
    endloop
  endfacet
  facet normal -0 0.968583 0.248691
    outer loop
      vertex 4.9 -4.75528 18.4549
      vertex 15.9369 -4.91144 19.0631
      vertex 16.5451 -4.75528 18.4549
    endloop
  endfacet
  facet normal 0 0.968583 0.248691
    outer loop
      vertex 15.9369 -4.91144 19.0631
      vertex 4.9 -4.75528 18.4549
      vertex 4.9 -4.91144 19.0631
    endloop
  endfacet
  facet normal 0 -0.876297 -0.481772
    outer loop
      vertex 4.9 4.52413 22.1289
      vertex 12.3209 4.22164 22.6791
      vertex 4.9 4.22164 22.6791
    endloop
  endfacet
  facet normal 0 -0.876297 -0.481772
    outer loop
      vertex 12.3209 4.22164 22.6791
      vertex 4.9 4.52413 22.1289
      vertex 12.8711 4.52413 22.1289
    endloop
  endfacet
  facet normal 0 -0.0627485 0.998029
    outer loop
      vertex 4.9 0.626666 15.0394
      vertex 15 0 15
      vertex 15.0394 0.626666 15.0394
    endloop
  endfacet
  facet normal 0 -0.0627485 0.998029
    outer loop
      vertex 15 0 15
      vertex 4.9 0.626666 15.0394
      vertex 4.9 0 15
    endloop
  endfacet
  facet normal 0 -0.425843 -0.904797
    outer loop
      vertex 4.9 2.40877 24.3815
      vertex 10.3511 1.84062 24.6489
      vertex 4.9 1.84062 24.6489
    endloop
  endfacet
  facet normal 0 -0.425843 -0.904797
    outer loop
      vertex 10.3511 1.84062 24.6489
      vertex 4.9 2.40877 24.3815
      vertex 10.6185 2.40877 24.3815
    endloop
  endfacet
  facet normal 0 0.0627485 0.998029
    outer loop
      vertex 4.9 -0.626666 15.0394
      vertex 15 0 15
      vertex 4.9 0 15
    endloop
  endfacet
  facet normal 0 0.0627485 0.998029
    outer loop
      vertex 15 0 15
      vertex 4.9 -0.626666 15.0394
      vertex 15.0394 -0.626666 15.0394
    endloop
  endfacet
  facet normal 0 -0.53577 0.844364
    outer loop
      vertex 4.9 2.93893 15.9549
      vertex 15.6185 2.40877 15.6185
      vertex 15.9549 2.93893 15.9549
    endloop
  endfacet
  facet normal 0 -0.53577 0.844364
    outer loop
      vertex 15.6185 2.40877 15.6185
      vertex 4.9 2.93893 15.9549
      vertex 4.9 2.40877 15.6185
    endloop
  endfacet
  facet normal 0 0.809027 0.587771
    outer loop
      vertex 16.8129 -3.85257 16.8129
      vertex 4.9 -4.22164 17.3209
      vertex 17.3209 -4.22164 17.3209
    endloop
  endfacet
  facet normal 0 0.809027 0.587771
    outer loop
      vertex 4.9 -4.22164 17.3209
      vertex 16.8129 -3.85257 16.8129
      vertex 4.9 -3.85257 16.8129
    endloop
  endfacet
  facet normal 0 -0.30897 -0.951072
    outer loop
      vertex 4.9 1.84062 24.6489
      vertex 10.1571 1.24345 24.8429
      vertex 4.9 1.24345 24.8429
    endloop
  endfacet
  facet normal 0 -0.30897 -0.951072
    outer loop
      vertex 10.1571 1.24345 24.8429
      vertex 4.9 1.84062 24.6489
      vertex 10.3511 1.84062 24.6489
    endloop
  endfacet
  facet normal 0 -0.968583 0.248691
    outer loop
      vertex 4.9 4.75528 18.4549
      vertex 15.9369 4.91144 19.0631
      vertex 4.9 4.91144 19.0631
    endloop
  endfacet
  facet normal 0 -0.968583 0.248691
    outer loop
      vertex 15.9369 4.91144 19.0631
      vertex 4.9 4.75528 18.4549
      vertex 16.5451 4.75528 18.4549
    endloop
  endfacet
  facet normal 0 -0.809027 0.587771
    outer loop
      vertex 16.8129 3.85257 16.8129
      vertex 4.9 4.22164 17.3209
      vertex 4.9 3.85257 16.8129
    endloop
  endfacet
  facet normal 0 -0.809027 0.587771
    outer loop
      vertex 4.9 4.22164 17.3209
      vertex 16.8129 3.85257 16.8129
      vertex 17.3209 4.22164 17.3209
    endloop
  endfacet
  facet normal 0 -0.992115 0.125332
    outer loop
      vertex 4.9 4.91144 19.0631
      vertex 15.314 4.99013 19.686
      vertex 4.9 4.99013 19.686
    endloop
  endfacet
  facet normal 0 -0.992115 0.125332
    outer loop
      vertex 15.314 4.99013 19.686
      vertex 4.9 4.91144 19.0631
      vertex 15.9369 4.91144 19.0631
    endloop
  endfacet
  facet normal 0 -0.809027 -0.587771
    outer loop
      vertex 4.9 4.22164 22.6791
      vertex 11.8129 3.85257 23.1871
      vertex 4.9 3.85257 23.1871
    endloop
  endfacet
  facet normal 0 -0.809027 -0.587771
    outer loop
      vertex 11.8129 3.85257 23.1871
      vertex 4.9 4.22164 22.6791
      vertex 12.3209 4.22164 22.6791
    endloop
  endfacet
  facet normal 0 0.0627485 -0.998029
    outer loop
      vertex 4.9 -0.626666 24.9606
      vertex 10 0 25
      vertex 10.0394 -0.626666 24.9606
    endloop
  endfacet
  facet normal 0 0.0627485 -0.998029
    outer loop
      vertex 10 0 25
      vertex 4.9 -0.626666 24.9606
      vertex 4.9 0 25
    endloop
  endfacet
  facet normal 0 0.968583 -0.248691
    outer loop
      vertex 4.9 -4.91144 20.9369
      vertex 13.4549 -4.75528 21.5451
      vertex 14.0631 -4.91144 20.9369
    endloop
  endfacet
  facet normal 0 0.968583 -0.248691
    outer loop
      vertex 13.4549 -4.75528 21.5451
      vertex 4.9 -4.91144 20.9369
      vertex 4.9 -4.75528 21.5451
    endloop
  endfacet
  facet normal 0 -0.187446 0.982275
    outer loop
      vertex 4.9 1.24345 15.1571
      vertex 15.0394 0.626666 15.0394
      vertex 15.1571 1.24345 15.1571
    endloop
  endfacet
  facet normal 0 -0.187446 0.982275
    outer loop
      vertex 15.0394 0.626666 15.0394
      vertex 4.9 1.24345 15.1571
      vertex 4.9 0.626666 15.0394
    endloop
  endfacet
  facet normal 0 -0.425843 0.904797
    outer loop
      vertex 4.9 2.40877 15.6185
      vertex 15.3511 1.84062 15.3511
      vertex 15.6185 2.40877 15.6185
    endloop
  endfacet
  facet normal 0 -0.425843 0.904797
    outer loop
      vertex 15.3511 1.84062 15.3511
      vertex 4.9 2.40877 15.6185
      vertex 4.9 1.84062 15.3511
    endloop
  endfacet
  facet normal 0 -0.728952 -0.684565
    outer loop
      vertex 4.9 3.85257 23.1871
      vertex 11.3552 3.42274 23.6448
      vertex 4.9 3.42274 23.6448
    endloop
  endfacet
  facet normal 0 -0.728952 -0.684565
    outer loop
      vertex 11.3552 3.42274 23.6448
      vertex 4.9 3.85257 23.1871
      vertex 11.8129 3.85257 23.1871
    endloop
  endfacet
  facet normal 0 0.187446 0.982275
    outer loop
      vertex 4.9 -1.24345 15.1571
      vertex 15.0394 -0.626666 15.0394
      vertex 4.9 -0.626666 15.0394
    endloop
  endfacet
  facet normal 0 0.187446 0.982275
    outer loop
      vertex 15.0394 -0.626666 15.0394
      vertex 4.9 -1.24345 15.1571
      vertex 15.1571 -1.24345 15.1571
    endloop
  endfacet
  facet normal -0 0.992115 0.125332
    outer loop
      vertex 4.9 -4.91144 19.0631
      vertex 15.314 -4.99013 19.686
      vertex 15.9369 -4.91144 19.0631
    endloop
  endfacet
  facet normal 0 0.992115 0.125332
    outer loop
      vertex 15.314 -4.99013 19.686
      vertex 4.9 -4.91144 19.0631
      vertex 4.9 -4.99013 19.686
    endloop
  endfacet
  facet normal 0 0.728952 -0.684565
    outer loop
      vertex 4.9 -3.85257 23.1871
      vertex 11.3552 -3.42274 23.6448
      vertex 11.8129 -3.85257 23.1871
    endloop
  endfacet
  facet normal 0 0.728952 -0.684565
    outer loop
      vertex 11.3552 -3.42274 23.6448
      vertex 4.9 -3.85257 23.1871
      vertex 4.9 -3.42274 23.6448
    endloop
  endfacet
  facet normal 0 -0.728952 0.684565
    outer loop
      vertex 16.3552 3.42274 16.3552
      vertex 4.9 3.85257 16.8129
      vertex 4.9 3.42274 16.3552
    endloop
  endfacet
  facet normal 0 -0.728952 0.684565
    outer loop
      vertex 4.9 3.85257 16.8129
      vertex 16.3552 3.42274 16.3552
      vertex 16.8129 3.85257 16.8129
    endloop
  endfacet
  facet normal 0 -0.992115 -0.125332
    outer loop
      vertex 4.9 4.99013 20.314
      vertex 14.0631 4.91144 20.9369
      vertex 4.9 4.91144 20.9369
    endloop
  endfacet
  facet normal 0 -0.992115 -0.125332
    outer loop
      vertex 14.0631 4.91144 20.9369
      vertex 4.9 4.99013 20.314
      vertex 14.686 4.99013 20.314
    endloop
  endfacet
  facet normal 0 0.637478 0.770468
    outer loop
      vertex 4.9 -3.42274 16.3552
      vertex 15.9549 -2.93893 15.9549
      vertex 4.9 -2.93893 15.9549
    endloop
  endfacet
  facet normal 0 0.637478 0.770468
    outer loop
      vertex 15.9549 -2.93893 15.9549
      vertex 4.9 -3.42274 16.3552
      vertex 16.3552 -3.42274 16.3552
    endloop
  endfacet
  facet normal 0 -0.929773 -0.368135
    outer loop
      vertex 4.9 4.75528 21.5451
      vertex 12.8711 4.52413 22.1289
      vertex 4.9 4.52413 22.1289
    endloop
  endfacet
  facet normal 0 -0.929773 -0.368135
    outer loop
      vertex 12.8711 4.52413 22.1289
      vertex 4.9 4.75528 21.5451
      vertex 13.4549 4.75528 21.5451
    endloop
  endfacet
  facet normal 0 0.425843 -0.904797
    outer loop
      vertex 4.9 -2.40877 24.3815
      vertex 10.3511 -1.84062 24.6489
      vertex 10.6185 -2.40877 24.3815
    endloop
  endfacet
  facet normal 0 0.425843 -0.904797
    outer loop
      vertex 10.3511 -1.84062 24.6489
      vertex 4.9 -2.40877 24.3815
      vertex 4.9 -1.84062 24.6489
    endloop
  endfacet
  facet normal 0 -0.0627485 -0.998029
    outer loop
      vertex 4.9 0.626666 24.9606
      vertex 10 0 25
      vertex 4.9 0 25
    endloop
  endfacet
  facet normal 0 -0.0627485 -0.998029
    outer loop
      vertex 10 0 25
      vertex 4.9 0.626666 24.9606
      vertex 10.0394 0.626666 24.9606
    endloop
  endfacet
  facet normal 0 0.637478 -0.770468
    outer loop
      vertex 4.9 -3.42274 23.6448
      vertex 10.9549 -2.93893 24.0451
      vertex 11.3552 -3.42274 23.6448
    endloop
  endfacet
  facet normal 0 0.637478 -0.770468
    outer loop
      vertex 10.9549 -2.93893 24.0451
      vertex 4.9 -3.42274 23.6448
      vertex 4.9 -2.93893 24.0451
    endloop
  endfacet
  facet normal 0 0.187446 -0.982275
    outer loop
      vertex 4.9 -1.24345 24.8429
      vertex 10.0394 -0.626666 24.9606
      vertex 10.1571 -1.24345 24.8429
    endloop
  endfacet
  facet normal 0 0.187446 -0.982275
    outer loop
      vertex 10.0394 -0.626666 24.9606
      vertex 4.9 -1.24345 24.8429
      vertex 4.9 -0.626666 24.9606
    endloop
  endfacet
  facet normal 0 0.30897 -0.951072
    outer loop
      vertex 4.9 -1.84062 24.6489
      vertex 10.1571 -1.24345 24.8429
      vertex 10.3511 -1.84062 24.6489
    endloop
  endfacet
  facet normal 0 0.30897 -0.951072
    outer loop
      vertex 10.1571 -1.24345 24.8429
      vertex 4.9 -1.84062 24.6489
      vertex 4.9 -1.24345 24.8429
    endloop
  endfacet
  facet normal 0 -0.637478 -0.770468
    outer loop
      vertex 4.9 3.42274 23.6448
      vertex 10.9549 2.93893 24.0451
      vertex 4.9 2.93893 24.0451
    endloop
  endfacet
  facet normal 0 -0.637478 -0.770468
    outer loop
      vertex 10.9549 2.93893 24.0451
      vertex 4.9 3.42274 23.6448
      vertex 11.3552 3.42274 23.6448
    endloop
  endfacet
  facet normal 0 0.30897 0.951072
    outer loop
      vertex 4.9 -1.84062 15.3511
      vertex 15.1571 -1.24345 15.1571
      vertex 4.9 -1.24345 15.1571
    endloop
  endfacet
  facet normal 0 0.30897 0.951072
    outer loop
      vertex 15.1571 -1.24345 15.1571
      vertex 4.9 -1.84062 15.3511
      vertex 15.3511 -1.84062 15.3511
    endloop
  endfacet
  facet normal -0 0.929773 0.368135
    outer loop
      vertex 4.9 -4.52413 17.8711
      vertex 16.5451 -4.75528 18.4549
      vertex 17.1289 -4.52413 17.8711
    endloop
  endfacet
  facet normal 0 0.929773 0.368135
    outer loop
      vertex 16.5451 -4.75528 18.4549
      vertex 4.9 -4.52413 17.8711
      vertex 4.9 -4.75528 18.4549
    endloop
  endfacet
  facet normal 0 -0.876297 0.481772
    outer loop
      vertex 4.9 4.22164 17.3209
      vertex 17.1289 4.52413 17.8711
      vertex 4.9 4.52413 17.8711
    endloop
  endfacet
  facet normal 0 -0.876297 0.481772
    outer loop
      vertex 17.1289 4.52413 17.8711
      vertex 4.9 4.22164 17.3209
      vertex 17.3209 4.22164 17.3209
    endloop
  endfacet
  facet normal 5.10039e-05 -0.876289 0.481786
    outer loop
      vertex 17.1289 4.52413 17.8711
      vertex 17.3209 4.22164 17.3209
      vertex 17.5 4.32012 17.5
    endloop
  endfacet
  facet normal 0 0.53577 -0.844364
    outer loop
      vertex 4.9 -2.93893 24.0451
      vertex 10.6185 -2.40877 24.3815
      vertex 10.9549 -2.93893 24.0451
    endloop
  endfacet
  facet normal 0 0.53577 -0.844364
    outer loop
      vertex 10.6185 -2.40877 24.3815
      vertex 4.9 -2.93893 24.0451
      vertex 4.9 -2.40877 24.3815
    endloop
  endfacet
  facet normal 0 0.53577 0.844364
    outer loop
      vertex 4.9 -2.93893 15.9549
      vertex 15.6185 -2.40877 15.6185
      vertex 4.9 -2.40877 15.6185
    endloop
  endfacet
  facet normal 0 0.53577 0.844364
    outer loop
      vertex 15.6185 -2.40877 15.6185
      vertex 4.9 -2.93893 15.9549
      vertex 15.9549 -2.93893 15.9549
    endloop
  endfacet
  facet normal 0 -0.637478 0.770468
    outer loop
      vertex 4.9 3.42274 16.3552
      vertex 15.9549 2.93893 15.9549
      vertex 16.3552 3.42274 16.3552
    endloop
  endfacet
  facet normal 0 -0.637478 0.770468
    outer loop
      vertex 15.9549 2.93893 15.9549
      vertex 4.9 3.42274 16.3552
      vertex 4.9 2.93893 15.9549
    endloop
  endfacet
  facet normal 0 -0.30897 0.951072
    outer loop
      vertex 4.9 1.84062 15.3511
      vertex 15.1571 1.24345 15.1571
      vertex 15.3511 1.84062 15.3511
    endloop
  endfacet
  facet normal 0 -0.30897 0.951072
    outer loop
      vertex 15.1571 1.24345 15.1571
      vertex 4.9 1.84062 15.3511
      vertex 4.9 1.24345 15.1571
    endloop
  endfacet
  facet normal 0 -0.53577 -0.844364
    outer loop
      vertex 4.9 2.93893 24.0451
      vertex 10.6185 2.40877 24.3815
      vertex 4.9 2.40877 24.3815
    endloop
  endfacet
  facet normal 0 -0.53577 -0.844364
    outer loop
      vertex 10.6185 2.40877 24.3815
      vertex 4.9 2.93893 24.0451
      vertex 10.9549 2.93893 24.0451
    endloop
  endfacet
  facet normal 0 -0.968583 -0.248691
    outer loop
      vertex 4.9 4.91144 20.9369
      vertex 13.4549 4.75528 21.5451
      vertex 4.9 4.75528 21.5451
    endloop
  endfacet
  facet normal 0 -0.968583 -0.248691
    outer loop
      vertex 13.4549 4.75528 21.5451
      vertex 4.9 4.91144 20.9369
      vertex 14.0631 4.91144 20.9369
    endloop
  endfacet
  facet normal 5.10039e-05 0.876289 0.481786
    outer loop
      vertex 17.3209 -4.22164 17.3209
      vertex 17.1289 -4.52413 17.8711
      vertex 17.5 -4.32012 17.5
    endloop
  endfacet
  facet normal -0 0.876297 0.481772
    outer loop
      vertex 4.9 -4.22164 17.3209
      vertex 17.1289 -4.52413 17.8711
      vertex 17.3209 -4.22164 17.3209
    endloop
  endfacet
  facet normal 0 0.876297 0.481772
    outer loop
      vertex 17.1289 -4.52413 17.8711
      vertex 4.9 -4.22164 17.3209
      vertex 4.9 -4.52413 17.8711
    endloop
  endfacet
  facet normal 0 1 0
    outer loop
      vertex 4.9 -4.99013 19.686
      vertex 14.686 -4.99013 20.314
      vertex 15.314 -4.99013 19.686
    endloop
  endfacet
  facet normal 0 1 0
    outer loop
      vertex 14.686 -4.99013 20.314
      vertex 4.9 -4.99013 19.686
      vertex 4.9 -4.99013 20.314
    endloop
  endfacet
  facet normal 0 -0.187446 -0.982275
    outer loop
      vertex 4.9 1.24345 24.8429
      vertex 10.0394 0.626666 24.9606
      vertex 4.9 0.626666 24.9606
    endloop
  endfacet
  facet normal 0 -0.187446 -0.982275
    outer loop
      vertex 10.0394 0.626666 24.9606
      vertex 4.9 1.24345 24.8429
      vertex 10.1571 1.24345 24.8429
    endloop
  endfacet
  facet normal 0 0.992115 -0.125332
    outer loop
      vertex 4.9 -4.99013 20.314
      vertex 14.0631 -4.91144 20.9369
      vertex 14.686 -4.99013 20.314
    endloop
  endfacet
  facet normal 0 0.992115 -0.125332
    outer loop
      vertex 14.0631 -4.91144 20.9369
      vertex 4.9 -4.99013 20.314
      vertex 4.9 -4.91144 20.9369
    endloop
  endfacet
  facet normal 0 0.876297 -0.481772
    outer loop
      vertex 4.9 -4.52413 22.1289
      vertex 12.3209 -4.22164 22.6791
      vertex 12.8711 -4.52413 22.1289
    endloop
  endfacet
  facet normal 0 0.876297 -0.481772
    outer loop
      vertex 12.3209 -4.22164 22.6791
      vertex 4.9 -4.52413 22.1289
      vertex 4.9 -4.22164 22.6791
    endloop
  endfacet
  facet normal 0 0.425843 0.904797
    outer loop
      vertex 4.9 -2.40877 15.6185
      vertex 15.3511 -1.84062 15.3511
      vertex 4.9 -1.84062 15.3511
    endloop
  endfacet
  facet normal 0 0.425843 0.904797
    outer loop
      vertex 15.3511 -1.84062 15.3511
      vertex 4.9 -2.40877 15.6185
      vertex 15.6185 -2.40877 15.6185
    endloop
  endfacet
  facet normal 1 0 0
    outer loop
      vertex 4.9 2.74457 20.1727
      vertex 4.9 4.99013 20.314
      vertex 4.9 4.91144 20.9369
    endloop
  endfacet
  facet normal 1 0 0
    outer loop
      vertex 4.9 4.99013 20.314
      vertex 4.9 2.74457 20.1727
      vertex 4.9 4.99013 19.686
    endloop
  endfacet
  facet normal 1 0 0
    outer loop
      vertex 4.9 2.70129 20.5153
      vertex 4.9 4.91144 20.9369
      vertex 4.9 4.75528 21.5451
    endloop
  endfacet
  facet normal 1 -0 0
    outer loop
      vertex 4.9 2.74457 19.8273
      vertex 4.9 4.99013 19.686
      vertex 4.9 2.74457 20.1727
    endloop
  endfacet
  facet normal 1 0 0
    outer loop
      vertex 4.9 2.61541 20.8498
      vertex 4.9 4.75528 21.5451
      vertex 4.9 4.52413 22.1289
    endloop
  endfacet
  facet normal 1 0 0
    outer loop
      vertex 4.9 4.99013 19.686
      vertex 4.9 2.74457 19.8273
      vertex 4.9 4.91144 19.0631
    endloop
  endfacet
  facet normal 1 0 0
    outer loop
      vertex 4.9 2.48827 21.1709
      vertex 4.9 4.52413 22.1289
      vertex 4.9 4.22164 22.6791
    endloop
  endfacet
  facet normal 1 -0 0
    outer loop
      vertex 4.9 2.70129 19.4847
      vertex 4.9 4.91144 19.0631
      vertex 4.9 2.74457 19.8273
    endloop
  endfacet
  facet normal 1 0 0
    outer loop
      vertex 4.9 2.3219 21.4735
      vertex 4.9 4.22164 22.6791
      vertex 4.9 3.85257 23.1871
    endloop
  endfacet
  facet normal 1 0 0
    outer loop
      vertex 4.9 4.91144 19.0631
      vertex 4.9 2.70129 19.4847
      vertex 4.9 4.75528 18.4549
    endloop
  endfacet
  facet normal 1 0 0
    outer loop
      vertex 4.9 2.11891 21.7529
      vertex 4.9 3.85257 23.1871
      vertex 4.9 3.42274 23.6448
    endloop
  endfacet
  facet normal 1 -0 0
    outer loop
      vertex 4.9 2.61541 19.1502
      vertex 4.9 4.75528 18.4549
      vertex 4.9 2.70129 19.4847
    endloop
  endfacet
  facet normal 1 0 0
    outer loop
      vertex 4.9 1.8825 22.0047
      vertex 4.9 3.42274 23.6448
      vertex 4.9 2.93893 24.0451
    endloop
  endfacet
  facet normal 1 0 0
    outer loop
      vertex 4.9 4.75528 18.4549
      vertex 4.9 2.61541 19.1502
      vertex 4.9 4.52413 17.8711
    endloop
  endfacet
  facet normal 1 -0 0
    outer loop
      vertex 4.9 2.48827 18.8291
      vertex 4.9 4.52413 17.8711
      vertex 4.9 2.61541 19.1502
    endloop
  endfacet
  facet normal 1 0 0
    outer loop
      vertex 4.9 4.91144 20.9369
      vertex 4.9 2.70129 20.5153
      vertex 4.9 2.74457 20.1727
    endloop
  endfacet
  facet normal 1 0 0
    outer loop
      vertex 4.9 4.75528 21.5451
      vertex 4.9 2.61541 20.8498
      vertex 4.9 2.70129 20.5153
    endloop
  endfacet
  facet normal 1 0 0
    outer loop
      vertex 4.9 4.52413 22.1289
      vertex 4.9 2.48827 21.1709
      vertex 4.9 2.61541 20.8498
    endloop
  endfacet
  facet normal 1 0 0
    outer loop
      vertex 4.9 1.61641 22.2248
      vertex 4.9 2.93893 24.0451
      vertex 4.9 2.40877 24.3815
    endloop
  endfacet
  facet normal 1 0 0
    outer loop
      vertex 4.9 4.22164 22.6791
      vertex 4.9 2.3219 21.4735
      vertex 4.9 2.48827 21.1709
    endloop
  endfacet
  facet normal 1 0 0
    outer loop
      vertex 4.9 3.85257 23.1871
      vertex 4.9 2.11891 21.7529
      vertex 4.9 2.3219 21.4735
    endloop
  endfacet
  facet normal 1 0 0
    outer loop
      vertex 4.9 3.42274 23.6448
      vertex 4.9 1.8825 22.0047
      vertex 4.9 2.11891 21.7529
    endloop
  endfacet
  facet normal 1 0 0
    outer loop
      vertex 4.9 1.32482 22.4098
      vertex 4.9 2.40877 24.3815
      vertex 4.9 1.84062 24.6489
    endloop
  endfacet
  facet normal 1 0 0
    outer loop
      vertex 4.9 2.93893 24.0451
      vertex 4.9 1.61641 22.2248
      vertex 4.9 1.8825 22.0047
    endloop
  endfacet
  facet normal 1 0 0
    outer loop
      vertex 4.9 2.40877 24.3815
      vertex 4.9 1.32482 22.4098
      vertex 4.9 1.61641 22.2248
    endloop
  endfacet
  facet normal 1 0 0
    outer loop
      vertex 4.9 1.01234 22.5569
      vertex 4.9 1.84062 24.6489
      vertex 4.9 1.24345 24.8429
    endloop
  endfacet
  facet normal 1 0 0
    outer loop
      vertex 4.9 1.84062 24.6489
      vertex 4.9 1.01234 22.5569
      vertex 4.9 1.32482 22.4098
    endloop
  endfacet
  facet normal 1 0 0
    outer loop
      vertex 4.9 1.24345 24.8429
      vertex 4.9 0.683897 22.6636
      vertex 4.9 1.01234 22.5569
    endloop
  endfacet
  facet normal 1 0 0
    outer loop
      vertex 4.9 0.626666 24.9606
      vertex 4.9 0.683897 22.6636
      vertex 4.9 1.24345 24.8429
    endloop
  endfacet
  facet normal 1 0 0
    outer loop
      vertex 4.9 0.626666 24.9606
      vertex 4.9 0.344666 22.7283
      vertex 4.9 0.683897 22.6636
    endloop
  endfacet
  facet normal 1 0 0
    outer loop
      vertex 4.9 0 25
      vertex 4.9 0.344666 22.7283
      vertex 4.9 0.626666 24.9606
    endloop
  endfacet
  facet normal 1 0 0
    outer loop
      vertex 4.9 0 25
      vertex 4.9 0 22.75
      vertex 4.9 0.344666 22.7283
    endloop
  endfacet
  facet normal 1 0 0
    outer loop
      vertex 4.9 0 25
      vertex 4.9 -0.344666 22.7283
      vertex 4.9 0 22.75
    endloop
  endfacet
  facet normal 1 -0 0
    outer loop
      vertex 4.9 -0.626666 24.9606
      vertex 4.9 -0.344666 22.7283
      vertex 4.9 0 25
    endloop
  endfacet
  facet normal 1 0 0
    outer loop
      vertex 4.9 -0.626666 24.9606
      vertex 4.9 -0.683897 22.6636
      vertex 4.9 -0.344666 22.7283
    endloop
  endfacet
  facet normal 1 -0 0
    outer loop
      vertex 4.9 -1.24345 24.8429
      vertex 4.9 -0.683897 22.6636
      vertex 4.9 -0.626666 24.9606
    endloop
  endfacet
  facet normal 1 0 0
    outer loop
      vertex 4.9 -0.683897 22.6636
      vertex 4.9 -1.24345 24.8429
      vertex 4.9 -1.01234 22.5569
    endloop
  endfacet
  facet normal 1 -0 0
    outer loop
      vertex 4.9 -1.84062 24.6489
      vertex 4.9 -1.01234 22.5569
      vertex 4.9 -1.24345 24.8429
    endloop
  endfacet
  facet normal 1 0 0
    outer loop
      vertex 4.9 -1.01234 22.5569
      vertex 4.9 -1.84062 24.6489
      vertex 4.9 -1.32482 22.4098
    endloop
  endfacet
  facet normal 1 -0 0
    outer loop
      vertex 4.9 -2.40877 24.3815
      vertex 4.9 -1.32482 22.4098
      vertex 4.9 -1.84062 24.6489
    endloop
  endfacet
  facet normal 1 0 0
    outer loop
      vertex 4.9 -1.32482 22.4098
      vertex 4.9 -2.40877 24.3815
      vertex 4.9 -1.61641 22.2248
    endloop
  endfacet
  facet normal 1 -0 0
    outer loop
      vertex 4.9 -2.93893 24.0451
      vertex 4.9 -1.61641 22.2248
      vertex 4.9 -2.40877 24.3815
    endloop
  endfacet
  facet normal 1 0 0
    outer loop
      vertex 4.9 -1.61641 22.2248
      vertex 4.9 -2.93893 24.0451
      vertex 4.9 -1.8825 22.0047
    endloop
  endfacet
  facet normal 1 -0 0
    outer loop
      vertex 4.9 -3.42274 23.6448
      vertex 4.9 -1.8825 22.0047
      vertex 4.9 -2.93893 24.0451
    endloop
  endfacet
  facet normal 1 0 0
    outer loop
      vertex 4.9 -1.8825 22.0047
      vertex 4.9 -3.42274 23.6448
      vertex 4.9 -2.11891 21.7529
    endloop
  endfacet
  facet normal 1 -0 0
    outer loop
      vertex 4.9 -3.85257 23.1871
      vertex 4.9 -2.11891 21.7529
      vertex 4.9 -3.42274 23.6448
    endloop
  endfacet
  facet normal 1 0 0
    outer loop
      vertex 4.9 -2.11891 21.7529
      vertex 4.9 -3.85257 23.1871
      vertex 4.9 -2.3219 21.4735
    endloop
  endfacet
  facet normal 1 -0 0
    outer loop
      vertex 4.9 -4.22164 22.6791
      vertex 4.9 -2.3219 21.4735
      vertex 4.9 -3.85257 23.1871
    endloop
  endfacet
  facet normal 1 -0 0
    outer loop
      vertex 4.9 -4.52413 22.1289
      vertex 4.9 -2.48827 21.1709
      vertex 4.9 -4.22164 22.6791
    endloop
  endfacet
  facet normal 1 0 0
    outer loop
      vertex 4.9 -2.3219 21.4735
      vertex 4.9 -4.22164 22.6791
      vertex 4.9 -2.48827 21.1709
    endloop
  endfacet
  facet normal 1 0 0
    outer loop
      vertex 4.9 4.52413 17.8711
      vertex 4.9 2.48827 18.8291
      vertex 4.9 4.22164 17.3209
    endloop
  endfacet
  facet normal 1 -0 0
    outer loop
      vertex 4.9 2.3219 18.5265
      vertex 4.9 4.22164 17.3209
      vertex 4.9 2.48827 18.8291
    endloop
  endfacet
  facet normal 1 0 0
    outer loop
      vertex 4.9 4.22164 17.3209
      vertex 4.9 2.3219 18.5265
      vertex 4.9 3.85257 16.8129
    endloop
  endfacet
  facet normal 1 -0 0
    outer loop
      vertex 4.9 2.11891 18.2471
      vertex 4.9 3.85257 16.8129
      vertex 4.9 2.3219 18.5265
    endloop
  endfacet
  facet normal 1 0 0
    outer loop
      vertex 4.9 3.85257 16.8129
      vertex 4.9 2.11891 18.2471
      vertex 4.9 3.42274 16.3552
    endloop
  endfacet
  facet normal 1 -0 0
    outer loop
      vertex 4.9 1.8825 17.9953
      vertex 4.9 3.42274 16.3552
      vertex 4.9 2.11891 18.2471
    endloop
  endfacet
  facet normal 1 0 0
    outer loop
      vertex 4.9 3.42274 16.3552
      vertex 4.9 1.8825 17.9953
      vertex 4.9 2.93893 15.9549
    endloop
  endfacet
  facet normal 1 -0 0
    outer loop
      vertex 4.9 1.61641 17.7752
      vertex 4.9 2.93893 15.9549
      vertex 4.9 1.8825 17.9953
    endloop
  endfacet
  facet normal 1 0 0
    outer loop
      vertex 4.9 2.93893 15.9549
      vertex 4.9 1.61641 17.7752
      vertex 4.9 2.40877 15.6185
    endloop
  endfacet
  facet normal 1 -0 0
    outer loop
      vertex 4.9 1.32482 17.5902
      vertex 4.9 2.40877 15.6185
      vertex 4.9 1.61641 17.7752
    endloop
  endfacet
  facet normal 1 0 0
    outer loop
      vertex 4.9 2.40877 15.6185
      vertex 4.9 1.32482 17.5902
      vertex 4.9 1.84062 15.3511
    endloop
  endfacet
  facet normal 1 -0 0
    outer loop
      vertex 4.9 1.01234 17.4431
      vertex 4.9 1.84062 15.3511
      vertex 4.9 1.32482 17.5902
    endloop
  endfacet
  facet normal 1 0 0
    outer loop
      vertex 4.9 1.84062 15.3511
      vertex 4.9 1.01234 17.4431
      vertex 4.9 1.24345 15.1571
    endloop
  endfacet
  facet normal 1 -0 0
    outer loop
      vertex 4.9 0.683897 17.3364
      vertex 4.9 1.24345 15.1571
      vertex 4.9 1.01234 17.4431
    endloop
  endfacet
  facet normal 1 0 0
    outer loop
      vertex 4.9 0.683897 17.3364
      vertex 4.9 0.626666 15.0394
      vertex 4.9 1.24345 15.1571
    endloop
  endfacet
  facet normal 1 -0 0
    outer loop
      vertex 4.9 0.344666 17.2717
      vertex 4.9 0.626666 15.0394
      vertex 4.9 0.683897 17.3364
    endloop
  endfacet
  facet normal 1 -0 0
    outer loop
      vertex 4.9 0 17.25
      vertex 4.9 0.626666 15.0394
      vertex 4.9 0.344666 17.2717
    endloop
  endfacet
  facet normal 1 0 0
    outer loop
      vertex 4.9 0 17.25
      vertex 4.9 0 15
      vertex 4.9 0.626666 15.0394
    endloop
  endfacet
  facet normal 1 0 0
    outer loop
      vertex 4.9 -0.344666 17.2717
      vertex 4.9 0 15
      vertex 4.9 0 17.25
    endloop
  endfacet
  facet normal 1 0 0
    outer loop
      vertex 4.9 -0.344666 17.2717
      vertex 4.9 -0.626666 15.0394
      vertex 4.9 0 15
    endloop
  endfacet
  facet normal 1 0 0
    outer loop
      vertex 4.9 -0.683897 17.3364
      vertex 4.9 -0.626666 15.0394
      vertex 4.9 -0.344666 17.2717
    endloop
  endfacet
  facet normal 1 0 0
    outer loop
      vertex 4.9 -1.24345 15.1571
      vertex 4.9 -0.683897 17.3364
      vertex 4.9 -1.01234 17.4431
    endloop
  endfacet
  facet normal 1 0 0
    outer loop
      vertex 4.9 -0.683897 17.3364
      vertex 4.9 -1.24345 15.1571
      vertex 4.9 -0.626666 15.0394
    endloop
  endfacet
  facet normal 1 0 0
    outer loop
      vertex 4.9 -1.84062 15.3511
      vertex 4.9 -1.01234 17.4431
      vertex 4.9 -1.32482 17.5902
    endloop
  endfacet
  facet normal 1 0 0
    outer loop
      vertex 4.9 -2.40877 15.6185
      vertex 4.9 -1.32482 17.5902
      vertex 4.9 -1.61641 17.7752
    endloop
  endfacet
  facet normal 1 0 0
    outer loop
      vertex 4.9 -1.01234 17.4431
      vertex 4.9 -1.84062 15.3511
      vertex 4.9 -1.24345 15.1571
    endloop
  endfacet
  facet normal 1 0 0
    outer loop
      vertex 4.9 -2.93893 15.9549
      vertex 4.9 -1.61641 17.7752
      vertex 4.9 -1.8825 17.9953
    endloop
  endfacet
  facet normal 1 0 0
    outer loop
      vertex 4.9 -3.42274 16.3552
      vertex 4.9 -1.8825 17.9953
      vertex 4.9 -2.11891 18.2471
    endloop
  endfacet
  facet normal 1 0 0
    outer loop
      vertex 4.9 -3.85257 16.8129
      vertex 4.9 -2.11891 18.2471
      vertex 4.9 -2.3219 18.5265
    endloop
  endfacet
  facet normal 1 0 0
    outer loop
      vertex 4.9 -1.32482 17.5902
      vertex 4.9 -2.40877 15.6185
      vertex 4.9 -1.84062 15.3511
    endloop
  endfacet
  facet normal 1 0 0
    outer loop
      vertex 4.9 -4.22164 17.3209
      vertex 4.9 -2.3219 18.5265
      vertex 4.9 -2.48827 18.8291
    endloop
  endfacet
  facet normal 1 0 0
    outer loop
      vertex 4.9 -4.52413 17.8711
      vertex 4.9 -2.48827 18.8291
      vertex 4.9 -2.61541 19.1502
    endloop
  endfacet
  facet normal 1 0 0
    outer loop
      vertex 4.9 -4.75528 18.4549
      vertex 4.9 -2.61541 19.1502
      vertex 4.9 -2.70129 19.4847
    endloop
  endfacet
  facet normal 1 0 0
    outer loop
      vertex 4.9 -4.91144 19.0631
      vertex 4.9 -2.70129 19.4847
      vertex 4.9 -2.74457 19.8273
    endloop
  endfacet
  facet normal 1 0 0
    outer loop
      vertex 4.9 -1.61641 17.7752
      vertex 4.9 -2.93893 15.9549
      vertex 4.9 -2.40877 15.6185
    endloop
  endfacet
  facet normal 1 0 0
    outer loop
      vertex 4.9 -2.48827 21.1709
      vertex 4.9 -4.52413 22.1289
      vertex 4.9 -2.61541 20.8498
    endloop
  endfacet
  facet normal 1 -0 0
    outer loop
      vertex 4.9 -4.75528 21.5451
      vertex 4.9 -2.61541 20.8498
      vertex 4.9 -4.52413 22.1289
    endloop
  endfacet
  facet normal 1 0 0
    outer loop
      vertex 4.9 -1.8825 17.9953
      vertex 4.9 -3.42274 16.3552
      vertex 4.9 -2.93893 15.9549
    endloop
  endfacet
  facet normal 1 0 0
    outer loop
      vertex 4.9 -2.61541 20.8498
      vertex 4.9 -4.75528 21.5451
      vertex 4.9 -2.70129 20.5153
    endloop
  endfacet
  facet normal 1 0 0
    outer loop
      vertex 4.9 -2.11891 18.2471
      vertex 4.9 -3.85257 16.8129
      vertex 4.9 -3.42274 16.3552
    endloop
  endfacet
  facet normal 1 -0 0
    outer loop
      vertex 4.9 -4.91144 20.9369
      vertex 4.9 -2.70129 20.5153
      vertex 4.9 -4.75528 21.5451
    endloop
  endfacet
  facet normal 1 0 0
    outer loop
      vertex 4.9 -2.3219 18.5265
      vertex 4.9 -4.22164 17.3209
      vertex 4.9 -3.85257 16.8129
    endloop
  endfacet
  facet normal 1 0 0
    outer loop
      vertex 4.9 -2.70129 20.5153
      vertex 4.9 -4.91144 20.9369
      vertex 4.9 -2.74457 20.1727
    endloop
  endfacet
  facet normal 1 0 0
    outer loop
      vertex 4.9 -2.48827 18.8291
      vertex 4.9 -4.52413 17.8711
      vertex 4.9 -4.22164 17.3209
    endloop
  endfacet
  facet normal 1 -0 0
    outer loop
      vertex 4.9 -4.99013 20.314
      vertex 4.9 -2.74457 20.1727
      vertex 4.9 -4.91144 20.9369
    endloop
  endfacet
  facet normal 1 0 0
    outer loop
      vertex 4.9 -2.61541 19.1502
      vertex 4.9 -4.75528 18.4549
      vertex 4.9 -4.52413 17.8711
    endloop
  endfacet
  facet normal 1 0 0
    outer loop
      vertex 4.9 -2.74457 20.1727
      vertex 4.9 -4.99013 20.314
      vertex 4.9 -2.74457 19.8273
    endloop
  endfacet
  facet normal 1 0 0
    outer loop
      vertex 4.9 -2.70129 19.4847
      vertex 4.9 -4.91144 19.0631
      vertex 4.9 -4.75528 18.4549
    endloop
  endfacet
  facet normal 1 0 0
    outer loop
      vertex 4.9 -4.99013 19.686
      vertex 4.9 -2.74457 19.8273
      vertex 4.9 -4.99013 20.314
    endloop
  endfacet
  facet normal 1 0 0
    outer loop
      vertex 4.9 -2.74457 19.8273
      vertex 4.9 -4.99013 19.686
      vertex 4.9 -4.91144 19.0631
    endloop
  endfacet
  facet normal 0 0.929773 -0.368135
    outer loop
      vertex 4.9 -4.75528 21.5451
      vertex 12.8711 -4.52413 22.1289
      vertex 13.4549 -4.75528 21.5451
    endloop
  endfacet
  facet normal 0 0.929773 -0.368135
    outer loop
      vertex 12.8711 -4.52413 22.1289
      vertex 4.9 -4.75528 21.5451
      vertex 4.9 -4.52413 22.1289
    endloop
  endfacet
  facet normal -0.368126 0 -0.929776
    outer loop
      vertex 0.927051 -10 2.85317
      vertex 1.27734 10 2.71448
      vertex 1.27734 -10 2.71448
    endloop
  endfacet
  facet normal -0.368126 0 -0.929776
    outer loop
      vertex 1.27734 10 2.71448
      vertex 0.927051 -10 2.85317
      vertex 0.927051 10 2.85317
    endloop
  endfacet
  facet normal -0.904828 0 -0.425778
    outer loop
      vertex 2.78933 -10 1.10437
      vertex 2.62892 10 1.44526
      vertex 2.78933 10 1.10437
    endloop
  endfacet
  facet normal -0.904828 -0 -0.425778
    outer loop
      vertex 2.62892 10 1.44526
      vertex 2.78933 -10 1.10437
      vertex 2.62892 -10 1.44526
    endloop
  endfacet
  facet normal -0.58778 0 -0.809021
    outer loop
      vertex 1.60748 -10 2.53298
      vertex 1.91227 10 2.31154
      vertex 1.91227 -10 2.31154
    endloop
  endfacet
  facet normal -0.58778 0 -0.809021
    outer loop
      vertex 1.91227 10 2.31154
      vertex 1.60748 -10 2.53298
      vertex 1.60748 10 2.53298
    endloop
  endfacet
  facet normal -0.998026 0 -0.0628015
    outer loop
      vertex 3 -9.5 0
      vertex 2.97634 9.876 0.375999
      vertex 3 9.5 0
    endloop
  endfacet
  facet normal -0.998026 -0 -0.0628015
    outer loop
      vertex 2.97634 9.876 0.375999
      vertex 3 -9.5 0
      vertex 2.97634 -9.876 0.375999
    endloop
  endfacet
  facet normal -0.125326 1.44604e-05 -0.992116
    outer loop
      vertex 0.188371 -9.68837 2.99408
      vertex 0.562143 -10 2.94686
      vertex 0.5 -10 2.95471
    endloop
  endfacet
  facet normal -0.125337 0 -0.992114
    outer loop
      vertex 0.562143 -10 2.94686
      vertex 0.188371 -9.68837 2.99408
      vertex 0.562143 10 2.94686
    endloop
  endfacet
  facet normal -0.125337 -0 -0.992114
    outer loop
      vertex 0.188371 9.68837 2.99408
      vertex 0.562143 10 2.94686
      vertex 0.188371 -9.68837 2.99408
    endloop
  endfacet
  facet normal -0.125326 -1.44604e-05 -0.992116
    outer loop
      vertex 0.562143 10 2.94686
      vertex 0.188371 9.68837 2.99408
      vertex 0.5 10 2.95471
    endloop
  endfacet
  facet normal -0.951056 0 -0.309019
    outer loop
      vertex 2.90575 -10 0.746069
      vertex 2.78933 10 1.10437
      vertex 2.90575 10 0.746069
    endloop
  endfacet
  facet normal -0.951056 -0 -0.309019
    outer loop
      vertex 2.78933 10 1.10437
      vertex 2.90575 -10 0.746069
      vertex 2.78933 -10 1.10437
    endloop
  endfacet
  facet normal -0.248684 0 -0.968585
    outer loop
      vertex 0.562143 -10 2.94686
      vertex 0.927051 10 2.85317
      vertex 0.927051 -10 2.85317
    endloop
  endfacet
  facet normal -0.248684 0 -0.968585
    outer loop
      vertex 0.927051 10 2.85317
      vertex 0.562143 -10 2.94686
      vertex 0.562143 10 2.94686
    endloop
  endfacet
  facet normal -0.982287 3.46103e-05 -0.187381
    outer loop
      vertex 2.97634 9.876 0.375999
      vertex 2.90575 10 0.746069
      vertex 2.95269 10 0.5
    endloop
  endfacet
  facet normal -0.98229 0 -0.187369
    outer loop
      vertex 2.97634 -9.876 0.375999
      vertex 2.90575 10 0.746069
      vertex 2.97634 9.876 0.375999
    endloop
  endfacet
  facet normal -0.982287 -3.46103e-05 -0.187381
    outer loop
      vertex 2.90575 -10 0.746069
      vertex 2.97634 -9.876 0.375999
      vertex 2.95269 -10 0.5
    endloop
  endfacet
  facet normal -0.98229 0 -0.187369
    outer loop
      vertex 2.97634 -9.876 0.375999
      vertex 2.90575 -10 0.746069
      vertex 2.90575 10 0.746069
    endloop
  endfacet
  facet normal 0 0 -1
    outer loop
      vertex 0 -9.5 2.99408
      vertex 0.188371 9.68837 2.99408
      vertex 0.188371 -9.68837 2.99408
    endloop
  endfacet
  facet normal 0 0 -1
    outer loop
      vertex 0.188371 9.68837 2.99408
      vertex 0 -9.5 2.99408
      vertex 0 9.5 2.99408
    endloop
  endfacet
  facet normal -0.481762 0 -0.876302
    outer loop
      vertex 1.27734 -10 2.71448
      vertex 1.60748 10 2.53298
      vertex 1.60748 -10 2.53298
    endloop
  endfacet
  facet normal -0.481762 0 -0.876302
    outer loop
      vertex 1.60748 10 2.53298
      vertex 1.27734 -10 2.71448
      vertex 1.27734 10 2.71448
    endloop
  endfacet
  facet normal -0.684541 0 -0.728974
    outer loop
      vertex 1.91227 -10 2.31154
      vertex 2.18691 10 2.05364
      vertex 2.18691 -10 2.05364
    endloop
  endfacet
  facet normal -0.684541 0 -0.728974
    outer loop
      vertex 2.18691 10 2.05364
      vertex 1.91227 -10 2.31154
      vertex 1.91227 10 2.31154
    endloop
  endfacet
  facet normal -0.844331 0 -0.535822
    outer loop
      vertex 2.62892 -10 1.44526
      vertex 2.42705 10 1.76336
      vertex 2.62892 10 1.44526
    endloop
  endfacet
  facet normal -0.844331 -0 -0.535822
    outer loop
      vertex 2.42705 10 1.76336
      vertex 2.62892 -10 1.44526
      vertex 2.42705 -10 1.76336
    endloop
  endfacet
  facet normal -0.770514 0 -0.637423
    outer loop
      vertex 2.42705 -10 1.76336
      vertex 2.18691 10 2.05364
      vertex 2.42705 10 1.76336
    endloop
  endfacet
  facet normal -0.770514 -0 -0.637423
    outer loop
      vertex 2.18691 10 2.05364
      vertex 2.42705 -10 1.76336
      vertex 2.18691 -10 2.05364
    endloop
  endfacet
endsolid OpenSCAD_Model
