solid OpenSCAD_Model
  facet normal 0.4894985896596872 0.8720040887066857 0
    outer loop
      vertex 150.94117736816406 -63.235294342041016 -5
      vertex 147.2310028076172 -61.152591705322266 5
      vertex 150.94117736816406 -63.235294342041016 5
    endloop
  endfacet
  facet normal 0.4894985896596872 0.8720040887066857 0
    outer loop
      vertex 147.2310028076172 -61.152591705322266 5
      vertex 150.94117736816406 -63.235294342041016 -5
      vertex 147.2310028076172 -61.152591705322266 -5
    endloop
  endfacet
  facet normal 0.4861252843653579 0.8738891279222439 0
    outer loop
      vertex 147.2310028076172 -61.152591705322266 -5
      vertex 143.52008056640625 -59.088287353515625 5
      vertex 147.2310028076172 -61.152591705322266 5
    endloop
  endfacet
  facet normal 0.4861252843653579 0.8738891279222439 0
    outer loop
      vertex 143.52008056640625 -59.088287353515625 5
      vertex 147.2310028076172 -61.152591705322266 -5
      vertex 143.52008056640625 -59.088287353515625 -5
    endloop
  endfacet
  facet normal 0.48273231185310195 0.8757679573339958 0
    outer loop
      vertex 143.52008056640625 -59.088287353515625 -5
      vertex 139.8084259033203 -57.04238510131836 5
      vertex 143.52008056640625 -59.088287353515625 5
    endloop
  endfacet
  facet normal 0.48273231185310195 0.8757679573339958 0
    outer loop
      vertex 139.8084259033203 -57.04238510131836 5
      vertex 143.52008056640625 -59.088287353515625 -5
      vertex 139.8084259033203 -57.04238510131836 -5
    endloop
  endfacet
  facet normal 0.4793179906510861 0.8776413070487312 0
    outer loop
      vertex 139.8084259033203 -57.04238510131836 -5
      vertex 136.0960235595703 -55.0148811340332 5
      vertex 139.8084259033203 -57.04238510131836 5
    endloop
  endfacet
  facet normal 0.4793179906510861 0.8776413070487312 0
    outer loop
      vertex 136.0960235595703 -55.0148811340332 5
      vertex 139.8084259033203 -57.04238510131836 -5
      vertex 136.0960235595703 -55.0148811340332 -5
    endloop
  endfacet
  facet normal 0.47588175726479925 0.8795092683437546 0
    outer loop
      vertex 136.0960235595703 -55.0148811340332 -5
      vertex 132.38287353515625 -53.00578308105469 5
      vertex 136.0960235595703 -55.0148811340332 5
    endloop
  endfacet
  facet normal 0.47588175726479925 0.8795092683437546 0
    outer loop
      vertex 132.38287353515625 -53.00578308105469 5
      vertex 136.0960235595703 -55.0148811340332 -5
      vertex 132.38287353515625 -53.00578308105469 -5
    endloop
  endfacet
  facet normal 0.47242127050481275 0.8813728740860015 0
    outer loop
      vertex 132.38287353515625 -53.00578308105469 -5
      vertex 128.6689453125 -51.01509475708008 5
      vertex 132.38287353515625 -53.00578308105469 5
    endloop
  endfacet
  facet normal 0.47242127050481275 0.8813728740860015 0
    outer loop
      vertex 128.6689453125 -51.01509475708008 5
      vertex 132.38287353515625 -53.00578308105469 -5
      vertex 128.6689453125 -51.01509475708008 -5
    endloop
  endfacet
  facet normal 0.4689424712435816 0.8832287125450365 0
    outer loop
      vertex 128.6689453125 -51.01509475708008 -5
      vertex 124.95425415039062 -49.04281234741211 5
      vertex 128.6689453125 -51.01509475708008 5
    endloop
  endfacet
  facet normal 0.4689424712435816 0.8832287125450365 0
    outer loop
      vertex 124.95425415039062 -49.04281234741211 5
      vertex 128.6689453125 -51.01509475708008 -5
      vertex 124.95425415039062 -49.04281234741211 -5
    endloop
  endfacet
  facet normal 0.46544023045251176 0.8850793138901806 0
    outer loop
      vertex 124.95425415039062 -49.04281234741211 -5
      vertex 121.23878479003906 -47.08894348144531 5
      vertex 124.95425415039062 -49.04281234741211 5
    endloop
  endfacet
  facet normal 0.46544023045251176 0.8850793138901806 0
    outer loop
      vertex 121.23878479003906 -47.08894348144531 5
      vertex 124.95425415039062 -49.04281234741211 -5
      vertex 121.23878479003906 -47.08894348144531 -5
    endloop
  endfacet
  facet normal 0.4619174698528201 0.886922911557013 0
    outer loop
      vertex 121.23878479003906 -47.08894348144531 -5
      vertex 117.52253723144531 -45.15348815917969 5
      vertex 121.23878479003906 -47.08894348144531 5
    endloop
  endfacet
  facet normal 0.4619174698528201 0.886922911557013 0
    outer loop
      vertex 117.52253723144531 -45.15348815917969 5
      vertex 121.23878479003906 -47.08894348144531 -5
      vertex 117.52253723144531 -45.15348815917969 -5
    endloop
  endfacet
  facet normal 0.45837201608950756 0.888760426023819 0
    outer loop
      vertex 117.52253723144531 -45.15348815917969 -5
      vertex 113.80550384521484 -43.236454010009766 5
      vertex 117.52253723144531 -45.15348815917969 5
    endloop
  endfacet
  facet normal 0.45837201608950756 0.888760426023819 0
    outer loop
      vertex 113.80550384521484 -43.236454010009766 5
      vertex 117.52253723144531 -45.15348815917969 -5
      vertex 113.80550384521484 -43.236454010009766 -5
    endloop
  endfacet
  facet normal 0.4548060404481145 0.8905905150920416 0
    outer loop
      vertex 113.80550384521484 -43.236454010009766 -5
      vertex 110.08767700195312 -41.33783721923828 5
      vertex 113.80550384521484 -43.236454010009766 5
    endloop
  endfacet
  facet normal 0.4548060404481145 0.8905905150920416 0
    outer loop
      vertex 110.08767700195312 -41.33783721923828 5
      vertex 113.80550384521484 -43.236454010009766 -5
      vertex 110.08767700195312 -41.33783721923828 -5
    endloop
  endfacet
  facet normal 0.4512173953118627 0.892414064304221 0
    outer loop
      vertex 110.08767700195312 -41.33783721923828 -5
      vertex 106.36904907226562 -39.457645416259766 5
      vertex 110.08767700195312 -41.33783721923828 5
    endloop
  endfacet
  facet normal 0.4512173953118627 0.892414064304221 0
    outer loop
      vertex 106.36904907226562 -39.457645416259766 5
      vertex 110.08767700195312 -41.33783721923828 -5
      vertex 106.36904907226562 -39.457645416259766 -5
    endloop
  endfacet
  facet normal 0.4476068189531649 0.8942304712022671 0
    outer loop
      vertex 106.36904907226562 -39.457645416259766 -5
      vertex 102.64961242675781 -37.595882415771484 5
      vertex 106.36904907226562 -39.457645416259766 5
    endloop
  endfacet
  facet normal 0.4476068189531649 0.8942304712022671 0
    outer loop
      vertex 102.64961242675781 -37.595882415771484 5
      vertex 106.36904907226562 -39.457645416259766 -5
      vertex 102.64961242675781 -37.595882415771484 -5
    endloop
  endfacet
  facet normal 0.44397507091682015 0.89603913776375 0
    outer loop
      vertex 102.64961242675781 -37.595882415771484 -5
      vertex 98.92935943603516 -35.75254821777344 5
      vertex 102.64961242675781 -37.595882415771484 5
    endloop
  endfacet
  facet normal 0.44397507091682015 0.89603913776375 0
    outer loop
      vertex 98.92935943603516 -35.75254821777344 5
      vertex 102.64961242675781 -37.595882415771484 -5
      vertex 98.92935943603516 -35.75254821777344 -5
    endloop
  endfacet
  facet normal 0.44032217586233763 0.8978398417556757 0
    outer loop
      vertex 98.92935943603516 -35.75254821777344 -5
      vertex 95.20829010009766 -33.92764663696289 5
      vertex 98.92935943603516 -35.75254821777344 5
    endloop
  endfacet
  facet normal 0.44032217586233763 0.8978398417556757 0
    outer loop
      vertex 95.20829010009766 -33.92764663696289 5
      vertex 98.92935943603516 -35.75254821777344 -5
      vertex 95.20829010009766 -33.92764663696289 -5
    endloop
  endfacet
  facet normal 0.436646683230484 0.8996330774398067 0
    outer loop
      vertex 95.20829010009766 -33.92764663696289 -5
      vertex 91.48639678955078 -32.121185302734375 5
      vertex 95.20829010009766 -33.92764663696289 5
    endloop
  endfacet
  facet normal 0.436646683230484 0.8996330774398067 0
    outer loop
      vertex 91.48639678955078 -32.121185302734375 5
      vertex 95.20829010009766 -33.92764663696289 -5
      vertex 91.48639678955078 -32.121185302734375 -5
    endloop
  endfacet
  facet normal 0.43295049067962427 0.9014177015237013 0
    outer loop
      vertex 91.48639678955078 -32.121185302734375 -5
      vertex 87.763671875 -30.333162307739258 5
      vertex 91.48639678955078 -32.121185302734375 5
    endloop
  endfacet
  facet normal 0.43295049067962427 0.9014177015237013 0
    outer loop
      vertex 87.763671875 -30.333162307739258 5
      vertex 91.48639678955078 -32.121185302734375 -5
      vertex 87.763671875 -30.333162307739258 -5
    endloop
  endfacet
  facet normal 0.42923142883874327 0.90319454188843 0
    outer loop
      vertex 87.763671875 -30.333162307739258 -5
      vertex 84.04010009765625 -28.563583374023438 5
      vertex 87.763671875 -30.333162307739258 5
    endloop
  endfacet
  facet normal 0.42923142883874327 0.90319454188843 0
    outer loop
      vertex 84.04010009765625 -28.563583374023438 5
      vertex 87.763671875 -30.333162307739258 -5
      vertex 84.04010009765625 -28.563583374023438 -5
    endloop
  endfacet
  facet normal 0.4254916864327123 0.9049623333468894 0
    outer loop
      vertex 84.04010009765625 -28.563583374023438 -5
      vertex 80.31568908691406 -26.812454223632812 5
      vertex 84.04010009765625 -28.563583374023438 5
    endloop
  endfacet
  facet normal 0.4254916864327123 0.9049623333468894 0
    outer loop
      vertex 80.31568908691406 -26.812454223632812 5
      vertex 84.04010009765625 -28.563583374023438 -5
      vertex 80.31568908691406 -26.812454223632812 -5
    endloop
  endfacet
  facet normal 0.42173062544894746 0.9067211696869328 0
    outer loop
      vertex 80.31568908691406 -26.812454223632812 -5
      vertex 76.5904312133789 -25.079776763916016 5
      vertex 80.31568908691406 -26.812454223632812 5
    endloop
  endfacet
  facet normal 0.42173062544894746 0.9067211696869328 0
    outer loop
      vertex 76.5904312133789 -25.079776763916016 5
      vertex 80.31568908691406 -26.812454223632812 -5
      vertex 76.5904312133789 -25.079776763916016 -5
    endloop
  endfacet
  facet normal 0.4179472136517832 0.9084713130312431 0
    outer loop
      vertex 76.5904312133789 -25.079776763916016 -5
      vertex 72.86431121826172 -23.365554809570312 5
      vertex 76.5904312133789 -25.079776763916016 5
    endloop
  endfacet
  facet normal 0.4179472136517832 0.9084713130312431 0
    outer loop
      vertex 72.86431121826172 -23.365554809570312 5
      vertex 76.5904312133789 -25.079776763916016 -5
      vertex 72.86431121826172 -23.365554809570312 -5
    endloop
  endfacet
  facet normal 0.41414292351057586 0.9102118648458244 0
    outer loop
      vertex 72.86431121826172 -23.365554809570312 -5
      vertex 69.1373291015625 -21.66979217529297 5
      vertex 72.86431121826172 -23.365554809570312 5
    endloop
  endfacet
  facet normal 0.41414292351057586 0.9102118648458244 0
    outer loop
      vertex 69.1373291015625 -21.66979217529297 5
      vertex 72.86431121826172 -23.365554809570312 -5
      vertex 69.1373291015625 -21.66979217529297 -5
    endloop
  endfacet
  facet normal 0.41031671749213894 0.9119430855851017 0
    outer loop
      vertex 69.1373291015625 -21.66979217529297 -5
      vertex 65.40947723388672 -19.992494583129883 5
      vertex 69.1373291015625 -21.66979217529297 5
    endloop
  endfacet
  facet normal 0.41031671749213894 0.9119430855851017 0
    outer loop
      vertex 65.40947723388672 -19.992494583129883 5
      vertex 69.1373291015625 -21.66979217529297 -5
      vertex 65.40947723388672 -19.992494583129883 -5
    endloop
  endfacet
  facet normal 0.4064697819525432 0.9136642251721646 0
    outer loop
      vertex 65.40947723388672 -19.992494583129883 -5
      vertex 61.68075180053711 -18.333663940429688 5
      vertex 65.40947723388672 -19.992494583129883 5
    endloop
  endfacet
  facet normal 0.4064697819525432 0.9136642251721646 0
    outer loop
      vertex 61.68075180053711 -18.333663940429688 5
      vertex 65.40947723388672 -19.992494583129883 -5
      vertex 61.68075180053711 -18.333663940429688 -5
    endloop
  endfacet
  facet normal 0.4026003200544507 0.9153758694066902 0
    outer loop
      vertex 61.68075180053711 -18.333663940429688 -5
      vertex 57.951141357421875 -16.693307876586914 5
      vertex 61.68075180053711 -18.333663940429688 5
    endloop
  endfacet
  facet normal 0.4026003200544507 0.9153758694066902 0
    outer loop
      vertex 57.951141357421875 -16.693307876586914 5
      vertex 61.68075180053711 -18.333663940429688 -5
      vertex 57.951141357421875 -16.693307876586914 -5
    endloop
  endfacet
  facet normal 0.3987109548538111 0.9170766459132859 0
    outer loop
      vertex 57.951141357421875 -16.693307876586914 -5
      vertex 54.22064971923828 -15.071428298950195 5
      vertex 57.951141357421875 -16.693307876586914 5
    endloop
  endfacet
  facet normal 0.3987109548538111 0.9170766459132859 0
    outer loop
      vertex 54.22064971923828 -15.071428298950195 5
      vertex 57.951141357421875 -16.693307876586914 -5
      vertex 54.22064971923828 -15.071428298950195 -5
    endloop
  endfacet
  facet normal 0.39479965249800947 0.9187672362396533 0
    outer loop
      vertex 54.22064971923828 -15.071428298950195 -5
      vertex 50.489261627197266 -13.468029022216797 5
      vertex 54.22064971923828 -15.071428298950195 5
    endloop
  endfacet
  facet normal 0.39479965249800947 0.9187672362396533 0
    outer loop
      vertex 50.489261627197266 -13.468029022216797 5
      vertex 54.22064971923828 -15.071428298950195 -5
      vertex 50.489261627197266 -13.468029022216797 -5
    endloop
  endfacet
  facet normal 0.39086692801025014 0.9204471981530662 0
    outer loop
      vertex 50.489261627197266 -13.468029022216797 -5
      vertex 46.75697326660156 -11.883116722106934 5
      vertex 50.489261627197266 -13.468029022216797 5
    endloop
  endfacet
  facet normal 0.39086692801025014 0.9204471981530662 0
    outer loop
      vertex 46.75697326660156 -11.883116722106934 5
      vertex 50.489261627197266 -13.468029022216797 -5
      vertex 46.75697326660156 -11.883116722106934 -5
    endloop
  endfacet
  facet normal 0.3869134552464665 0.9221160329097637 0
    outer loop
      vertex 46.75697326660156 -11.883116722106934 -5
      vertex 43.023780822753906 -10.316695213317871 5
      vertex 46.75697326660156 -11.883116722106934 5
    endloop
  endfacet
  facet normal 0.3869134552464665 0.9221160329097637 0
    outer loop
      vertex 43.023780822753906 -10.316695213317871 5
      vertex 46.75697326660156 -11.883116722106934 -5
      vertex 43.023780822753906 -10.316695213317871 -5
    endloop
  endfacet
  facet normal 0.38293911986979134 0.9237735818225967 0
    outer loop
      vertex 43.023780822753906 -10.316695213317871 -5
      vertex 39.28968048095703 -8.768769264221191 5
      vertex 43.023780822753906 -10.316695213317871 5
    endloop
  endfacet
  facet normal 0.38293911986979134 0.9237735818225967 0
    outer loop
      vertex 39.28968048095703 -8.768769264221191 5
      vertex 43.023780822753906 -10.316695213317871 -5
      vertex 39.28968048095703 -8.768769264221191 -5
    endloop
  endfacet
  facet normal 0.3789433475892564 0.9254198719056383 0
    outer loop
      vertex 39.28968048095703 -8.768769264221191 -5
      vertex 35.55466079711914 -7.239343643188477 5
      vertex 39.28968048095703 -8.768769264221191 5
    endloop
  endfacet
  facet normal 0.3789433475892564 0.9254198719056383 0
    outer loop
      vertex 35.55466079711914 -7.239343643188477 5
      vertex 39.28968048095703 -8.768769264221191 -5
      vertex 35.55466079711914 -7.239343643188477 -5
    endloop
  endfacet
  facet normal 0.37492703006135003 0.9270543253387988 0
    outer loop
      vertex 35.55466079711914 -7.239343643188477 -5
      vertex 31.818721771240234 -5.728424072265625 5
      vertex 35.55466079711914 -7.239343643188477 5
    endloop
  endfacet
  facet normal 0.37492703006135003 0.9270543253387988 0
    outer loop
      vertex 31.818721771240234 -5.728424072265625 5
      vertex 35.55466079711914 -7.239343643188477 -5
      vertex 31.818721771240234 -5.728424072265625 -5
    endloop
  endfacet
  facet normal 0.3708898477391439 0.9286768656772035 0
    outer loop
      vertex 31.818721771240234 -5.728424072265625 -5
      vertex 28.08185386657715 -4.236014366149902 5
      vertex 31.818721771240234 -5.728424072265625 5
    endloop
  endfacet
  facet normal 0.3708898477391439 0.9286768656772035 0
    outer loop
      vertex 28.08185386657715 -4.236014366149902 5
      vertex 31.818721771240234 -5.728424072265625 -5
      vertex 28.08185386657715 -4.236014366149902 -5
    endloop
  endfacet
  facet normal 0.36683178801902844 0.9302872885828132 0
    outer loop
      vertex 28.08185386657715 -4.236014366149902 -5
      vertex 24.344053268432617 -2.7621212005615234 5
      vertex 28.08185386657715 -4.236014366149902 5
    endloop
  endfacet
  facet normal 0.36683178801902844 0.9302872885828132 0
    outer loop
      vertex 24.344053268432617 -2.7621212005615234 5
      vertex 28.08185386657715 -4.236014366149902 -5
      vertex 24.344053268432617 -2.7621212005615234 -5
    endloop
  endfacet
  facet normal 0.36275336600061026 0.9318851836225466 0
    outer loop
      vertex 24.344053268432617 -2.7621212005615234 -5
      vertex 20.605316162109375 -1.3067493438720703 5
      vertex 24.344053268432617 -2.7621212005615234 5
    endloop
  endfacet
  facet normal 0.36275336600061026 0.9318851836225466 0
    outer loop
      vertex 20.605316162109375 -1.3067493438720703 5
      vertex 24.344053268432617 -2.7621212005615234 -5
      vertex 20.605316162109375 -1.3067493438720703 -5
    endloop
  endfacet
  facet normal 0.3586540093311719 0.9334705681437823 0
    outer loop
      vertex 20.605316162109375 -1.3067493438720703 -5
      vertex 16.865633010864258 0.1300954818725586 5
      vertex 20.605316162109375 -1.3067493438720703 5
    endloop
  endfacet
  facet normal 0.3586540093311719 0.9334705681437823 0
    outer loop
      vertex 16.865633010864258 0.1300954818725586 5
      vertex 20.605316162109375 -1.3067493438720703 -5
      vertex 16.865633010864258 0.1300954818725586 -5
    endloop
  endfacet
  facet normal 0.3545347649625794 0.9350428334749851 0
    outer loop
      vertex 16.865633010864258 0.1300954818725586 -5
      vertex 13.12500286102295 1.5484085083007812 5
      vertex 16.865633010864258 0.1300954818725586 5
    endloop
  endfacet
  facet normal 0.3545347649625794 0.9350428334749851 0
    outer loop
      vertex 13.12500286102295 1.5484085083007812 5
      vertex 16.865633010864258 0.1300954818725586 -5
      vertex 13.12500286102295 1.5484085083007812 -5
    endloop
  endfacet
  facet normal 0.3503949923668648 0.9366020229127336 0
    outer loop
      vertex 13.12500286102295 1.5484085083007812 -5
      vertex 9.383418083190918 2.948184013366699 5
      vertex 13.12500286102295 1.5484085083007812 5
    endloop
  endfacet
  facet normal 0.3503949923668648 0.9366020229127336 0
    outer loop
      vertex 9.383418083190918 2.948184013366699 5
      vertex 13.12500286102295 1.5484085083007812 -5
      vertex 9.383418083190918 2.948184013366699 -5
    endloop
  endfacet
  facet normal 0.3462350582251995 0.9381477945695937 0
    outer loop
      vertex 9.383418083190918 2.948184013366699 -5
      vertex 5.640873908996582 4.329416275024414 5
      vertex 9.383418083190918 2.948184013366699 5
    endloop
  endfacet
  facet normal 0.3462350582251995 0.9381477945695937 0
    outer loop
      vertex 5.640873908996582 4.329416275024414 5
      vertex 9.383418083190918 2.948184013366699 -5
      vertex 5.640873908996582 4.329416275024414 -5
    endloop
  endfacet
  facet normal 0.3420551722287012 0.9396798705684791 0
    outer loop
      vertex 5.640873908996582 4.329416275024414 -5
      vertex 1.8973665237426758 5.692099571228027 5
      vertex 5.640873908996582 4.329416275024414 5
    endloop
  endfacet
  facet normal 0.3420551722287012 0.9396798705684791 0
    outer loop
      vertex 1.8973665237426758 5.692099571228027 5
      vertex 5.640873908996582 4.329416275024414 -5
      vertex 1.8973665237426758 5.692099571228027 -5
    endloop
  endfacet
  facet normal -0.9486832980505138 0.31622776601683794 0
    outer loop
      vertex 0 0 -5
      vertex 1.8973665237426758 5.692099571228027 5
      vertex 1.8973665237426758 5.692099571228027 -5
    endloop
  endfacet
  facet normal -0.9486832980505138 0.31622776601683794 0
    outer loop
      vertex 1.8973665237426758 5.692099571228027 5
      vertex 0 0 -5
      vertex 0 0 5
    endloop
  endfacet
  facet normal -0.29413764685578175 -0.9557630693336834 0
    outer loop
      vertex 0 -6.276017665863037 -5
      vertex 1.8591251373291016 -6.848166465759277 5
      vertex 0 -6.276017665863037 5
    endloop
  endfacet
  facet normal -0.29413764685578175 -0.9557630693336834 0
    outer loop
      vertex 1.8591251373291016 -6.848166465759277 5
      vertex 0 -6.276017665863037 -5
      vertex 1.8591251373291016 -6.848166465759277 -5
    endloop
  endfacet
  facet normal -0.2984629864646422 -0.9544212097971245 0
    outer loop
      vertex 1.8591251373291016 -6.848166465759277 -5
      vertex 5.616580963134766 -8.023183822631836 5
      vertex 1.8591251373291016 -6.848166465759277 5
    endloop
  endfacet
  facet normal -0.2984629864646422 -0.9544212097971245 0
    outer loop
      vertex 5.616580963134766 -8.023183822631836 5
      vertex 1.8591251373291016 -6.848166465759277 -5
      vertex 5.616580963134766 -8.023183822631836 -5
    endloop
  endfacet
  facet normal -0.3027695932986042 -0.9530637824268625 0
    outer loop
      vertex 5.616580963134766 -8.023183822631836 -5
      vertex 9.374996185302734 -9.217158317565918 5
      vertex 5.616580963134766 -8.023183822631836 5
    endloop
  endfacet
  facet normal -0.3027695932986042 -0.9530637824268625 0
    outer loop
      vertex 9.374996185302734 -9.217158317565918 5
      vertex 5.616580963134766 -8.023183822631836 -5
      vertex 9.374996185302734 -9.217158317565918 -5
    endloop
  endfacet
  facet normal -0.30705721412022363 -0.9516910566232759 0
    outer loop
      vertex 9.374996185302734 -9.217158317565918 -5
      vertex 13.134366035461426 -10.430095672607422 5
      vertex 9.374996185302734 -9.217158317565918 5
    endloop
  endfacet
  facet normal -0.30705721412022363 -0.9516910566232759 0
    outer loop
      vertex 13.134366035461426 -10.430095672607422 5
      vertex 9.374996185302734 -9.217158317565918 -5
      vertex 13.134366035461426 -10.430095672607422 -5
    endloop
  endfacet
  facet normal -0.3113254257675591 -0.9503033617064859 0
    outer loop
      vertex 13.134366035461426 -10.430095672607422 -5
      vertex 16.894683837890625 -11.661999702453613 5
      vertex 13.134366035461426 -10.430095672607422 5
    endloop
  endfacet
  facet normal -0.3113254257675591 -0.9503033617064859 0
    outer loop
      vertex 16.894683837890625 -11.661999702453613 5
      vertex 13.134366035461426 -10.430095672607422 -5
      vertex 16.894683837890625 -11.661999702453613 -5
    endloop
  endfacet
  facet normal -0.3155748354278011 -0.9489006919824204 0
    outer loop
      vertex 16.894683837890625 -11.661999702453613 -5
      vertex 20.65594482421875 -12.912878036499023 5
      vertex 16.894683837890625 -11.661999702453613 5
    endloop
  endfacet
  facet normal -0.3155748354278011 -0.9489006919824204 0
    outer loop
      vertex 20.65594482421875 -12.912878036499023 5
      vertex 16.894683837890625 -11.661999702453613 -5
      vertex 20.65594482421875 -12.912878036499023 -5
    endloop
  endfacet
  facet normal -0.319804453294819 -0.9474835680120272 0
    outer loop
      vertex 20.65594482421875 -12.912878036499023 -5
      vertex 24.41814422607422 -14.182734489440918 5
      vertex 20.65594482421875 -12.912878036499023 5
    endloop
  endfacet
  facet normal -0.319804453294819 -0.9474835680120272 0
    outer loop
      vertex 24.41814422607422 -14.182734489440918 5
      vertex 20.65594482421875 -12.912878036499023 -5
      vertex 24.41814422607422 -14.182734489440918 -5
    endloop
  endfacet
  facet normal -0.324014739144223 -0.9460520328276354 0
    outer loop
      vertex 24.41814422607422 -14.182734489440918 -5
      vertex 28.181278228759766 -15.471575736999512 5
      vertex 24.41814422607422 -14.182734489440918 5
    endloop
  endfacet
  facet normal -0.324014739144223 -0.9460520328276354 0
    outer loop
      vertex 28.181278228759766 -15.471575736999512 5
      vertex 24.41814422607422 -14.182734489440918 -5
      vertex 28.181278228759766 -15.471575736999512 -5
    endloop
  endfacet
  facet normal -0.32820523185719647 -0.9446064396252887 0
    outer loop
      vertex 28.181278228759766 -15.471575736999512 -5
      vertex 31.94533920288086 -16.77940559387207 5
      vertex 28.181278228759766 -15.471575736999512 5
    endloop
  endfacet
  facet normal -0.32820523185719647 -0.9446064396252887 0
    outer loop
      vertex 31.94533920288086 -16.77940559387207 5
      vertex 28.181278228759766 -15.471575736999512 -5
      vertex 31.94533920288086 -16.77940559387207 -5
    endloop
  endfacet
  facet normal -0.3323762614416805 -0.9431468712931469 0
    outer loop
      vertex 31.94533920288086 -16.77940559387207 -5
      vertex 35.71031951904297 -18.106229782104492 5
      vertex 31.94533920288086 -16.77940559387207 5
    endloop
  endfacet
  facet normal -0.3323762614416805 -0.9431468712931469 0
    outer loop
      vertex 35.71031951904297 -18.106229782104492 5
      vertex 31.94533920288086 -16.77940559387207 -5
      vertex 35.71031951904297 -18.106229782104492 -5
    endloop
  endfacet
  facet normal -0.3365269149420821 -0.9416738477411192 0
    outer loop
      vertex 35.71031951904297 -18.106229782104492 -5
      vertex 39.476219177246094 -19.45205307006836 5
      vertex 35.71031951904297 -18.106229782104492 5
    endloop
  endfacet
  facet normal -0.3365269149420821 -0.9416738477411192 0
    outer loop
      vertex 39.476219177246094 -19.45205307006836 5
      vertex 35.71031951904297 -18.106229782104492 -5
      vertex 39.476219177246094 -19.45205307006836 -5
    endloop
  endfacet
  facet normal -0.34065863290228815 -0.9401870536383407 0
    outer loop
      vertex 39.476219177246094 -19.45205307006836 -5
      vertex 43.24302673339844 -20.816883087158203 5
      vertex 39.476219177246094 -19.45205307006836 5
    endloop
  endfacet
  facet normal -0.34065863290228815 -0.9401870536383407 0
    outer loop
      vertex 43.24302673339844 -20.816883087158203 5
      vertex 39.476219177246094 -19.45205307006836 -5
      vertex 43.24302673339844 -20.816883087158203 -5
    endloop
  endfacet
  facet normal -0.3447690387106224 -0.9386875464959324 0
    outer loop
      vertex 43.24302673339844 -20.816883087158203 -5
      vertex 47.010738372802734 -22.200719833374023 5
      vertex 43.24302673339844 -20.816883087158203 5
    endloop
  endfacet
  facet normal -0.3447690387106224 -0.9386875464959324 0
    outer loop
      vertex 47.010738372802734 -22.200719833374023 5
      vertex 43.24302673339844 -20.816883087158203 -5
      vertex 47.010738372802734 -22.200719833374023 -5
    endloop
  endfacet
  facet normal -0.34885972595836023 -0.937174952505805 0
    outer loop
      vertex 47.010738372802734 -22.200719833374023 -5
      vertex 50.77935028076172 -23.60357093811035 5
      vertex 47.010738372802734 -22.200719833374023 5
    endloop
  endfacet
  facet normal -0.34885972595836023 -0.937174952505805 0
    outer loop
      vertex 50.77935028076172 -23.60357093811035 5
      vertex 47.010738372802734 -22.200719833374023 -5
      vertex 50.77935028076172 -23.60357093811035 -5
    endloop
  endfacet
  facet normal -0.3529300846676881 -0.9356496969146404 0
    outer loop
      vertex 50.77935028076172 -23.60357093811035 -5
      vertex 54.54885482788086 -25.025440216064453 5
      vertex 50.77935028076172 -23.60357093811035 5
    endloop
  endfacet
  facet normal -0.3529300846676881 -0.9356496969146404 0
    outer loop
      vertex 54.54885482788086 -25.025440216064453 5
      vertex 50.77935028076172 -23.60357093811035 -5
      vertex 54.54885482788086 -25.025440216064453 -5
    endloop
  endfacet
  facet normal -0.3569801428846734 -0.9341119727238476 0
    outer loop
      vertex 54.54885482788086 -25.025440216064453 -5
      vertex 58.31924819946289 -26.466333389282227 5
      vertex 54.54885482788086 -25.025440216064453 5
    endloop
  endfacet
  facet normal -0.3569801428846734 -0.9341119727238476 0
    outer loop
      vertex 58.31924819946289 -26.466333389282227 5
      vertex 54.54885482788086 -25.025440216064453 -5
      vertex 58.31924819946289 -26.466333389282227 -5
    endloop
  endfacet
  facet normal -0.36100972926843733 -0.9325620490742317 0
    outer loop
      vertex 58.31924819946289 -26.466333389282227 -5
      vertex 62.09052276611328 -27.926254272460938 5
      vertex 58.31924819946289 -26.466333389282227 5
    endloop
  endfacet
  facet normal -0.36100972926843733 -0.9325620490742317 0
    outer loop
      vertex 62.09052276611328 -27.926254272460938 5
      vertex 58.31924819946289 -26.466333389282227 -5
      vertex 62.09052276611328 -27.926254272460938 -5
    endloop
  endfacet
  facet normal -0.36501837495704675 -0.9310003146850793 0
    outer loop
      vertex 62.09052276611328 -27.926254272460938 -5
      vertex 65.8626708984375 -29.40520477294922 5
      vertex 62.09052276611328 -27.926254272460938 5
    endloop
  endfacet
  facet normal -0.36501837495704675 -0.9310003146850793 0
    outer loop
      vertex 65.8626708984375 -29.40520477294922 5
      vertex 62.09052276611328 -27.926254272460938 -5
      vertex 65.8626708984375 -29.40520477294922 -5
    endloop
  endfacet
  facet normal -0.3690073308089277 -0.9294264843489617 0
    outer loop
      vertex 65.8626708984375 -29.40520477294922 -5
      vertex 69.63568878173828 -30.903194427490234 5
      vertex 65.8626708984375 -29.40520477294922 5
    endloop
  endfacet
  facet normal -0.3690073308089277 -0.9294264843489617 0
    outer loop
      vertex 69.63568878173828 -30.903194427490234 5
      vertex 65.8626708984375 -29.40520477294922 -5
      vertex 69.63568878173828 -30.903194427490234 -5
    endloop
  endfacet
  facet normal -0.37297482370895363 -0.9278414632248738 0
    outer loop
      vertex 69.63568878173828 -30.903194427490234 -5
      vertex 73.4095687866211 -32.420223236083984 5
      vertex 69.63568878173828 -30.903194427490234 5
    endloop
  endfacet
  facet normal -0.37297482370895363 -0.9278414632248738 0
    outer loop
      vertex 73.4095687866211 -32.420223236083984 5
      vertex 69.63568878173828 -30.903194427490234 -5
      vertex 73.4095687866211 -32.420223236083984 -5
    endloop
  endfacet
  facet normal -0.37692096734470343 -0.9262454234035021 0
    outer loop
      vertex 73.4095687866211 -32.420223236083984 -5
      vertex 77.18431091308594 -33.956295013427734 5
      vertex 73.4095687866211 -32.420223236083984 5
    endloop
  endfacet
  facet normal -0.37692096734470343 -0.9262454234035021 0
    outer loop
      vertex 77.18431091308594 -33.956295013427734 5
      vertex 73.4095687866211 -32.420223236083984 -5
      vertex 77.18431091308594 -33.956295013427734 -5
    endloop
  endfacet
  facet normal -0.3808470196197242 -0.9246380630532001 0
    outer loop
      vertex 77.18431091308594 -33.956295013427734 -5
      vertex 80.95989990234375 -35.51141357421875 5
      vertex 77.18431091308594 -33.956295013427734 5
    endloop
  endfacet
  facet normal -0.3808470196197242 -0.9246380630532001 0
    outer loop
      vertex 80.95989990234375 -35.51141357421875 5
      vertex 77.18431091308594 -33.956295013427734 -5
      vertex 80.95989990234375 -35.51141357421875 -5
    endloop
  endfacet
  facet normal -0.38475308467086494 -0.923019535999241 0
    outer loop
      vertex 80.95989990234375 -35.51141357421875 -5
      vertex 84.736328125 -37.08558654785156 5
      vertex 80.95989990234375 -35.51141357421875 5
    endloop
  endfacet
  facet normal -0.38475308467086494 -0.923019535999241 0
    outer loop
      vertex 84.736328125 -37.08558654785156 5
      vertex 80.95989990234375 -35.51141357421875 -5
      vertex 84.736328125 -37.08558654785156 -5
    endloop
  endfacet
  facet normal -0.38863619927956816 -0.9213912874612674 0
    outer loop
      vertex 84.736328125 -37.08558654785156 -5
      vertex 88.51360321044922 -38.67881393432617 5
      vertex 84.736328125 -37.08558654785156 5
    endloop
  endfacet
  facet normal -0.38863619927956816 -0.9213912874612674 0
    outer loop
      vertex 88.51360321044922 -38.67881393432617 5
      vertex 84.736328125 -37.08558654785156 -5
      vertex 88.51360321044922 -38.67881393432617 -5
    endloop
  endfacet
  facet normal -0.39249911554445416 -0.9197523820555299 0
    outer loop
      vertex 88.51360321044922 -38.67881393432617 -5
      vertex 92.29170989990234 -40.291099548339844 5
      vertex 88.51360321044922 -38.67881393432617 5
    endloop
  endfacet
  facet normal -0.39249911554445416 -0.9197523820555299 0
    outer loop
      vertex 92.29170989990234 -40.291099548339844 5
      vertex 88.51360321044922 -38.67881393432617 -5
      vertex 92.29170989990234 -40.291099548339844 -5
    endloop
  endfacet
  facet normal -0.3963419227804749 -0.9181029791078319 0
    outer loop
      vertex 92.29170989990234 -40.291099548339844 -5
      vertex 96.07064056396484 -41.92245101928711 5
      vertex 92.29170989990234 -40.291099548339844 5
    endloop
  endfacet
  facet normal -0.3963419227804749 -0.9181029791078319 0
    outer loop
      vertex 96.07064056396484 -41.92245101928711 5
      vertex 92.29170989990234 -40.291099548339844 -5
      vertex 96.07064056396484 -41.92245101928711 -5
    endloop
  endfacet
  facet normal -0.4001630281331458 -0.9164439704178925 0
    outer loop
      vertex 96.07064056396484 -41.92245101928711 -5
      vertex 99.85038757324219 -43.57286834716797 5
      vertex 96.07064056396484 -41.92245101928711 5
    endloop
  endfacet
  facet normal -0.4001630281331458 -0.9164439704178925 0
    outer loop
      vertex 99.85038757324219 -43.57286834716797 5
      vertex 96.07064056396484 -41.92245101928711 -5
      vertex 99.85038757324219 -43.57286834716797 -5
    endloop
  endfacet
  facet normal -0.403962512516663 -0.9147755399447588 0
    outer loop
      vertex 99.85038757324219 -43.57286834716797 -5
      vertex 103.63095092773438 -45.24235534667969 5
      vertex 99.85038757324219 -43.57286834716797 5
    endloop
  endfacet
  facet normal -0.403962512516663 -0.9147755399447588 0
    outer loop
      vertex 103.63095092773438 -45.24235534667969 5
      vertex 99.85038757324219 -43.57286834716797 -5
      vertex 103.63095092773438 -45.24235534667969 -5
    endloop
  endfacet
  facet normal -0.4077402637026172 -0.9130979560571364 0
    outer loop
      vertex 103.63095092773438 -45.24235534667969 -5
      vertex 107.41232299804688 -46.930912017822266 5
      vertex 103.63095092773438 -45.24235534667969 5
    endloop
  endfacet
  facet normal -0.4077402637026172 -0.9130979560571364 0
    outer loop
      vertex 107.41232299804688 -46.930912017822266 5
      vertex 103.63095092773438 -45.24235534667969 -5
      vertex 107.41232299804688 -46.930912017822266 -5
    endloop
  endfacet
  facet normal -0.41149780683522336 -0.9114107498651753 0
    outer loop
      vertex 107.41232299804688 -46.930912017822266 -5
      vertex 111.19449615478516 -48.638545989990234 5
      vertex 107.41232299804688 -46.930912017822266 5
    endloop
  endfacet
  facet normal -0.41149780683522336 -0.9114107498651753 0
    outer loop
      vertex 111.19449615478516 -48.638545989990234 5
      vertex 107.41232299804688 -46.930912017822266 -5
      vertex 111.19449615478516 -48.638545989990234 -5
    endloop
  endfacet
  facet normal -0.41523435762052047 -0.9097144762239819 0
    outer loop
      vertex 111.19449615478516 -48.638545989990234 -5
      vertex 114.97746276855469 -50.36526107788086 5
      vertex 111.19449615478516 -48.638545989990234 5
    endloop
  endfacet
  facet normal -0.41523435762052047 -0.9097144762239819 0
    outer loop
      vertex 114.97746276855469 -50.36526107788086 5
      vertex 111.19449615478516 -48.638545989990234 -5
      vertex 114.97746276855469 -50.36526107788086 -5
    endloop
  endfacet
  facet normal -0.41894915274607225 -0.9080096956604308 0
    outer loop
      vertex 114.97746276855469 -50.36526107788086 -5
      vertex 118.76121520996094 -52.11105728149414 5
      vertex 114.97746276855469 -50.36526107788086 5
    endloop
  endfacet
  facet normal -0.41894915274607225 -0.9080096956604308 0
    outer loop
      vertex 118.76121520996094 -52.11105728149414 5
      vertex 114.97746276855469 -50.36526107788086 -5
      vertex 118.76121520996094 -52.11105728149414 -5
    endloop
  endfacet
  facet normal -0.4226429505328945 -0.9062962740543785 0
    outer loop
      vertex 118.76121520996094 -52.11105728149414 -5
      vertex 122.54574584960938 -53.875938415527344 5
      vertex 118.76121520996094 -52.11105728149414 5
    endloop
  endfacet
  facet normal -0.4226429505328945 -0.9062962740543785 0
    outer loop
      vertex 122.54574584960938 -53.875938415527344 5
      vertex 118.76121520996094 -52.11105728149414 -5
      vertex 122.54574584960938 -53.875938415527344 -5
    endloop
  endfacet
  facet normal -0.4263142999202483 -0.9045751033957924 0
    outer loop
      vertex 122.54574584960938 -53.875938415527344 -5
      vertex 126.3310546875 -55.65990447998047 5
      vertex 122.54574584960938 -53.875938415527344 5
    endloop
  endfacet
  facet normal -0.4263142999202483 -0.9045751033957924 0
    outer loop
      vertex 126.3310546875 -55.65990447998047 5
      vertex 122.54574584960938 -53.875938415527344 -5
      vertex 126.3310546875 -55.65990447998047 -5
    endloop
  endfacet
  facet normal -0.42996610127937224 -0.9028450319687298 0
    outer loop
      vertex 126.3310546875 -55.65990447998047 -5
      vertex 130.11712646484375 -57.46296310424805 5
      vertex 126.3310546875 -55.65990447998047 5
    endloop
  endfacet
  facet normal -0.42996610127937224 -0.9028450319687298 0
    outer loop
      vertex 130.11712646484375 -57.46296310424805 5
      vertex 126.3310546875 -55.65990447998047 -5
      vertex 130.11712646484375 -57.46296310424805 -5
    endloop
  endfacet
  facet normal -0.4335947806436444 -0.9011079658945369 0
    outer loop
      vertex 130.11712646484375 -57.46296310424805 -5
      vertex 133.9039764404297 -59.285118103027344 5
      vertex 130.11712646484375 -57.46296310424805 5
    endloop
  endfacet
  facet normal -0.4335947806436444 -0.9011079658945369 0
    outer loop
      vertex 133.9039764404297 -59.285118103027344 5
      vertex 130.11712646484375 -57.46296310424805 -5
      vertex 133.9039764404297 -59.285118103027344 -5
    endloop
  endfacet
  facet normal -0.43720312697816893 -0.8993627887346191 0
    outer loop
      vertex 133.9039764404297 -59.285118103027344 -5
      vertex 137.6915740966797 -61.126365661621094 5
      vertex 133.9039764404297 -59.285118103027344 5
    endloop
  endfacet
  facet normal -0.43720312697816893 -0.8993627887346191 0
    outer loop
      vertex 137.6915740966797 -61.126365661621094 5
      vertex 133.9039764404297 -59.285118103027344 -5
      vertex 137.6915740966797 -61.126365661621094 -5
    endloop
  endfacet
  facet normal -0.4407897995198504 -0.8976103568025773 0
    outer loop
      vertex 137.6915740966797 -61.126365661621094 -5
      vertex 141.47991943359375 -62.98670959472656 5
      vertex 137.6915740966797 -61.126365661621094 5
    endloop
  endfacet
  facet normal -0.4407897995198504 -0.8976103568025773 0
    outer loop
      vertex 141.47991943359375 -62.98670959472656 5
      vertex 137.6915740966797 -61.126365661621094 -5
      vertex 141.47991943359375 -62.98670959472656 -5
    endloop
  endfacet
  facet normal -0.44435696289984666 -0.8958498141554891 0
    outer loop
      vertex 141.47991943359375 -62.98670959472656 -5
      vertex 145.2689971923828 -64.86615753173828 5
      vertex 141.47991943359375 -62.98670959472656 5
    endloop
  endfacet
  facet normal -0.44435696289984666 -0.8958498141554891 0
    outer loop
      vertex 145.2689971923828 -64.86615753173828 5
      vertex 141.47991943359375 -62.98670959472656 -5
      vertex 145.2689971923828 -64.86615753173828 -5
    endloop
  endfacet
  facet normal -0.4479003063873943 -0.8940835059087481 0
    outer loop
      vertex 145.2689971923828 -64.86615753173828 -5
      vertex 149.05882263183594 -66.76470947265625 5
      vertex 145.2689971923828 -64.86615753173828 5
    endloop
  endfacet
  facet normal -0.4479003063873943 -0.8940835059087481 0
    outer loop
      vertex 149.05882263183594 -66.76470947265625 5
      vertex 145.2689971923828 -64.86615753173828 -5
      vertex 149.05882263183594 -66.76470947265625 -5
    endloop
  endfacet
  facet normal 0.8823529411764706 -0.47058823529411764 0
    outer loop
      vertex 149.05882263183594 -66.76470947265625 5
      vertex 150.94117736816406 -63.235294342041016 -5
      vertex 150.94117736816406 -63.235294342041016 5
    endloop
  endfacet
  facet normal 0.8823529411764706 -0.47058823529411764 0
    outer loop
      vertex 150.94117736816406 -63.235294342041016 -5
      vertex 149.05882263183594 -66.76470947265625 5
      vertex 149.05882263183594 -66.76470947265625 -5
    endloop
  endfacet
  facet normal 0 0 -1
    outer loop
      vertex 149.05882263183594 -66.76470947265625 -5
      vertex 147.2310028076172 -61.152591705322266 -5
      vertex 150.94117736816406 -63.235294342041016 -5
    endloop
  endfacet
  facet normal 0 0 -1
    outer loop
      vertex 145.2689971923828 -64.86615753173828 -5
      vertex 147.2310028076172 -61.152591705322266 -5
      vertex 149.05882263183594 -66.76470947265625 -5
    endloop
  endfacet
  facet normal 0 0 -1
    outer loop
      vertex 145.2689971923828 -64.86615753173828 -5
      vertex 143.52008056640625 -59.088287353515625 -5
      vertex 147.2310028076172 -61.152591705322266 -5
    endloop
  endfacet
  facet normal 0 0 -1
    outer loop
      vertex 141.47991943359375 -62.98670959472656 -5
      vertex 143.52008056640625 -59.088287353515625 -5
      vertex 145.2689971923828 -64.86615753173828 -5
    endloop
  endfacet
  facet normal 0 0 -1
    outer loop
      vertex 141.47991943359375 -62.98670959472656 -5
      vertex 139.8084259033203 -57.04238510131836 -5
      vertex 143.52008056640625 -59.088287353515625 -5
    endloop
  endfacet
  facet normal 0 0 -1
    outer loop
      vertex 137.6915740966797 -61.126365661621094 -5
      vertex 139.8084259033203 -57.04238510131836 -5
      vertex 141.47991943359375 -62.98670959472656 -5
    endloop
  endfacet
  facet normal 0 0 -1
    outer loop
      vertex 137.6915740966797 -61.126365661621094 -5
      vertex 136.0960235595703 -55.0148811340332 -5
      vertex 139.8084259033203 -57.04238510131836 -5
    endloop
  endfacet
  facet normal 0 0 -1
    outer loop
      vertex 133.9039764404297 -59.285118103027344 -5
      vertex 136.0960235595703 -55.0148811340332 -5
      vertex 137.6915740966797 -61.126365661621094 -5
    endloop
  endfacet
  facet normal 0 0 -1
    outer loop
      vertex 133.9039764404297 -59.285118103027344 -5
      vertex 132.38287353515625 -53.00578308105469 -5
      vertex 136.0960235595703 -55.0148811340332 -5
    endloop
  endfacet
  facet normal 0 0 -1
    outer loop
      vertex 130.11712646484375 -57.46296310424805 -5
      vertex 132.38287353515625 -53.00578308105469 -5
      vertex 133.9039764404297 -59.285118103027344 -5
    endloop
  endfacet
  facet normal 0 0 -1
    outer loop
      vertex 130.11712646484375 -57.46296310424805 -5
      vertex 128.6689453125 -51.01509475708008 -5
      vertex 132.38287353515625 -53.00578308105469 -5
    endloop
  endfacet
  facet normal 0 0 -1
    outer loop
      vertex 126.3310546875 -55.65990447998047 -5
      vertex 128.6689453125 -51.01509475708008 -5
      vertex 130.11712646484375 -57.46296310424805 -5
    endloop
  endfacet
  facet normal 0 0 -1
    outer loop
      vertex 126.3310546875 -55.65990447998047 -5
      vertex 124.95425415039062 -49.04281234741211 -5
      vertex 128.6689453125 -51.01509475708008 -5
    endloop
  endfacet
  facet normal 0 0 -1
    outer loop
      vertex 122.54574584960938 -53.875938415527344 -5
      vertex 124.95425415039062 -49.04281234741211 -5
      vertex 126.3310546875 -55.65990447998047 -5
    endloop
  endfacet
  facet normal 0 0 -1
    outer loop
      vertex 122.54574584960938 -53.875938415527344 -5
      vertex 121.23878479003906 -47.08894348144531 -5
      vertex 124.95425415039062 -49.04281234741211 -5
    endloop
  endfacet
  facet normal 0 0 -1
    outer loop
      vertex 118.76121520996094 -52.11105728149414 -5
      vertex 121.23878479003906 -47.08894348144531 -5
      vertex 122.54574584960938 -53.875938415527344 -5
    endloop
  endfacet
  facet normal 0 0 -1
    outer loop
      vertex 118.76121520996094 -52.11105728149414 -5
      vertex 117.52253723144531 -45.15348815917969 -5
      vertex 121.23878479003906 -47.08894348144531 -5
    endloop
  endfacet
  facet normal 0 0 -1
    outer loop
      vertex 114.97746276855469 -50.36526107788086 -5
      vertex 117.52253723144531 -45.15348815917969 -5
      vertex 118.76121520996094 -52.11105728149414 -5
    endloop
  endfacet
  facet normal 0 0 -1
    outer loop
      vertex 114.97746276855469 -50.36526107788086 -5
      vertex 113.80550384521484 -43.236454010009766 -5
      vertex 117.52253723144531 -45.15348815917969 -5
    endloop
  endfacet
  facet normal 0 0 -1
    outer loop
      vertex 111.19449615478516 -48.638545989990234 -5
      vertex 113.80550384521484 -43.236454010009766 -5
      vertex 114.97746276855469 -50.36526107788086 -5
    endloop
  endfacet
  facet normal 0 0 -1
    outer loop
      vertex 111.19449615478516 -48.638545989990234 -5
      vertex 110.08767700195312 -41.33783721923828 -5
      vertex 113.80550384521484 -43.236454010009766 -5
    endloop
  endfacet
  facet normal 0 0 -1
    outer loop
      vertex 107.41232299804688 -46.930912017822266 -5
      vertex 110.08767700195312 -41.33783721923828 -5
      vertex 111.19449615478516 -48.638545989990234 -5
    endloop
  endfacet
  facet normal 0 0 -1
    outer loop
      vertex 107.41232299804688 -46.930912017822266 -5
      vertex 106.36904907226562 -39.457645416259766 -5
      vertex 110.08767700195312 -41.33783721923828 -5
    endloop
  endfacet
  facet normal 0 0 -1
    outer loop
      vertex 103.63095092773438 -45.24235534667969 -5
      vertex 106.36904907226562 -39.457645416259766 -5
      vertex 107.41232299804688 -46.930912017822266 -5
    endloop
  endfacet
  facet normal 0 0 -1
    outer loop
      vertex 103.63095092773438 -45.24235534667969 -5
      vertex 102.64961242675781 -37.595882415771484 -5
      vertex 106.36904907226562 -39.457645416259766 -5
    endloop
  endfacet
  facet normal 0 0 -1
    outer loop
      vertex 99.85038757324219 -43.57286834716797 -5
      vertex 102.64961242675781 -37.595882415771484 -5
      vertex 103.63095092773438 -45.24235534667969 -5
    endloop
  endfacet
  facet normal 0 0 -1
    outer loop
      vertex 99.85038757324219 -43.57286834716797 -5
      vertex 98.92935943603516 -35.75254821777344 -5
      vertex 102.64961242675781 -37.595882415771484 -5
    endloop
  endfacet
  facet normal 0 0 -1
    outer loop
      vertex 96.07064056396484 -41.92245101928711 -5
      vertex 98.92935943603516 -35.75254821777344 -5
      vertex 99.85038757324219 -43.57286834716797 -5
    endloop
  endfacet
  facet normal 0 0 -1
    outer loop
      vertex 96.07064056396484 -41.92245101928711 -5
      vertex 95.20829010009766 -33.92764663696289 -5
      vertex 98.92935943603516 -35.75254821777344 -5
    endloop
  endfacet
  facet normal 0 0 -1
    outer loop
      vertex 92.29170989990234 -40.291099548339844 -5
      vertex 95.20829010009766 -33.92764663696289 -5
      vertex 96.07064056396484 -41.92245101928711 -5
    endloop
  endfacet
  facet normal 0 0 -1
    outer loop
      vertex 92.29170989990234 -40.291099548339844 -5
      vertex 91.48639678955078 -32.121185302734375 -5
      vertex 95.20829010009766 -33.92764663696289 -5
    endloop
  endfacet
  facet normal 0 0 -1
    outer loop
      vertex 88.51360321044922 -38.67881393432617 -5
      vertex 91.48639678955078 -32.121185302734375 -5
      vertex 92.29170989990234 -40.291099548339844 -5
    endloop
  endfacet
  facet normal 0 0 -1
    outer loop
      vertex 88.51360321044922 -38.67881393432617 -5
      vertex 87.763671875 -30.333162307739258 -5
      vertex 91.48639678955078 -32.121185302734375 -5
    endloop
  endfacet
  facet normal 0 0 -1
    outer loop
      vertex 84.736328125 -37.08558654785156 -5
      vertex 87.763671875 -30.333162307739258 -5
      vertex 88.51360321044922 -38.67881393432617 -5
    endloop
  endfacet
  facet normal 0 0 -1
    outer loop
      vertex 84.736328125 -37.08558654785156 -5
      vertex 84.04010009765625 -28.563583374023438 -5
      vertex 87.763671875 -30.333162307739258 -5
    endloop
  endfacet
  facet normal 0 0 -1
    outer loop
      vertex 80.95989990234375 -35.51141357421875 -5
      vertex 84.04010009765625 -28.563583374023438 -5
      vertex 84.736328125 -37.08558654785156 -5
    endloop
  endfacet
  facet normal 0 0 -1
    outer loop
      vertex 80.95989990234375 -35.51141357421875 -5
      vertex 80.31568908691406 -26.812454223632812 -5
      vertex 84.04010009765625 -28.563583374023438 -5
    endloop
  endfacet
  facet normal 0 0 -1
    outer loop
      vertex 77.18431091308594 -33.956295013427734 -5
      vertex 80.31568908691406 -26.812454223632812 -5
      vertex 80.95989990234375 -35.51141357421875 -5
    endloop
  endfacet
  facet normal 0 0 -1
    outer loop
      vertex 77.18431091308594 -33.956295013427734 -5
      vertex 76.5904312133789 -25.079776763916016 -5
      vertex 80.31568908691406 -26.812454223632812 -5
    endloop
  endfacet
  facet normal 0 0 -1
    outer loop
      vertex 73.4095687866211 -32.420223236083984 -5
      vertex 76.5904312133789 -25.079776763916016 -5
      vertex 77.18431091308594 -33.956295013427734 -5
    endloop
  endfacet
  facet normal 0 0 -1
    outer loop
      vertex 73.4095687866211 -32.420223236083984 -5
      vertex 72.86431121826172 -23.365554809570312 -5
      vertex 76.5904312133789 -25.079776763916016 -5
    endloop
  endfacet
  facet normal 0 0 -1
    outer loop
      vertex 69.63568878173828 -30.903194427490234 -5
      vertex 72.86431121826172 -23.365554809570312 -5
      vertex 73.4095687866211 -32.420223236083984 -5
    endloop
  endfacet
  facet normal 0 0 -1
    outer loop
      vertex 69.63568878173828 -30.903194427490234 -5
      vertex 69.1373291015625 -21.66979217529297 -5
      vertex 72.86431121826172 -23.365554809570312 -5
    endloop
  endfacet
  facet normal 0 0 -1
    outer loop
      vertex 65.8626708984375 -29.40520477294922 -5
      vertex 69.1373291015625 -21.66979217529297 -5
      vertex 69.63568878173828 -30.903194427490234 -5
    endloop
  endfacet
  facet normal 0 0 -1
    outer loop
      vertex 65.8626708984375 -29.40520477294922 -5
      vertex 65.40947723388672 -19.992494583129883 -5
      vertex 69.1373291015625 -21.66979217529297 -5
    endloop
  endfacet
  facet normal 0 0 -1
    outer loop
      vertex 62.09052276611328 -27.926254272460938 -5
      vertex 65.40947723388672 -19.992494583129883 -5
      vertex 65.8626708984375 -29.40520477294922 -5
    endloop
  endfacet
  facet normal 0 0 -1
    outer loop
      vertex 62.09052276611328 -27.926254272460938 -5
      vertex 61.68075180053711 -18.333663940429688 -5
      vertex 65.40947723388672 -19.992494583129883 -5
    endloop
  endfacet
  facet normal 0 0 -1
    outer loop
      vertex 58.31924819946289 -26.466333389282227 -5
      vertex 61.68075180053711 -18.333663940429688 -5
      vertex 62.09052276611328 -27.926254272460938 -5
    endloop
  endfacet
  facet normal 0 0 -1
    outer loop
      vertex 58.31924819946289 -26.466333389282227 -5
      vertex 57.951141357421875 -16.693307876586914 -5
      vertex 61.68075180053711 -18.333663940429688 -5
    endloop
  endfacet
  facet normal 0 0 -1
    outer loop
      vertex 54.54885482788086 -25.025440216064453 -5
      vertex 57.951141357421875 -16.693307876586914 -5
      vertex 58.31924819946289 -26.466333389282227 -5
    endloop
  endfacet
  facet normal 0 0 -1
    outer loop
      vertex 54.54885482788086 -25.025440216064453 -5
      vertex 54.22064971923828 -15.071428298950195 -5
      vertex 57.951141357421875 -16.693307876586914 -5
    endloop
  endfacet
  facet normal 0 0 -1
    outer loop
      vertex 50.77935028076172 -23.60357093811035 -5
      vertex 54.22064971923828 -15.071428298950195 -5
      vertex 54.54885482788086 -25.025440216064453 -5
    endloop
  endfacet
  facet normal 0 0 -1
    outer loop
      vertex 50.77935028076172 -23.60357093811035 -5
      vertex 50.489261627197266 -13.468029022216797 -5
      vertex 54.22064971923828 -15.071428298950195 -5
    endloop
  endfacet
  facet normal 0 0 -1
    outer loop
      vertex 47.010738372802734 -22.200719833374023 -5
      vertex 50.489261627197266 -13.468029022216797 -5
      vertex 50.77935028076172 -23.60357093811035 -5
    endloop
  endfacet
  facet normal 0 0 -1
    outer loop
      vertex 47.010738372802734 -22.200719833374023 -5
      vertex 46.75697326660156 -11.883116722106934 -5
      vertex 50.489261627197266 -13.468029022216797 -5
    endloop
  endfacet
  facet normal 0 0 -1
    outer loop
      vertex 43.24302673339844 -20.816883087158203 -5
      vertex 46.75697326660156 -11.883116722106934 -5
      vertex 47.010738372802734 -22.200719833374023 -5
    endloop
  endfacet
  facet normal 0 0 -1
    outer loop
      vertex 43.24302673339844 -20.816883087158203 -5
      vertex 43.023780822753906 -10.316695213317871 -5
      vertex 46.75697326660156 -11.883116722106934 -5
    endloop
  endfacet
  facet normal 0 0 -1
    outer loop
      vertex 39.476219177246094 -19.45205307006836 -5
      vertex 43.023780822753906 -10.316695213317871 -5
      vertex 43.24302673339844 -20.816883087158203 -5
    endloop
  endfacet
  facet normal 0 0 -1
    outer loop
      vertex 39.476219177246094 -19.45205307006836 -5
      vertex 39.28968048095703 -8.768769264221191 -5
      vertex 43.023780822753906 -10.316695213317871 -5
    endloop
  endfacet
  facet normal 0 0 -1
    outer loop
      vertex 35.71031951904297 -18.106229782104492 -5
      vertex 39.28968048095703 -8.768769264221191 -5
      vertex 39.476219177246094 -19.45205307006836 -5
    endloop
  endfacet
  facet normal 0 0 -1
    outer loop
      vertex 35.71031951904297 -18.106229782104492 -5
      vertex 35.55466079711914 -7.239343643188477 -5
      vertex 39.28968048095703 -8.768769264221191 -5
    endloop
  endfacet
  facet normal 0 0 -1
    outer loop
      vertex 31.94533920288086 -16.77940559387207 -5
      vertex 35.55466079711914 -7.239343643188477 -5
      vertex 35.71031951904297 -18.106229782104492 -5
    endloop
  endfacet
  facet normal 0 0 -1
    outer loop
      vertex 31.94533920288086 -16.77940559387207 -5
      vertex 31.818721771240234 -5.728424072265625 -5
      vertex 35.55466079711914 -7.239343643188477 -5
    endloop
  endfacet
  facet normal 0 0 -1
    outer loop
      vertex 28.181278228759766 -15.471575736999512 -5
      vertex 31.818721771240234 -5.728424072265625 -5
      vertex 31.94533920288086 -16.77940559387207 -5
    endloop
  endfacet
  facet normal 0 0 -1
    outer loop
      vertex 28.181278228759766 -15.471575736999512 -5
      vertex 28.08185386657715 -4.236014366149902 -5
      vertex 31.818721771240234 -5.728424072265625 -5
    endloop
  endfacet
  facet normal 0 0 -1
    outer loop
      vertex 24.41814422607422 -14.182734489440918 -5
      vertex 28.08185386657715 -4.236014366149902 -5
      vertex 28.181278228759766 -15.471575736999512 -5
    endloop
  endfacet
  facet normal 0 0 -1
    outer loop
      vertex 24.41814422607422 -14.182734489440918 -5
      vertex 24.344053268432617 -2.7621212005615234 -5
      vertex 28.08185386657715 -4.236014366149902 -5
    endloop
  endfacet
  facet normal 0 0 -1
    outer loop
      vertex 20.65594482421875 -12.912878036499023 -5
      vertex 24.344053268432617 -2.7621212005615234 -5
      vertex 24.41814422607422 -14.182734489440918 -5
    endloop
  endfacet
  facet normal 0 0 -1
    outer loop
      vertex 20.65594482421875 -12.912878036499023 -5
      vertex 20.605316162109375 -1.3067493438720703 -5
      vertex 24.344053268432617 -2.7621212005615234 -5
    endloop
  endfacet
  facet normal 0 0 -1
    outer loop
      vertex 16.894683837890625 -11.661999702453613 -5
      vertex 20.605316162109375 -1.3067493438720703 -5
      vertex 20.65594482421875 -12.912878036499023 -5
    endloop
  endfacet
  facet normal 0 0 -1
    outer loop
      vertex 16.894683837890625 -11.661999702453613 -5
      vertex 16.865633010864258 0.1300954818725586 -5
      vertex 20.605316162109375 -1.3067493438720703 -5
    endloop
  endfacet
  facet normal 0 0 -1
    outer loop
      vertex 13.134366035461426 -10.430095672607422 -5
      vertex 16.865633010864258 0.1300954818725586 -5
      vertex 16.894683837890625 -11.661999702453613 -5
    endloop
  endfacet
  facet normal 0 0 -1
    outer loop
      vertex 13.134366035461426 -10.430095672607422 -5
      vertex 13.12500286102295 1.5484085083007812 -5
      vertex 16.865633010864258 0.1300954818725586 -5
    endloop
  endfacet
  facet normal 0 0 -1
    outer loop
      vertex 9.374996185302734 -9.217158317565918 -5
      vertex 13.12500286102295 1.5484085083007812 -5
      vertex 13.134366035461426 -10.430095672607422 -5
    endloop
  endfacet
  facet normal 0 0 -1
    outer loop
      vertex 13.12500286102295 1.5484085083007812 -5
      vertex 9.374996185302734 -9.217158317565918 -5
      vertex 9.383418083190918 2.948184013366699 -5
    endloop
  endfacet
  facet normal 0 0 -1
    outer loop
      vertex 5.616580963134766 -8.023183822631836 -5
      vertex 9.383418083190918 2.948184013366699 -5
      vertex 9.374996185302734 -9.217158317565918 -5
    endloop
  endfacet
  facet normal 0 0 -1
    outer loop
      vertex 0 0 -5
      vertex 9.383418083190918 2.948184013366699 -5
      vertex 5.616580963134766 -8.023183822631836 -5
    endloop
  endfacet
  facet normal 0 0 -1
    outer loop
      vertex 9.383418083190918 2.948184013366699 -5
      vertex 0 0 -5
      vertex 5.640873908996582 4.329416275024414 -5
    endloop
  endfacet
  facet normal 0 0 -1
    outer loop
      vertex 0 0 -5
      vertex 5.616580963134766 -8.023183822631836 -5
      vertex 1.8591251373291016 -6.848166465759277 -5
    endloop
  endfacet
  facet normal 0 0 -1
    outer loop
      vertex 0 0 -5
      vertex 1.8591251373291016 -6.848166465759277 -5
      vertex 0 -6.276017665863037 -5
    endloop
  endfacet
  facet normal 0 0 -1
    outer loop
      vertex 5.640873908996582 4.329416275024414 -5
      vertex 0 0 -5
      vertex 1.8973665237426758 5.692099571228027 -5
    endloop
  endfacet
  facet normal 0 0 -1
    outer loop
      vertex -1.8591251373291016 -6.848166465759277 -5
      vertex 0 0 -5
      vertex 0 -6.276017665863037 -5
    endloop
  endfacet
  facet normal 0 0 -1
    outer loop
      vertex -5.616580963134766 -8.023183822631836 -5
      vertex 0 0 -5
      vertex -1.8591251373291016 -6.848166465759277 -5
    endloop
  endfacet
  facet normal 0 0 -1
    outer loop
      vertex -9.383418083190918 2.948184013366699 -5
      vertex 0 0 -5
      vertex -5.616580963134766 -8.023183822631836 -5
    endloop
  endfacet
  facet normal 0 0 -1
    outer loop
      vertex 0 0 -5
      vertex -5.640873908996582 4.329416275024414 -5
      vertex -1.8973665237426758 5.692099571228027 -5
    endloop
  endfacet
  facet normal 0 0 -1
    outer loop
      vertex -9.383418083190918 2.948184013366699 -5
      vertex -5.616580963134766 -8.023183822631836 -5
      vertex -9.374996185302734 -9.217158317565918 -5
    endloop
  endfacet
  facet normal 0 0 -1
    outer loop
      vertex 0 0 -5
      vertex -9.383418083190918 2.948184013366699 -5
      vertex -5.640873908996582 4.329416275024414 -5
    endloop
  endfacet
  facet normal 0 0 -1
    outer loop
      vertex -9.374996185302734 -9.217158317565918 -5
      vertex -13.12500286102295 1.5484085083007812 -5
      vertex -9.383418083190918 2.948184013366699 -5
    endloop
  endfacet
  facet normal 0 0 -1
    outer loop
      vertex -13.134366035461426 -10.430095672607422 -5
      vertex -13.12500286102295 1.5484085083007812 -5
      vertex -9.374996185302734 -9.217158317565918 -5
    endloop
  endfacet
  facet normal 0 0 -1
    outer loop
      vertex -13.134366035461426 -10.430095672607422 -5
      vertex -16.865633010864258 0.1300954818725586 -5
      vertex -13.12500286102295 1.5484085083007812 -5
    endloop
  endfacet
  facet normal 0 0 -1
    outer loop
      vertex -16.894683837890625 -11.661999702453613 -5
      vertex -16.865633010864258 0.1300954818725586 -5
      vertex -13.134366035461426 -10.430095672607422 -5
    endloop
  endfacet
  facet normal 0 0 -1
    outer loop
      vertex -16.894683837890625 -11.661999702453613 -5
      vertex -20.605316162109375 -1.3067493438720703 -5
      vertex -16.865633010864258 0.1300954818725586 -5
    endloop
  endfacet
  facet normal 0 0 -1
    outer loop
      vertex -20.65594482421875 -12.912878036499023 -5
      vertex -20.605316162109375 -1.3067493438720703 -5
      vertex -16.894683837890625 -11.661999702453613 -5
    endloop
  endfacet
  facet normal 0 0 -1
    outer loop
      vertex -20.65594482421875 -12.912878036499023 -5
      vertex -24.344053268432617 -2.7621212005615234 -5
      vertex -20.605316162109375 -1.3067493438720703 -5
    endloop
  endfacet
  facet normal 0 0 -1
    outer loop
      vertex -24.41814422607422 -14.182734489440918 -5
      vertex -24.344053268432617 -2.7621212005615234 -5
      vertex -20.65594482421875 -12.912878036499023 -5
    endloop
  endfacet
  facet normal 0 0 -1
    outer loop
      vertex -24.41814422607422 -14.182734489440918 -5
      vertex -28.08185386657715 -4.236014366149902 -5
      vertex -24.344053268432617 -2.7621212005615234 -5
    endloop
  endfacet
  facet normal 0 0 -1
    outer loop
      vertex -28.181278228759766 -15.471575736999512 -5
      vertex -28.08185386657715 -4.236014366149902 -5
      vertex -24.41814422607422 -14.182734489440918 -5
    endloop
  endfacet
  facet normal 0 0 -1
    outer loop
      vertex -28.181278228759766 -15.471575736999512 -5
      vertex -31.818721771240234 -5.728424072265625 -5
      vertex -28.08185386657715 -4.236014366149902 -5
    endloop
  endfacet
  facet normal 0 0 -1
    outer loop
      vertex -31.94533920288086 -16.77940559387207 -5
      vertex -31.818721771240234 -5.728424072265625 -5
      vertex -28.181278228759766 -15.471575736999512 -5
    endloop
  endfacet
  facet normal 0 0 -1
    outer loop
      vertex -31.94533920288086 -16.77940559387207 -5
      vertex -35.55466079711914 -7.239343643188477 -5
      vertex -31.818721771240234 -5.728424072265625 -5
    endloop
  endfacet
  facet normal 0 0 -1
    outer loop
      vertex -35.71031951904297 -18.106229782104492 -5
      vertex -35.55466079711914 -7.239343643188477 -5
      vertex -31.94533920288086 -16.77940559387207 -5
    endloop
  endfacet
  facet normal 0 0 -1
    outer loop
      vertex -35.71031951904297 -18.106229782104492 -5
      vertex -39.28968048095703 -8.768769264221191 -5
      vertex -35.55466079711914 -7.239343643188477 -5
    endloop
  endfacet
  facet normal 0 0 -1
    outer loop
      vertex -39.476219177246094 -19.45205307006836 -5
      vertex -39.28968048095703 -8.768769264221191 -5
      vertex -35.71031951904297 -18.106229782104492 -5
    endloop
  endfacet
  facet normal 0 0 -1
    outer loop
      vertex -39.476219177246094 -19.45205307006836 -5
      vertex -43.023780822753906 -10.316695213317871 -5
      vertex -39.28968048095703 -8.768769264221191 -5
    endloop
  endfacet
  facet normal 0 0 -1
    outer loop
      vertex -43.24302673339844 -20.816883087158203 -5
      vertex -43.023780822753906 -10.316695213317871 -5
      vertex -39.476219177246094 -19.45205307006836 -5
    endloop
  endfacet
  facet normal 0 0 -1
    outer loop
      vertex -43.24302673339844 -20.816883087158203 -5
      vertex -46.75697326660156 -11.883116722106934 -5
      vertex -43.023780822753906 -10.316695213317871 -5
    endloop
  endfacet
  facet normal 0 0 -1
    outer loop
      vertex -47.010738372802734 -22.200719833374023 -5
      vertex -46.75697326660156 -11.883116722106934 -5
      vertex -43.24302673339844 -20.816883087158203 -5
    endloop
  endfacet
  facet normal 0 0 -1
    outer loop
      vertex -47.010738372802734 -22.200719833374023 -5
      vertex -50.489261627197266 -13.468029022216797 -5
      vertex -46.75697326660156 -11.883116722106934 -5
    endloop
  endfacet
  facet normal 0 0 -1
    outer loop
      vertex -50.77935028076172 -23.60357093811035 -5
      vertex -50.489261627197266 -13.468029022216797 -5
      vertex -47.010738372802734 -22.200719833374023 -5
    endloop
  endfacet
  facet normal 0 0 -1
    outer loop
      vertex -50.77935028076172 -23.60357093811035 -5
      vertex -54.22064971923828 -15.071428298950195 -5
      vertex -50.489261627197266 -13.468029022216797 -5
    endloop
  endfacet
  facet normal 0 0 -1
    outer loop
      vertex -54.54885482788086 -25.025440216064453 -5
      vertex -54.22064971923828 -15.071428298950195 -5
      vertex -50.77935028076172 -23.60357093811035 -5
    endloop
  endfacet
  facet normal 0 0 -1
    outer loop
      vertex -54.54885482788086 -25.025440216064453 -5
      vertex -57.951141357421875 -16.693307876586914 -5
      vertex -54.22064971923828 -15.071428298950195 -5
    endloop
  endfacet
  facet normal 0 0 -1
    outer loop
      vertex -58.31924819946289 -26.466333389282227 -5
      vertex -57.951141357421875 -16.693307876586914 -5
      vertex -54.54885482788086 -25.025440216064453 -5
    endloop
  endfacet
  facet normal 0 0 -1
    outer loop
      vertex -58.31924819946289 -26.466333389282227 -5
      vertex -61.68075180053711 -18.333663940429688 -5
      vertex -57.951141357421875 -16.693307876586914 -5
    endloop
  endfacet
  facet normal 0 0 -1
    outer loop
      vertex -62.09052276611328 -27.926254272460938 -5
      vertex -61.68075180053711 -18.333663940429688 -5
      vertex -58.31924819946289 -26.466333389282227 -5
    endloop
  endfacet
  facet normal 0 0 -1
    outer loop
      vertex -62.09052276611328 -27.926254272460938 -5
      vertex -65.40947723388672 -19.992494583129883 -5
      vertex -61.68075180053711 -18.333663940429688 -5
    endloop
  endfacet
  facet normal 0 0 -1
    outer loop
      vertex -65.8626708984375 -29.40520477294922 -5
      vertex -65.40947723388672 -19.992494583129883 -5
      vertex -62.09052276611328 -27.926254272460938 -5
    endloop
  endfacet
  facet normal 0 0 -1
    outer loop
      vertex -65.8626708984375 -29.40520477294922 -5
      vertex -69.1373291015625 -21.66979217529297 -5
      vertex -65.40947723388672 -19.992494583129883 -5
    endloop
  endfacet
  facet normal 0 0 -1
    outer loop
      vertex -69.63568878173828 -30.903194427490234 -5
      vertex -69.1373291015625 -21.66979217529297 -5
      vertex -65.8626708984375 -29.40520477294922 -5
    endloop
  endfacet
  facet normal 0 0 -1
    outer loop
      vertex -69.63568878173828 -30.903194427490234 -5
      vertex -72.86431121826172 -23.365554809570312 -5
      vertex -69.1373291015625 -21.66979217529297 -5
    endloop
  endfacet
  facet normal 0 0 -1
    outer loop
      vertex -73.4095687866211 -32.420223236083984 -5
      vertex -72.86431121826172 -23.365554809570312 -5
      vertex -69.63568878173828 -30.903194427490234 -5
    endloop
  endfacet
  facet normal 0 0 -1
    outer loop
      vertex -73.4095687866211 -32.420223236083984 -5
      vertex -76.5904312133789 -25.079776763916016 -5
      vertex -72.86431121826172 -23.365554809570312 -5
    endloop
  endfacet
  facet normal 0 0 -1
    outer loop
      vertex -77.18431091308594 -33.956295013427734 -5
      vertex -76.5904312133789 -25.079776763916016 -5
      vertex -73.4095687866211 -32.420223236083984 -5
    endloop
  endfacet
  facet normal 0 0 -1
    outer loop
      vertex -77.18431091308594 -33.956295013427734 -5
      vertex -80.31568908691406 -26.812454223632812 -5
      vertex -76.5904312133789 -25.079776763916016 -5
    endloop
  endfacet
  facet normal 0 0 -1
    outer loop
      vertex -80.95989990234375 -35.51141357421875 -5
      vertex -80.31568908691406 -26.812454223632812 -5
      vertex -77.18431091308594 -33.956295013427734 -5
    endloop
  endfacet
  facet normal 0 0 -1
    outer loop
      vertex -80.95989990234375 -35.51141357421875 -5
      vertex -84.04010009765625 -28.563583374023438 -5
      vertex -80.31568908691406 -26.812454223632812 -5
    endloop
  endfacet
  facet normal 0 0 -1
    outer loop
      vertex -84.736328125 -37.08558654785156 -5
      vertex -84.04010009765625 -28.563583374023438 -5
      vertex -80.95989990234375 -35.51141357421875 -5
    endloop
  endfacet
  facet normal 0 0 -1
    outer loop
      vertex -84.736328125 -37.08558654785156 -5
      vertex -87.763671875 -30.333162307739258 -5
      vertex -84.04010009765625 -28.563583374023438 -5
    endloop
  endfacet
  facet normal 0 0 -1
    outer loop
      vertex -88.51360321044922 -38.67881393432617 -5
      vertex -87.763671875 -30.333162307739258 -5
      vertex -84.736328125 -37.08558654785156 -5
    endloop
  endfacet
  facet normal 0 0 -1
    outer loop
      vertex -88.51360321044922 -38.67881393432617 -5
      vertex -91.48639678955078 -32.121185302734375 -5
      vertex -87.763671875 -30.333162307739258 -5
    endloop
  endfacet
  facet normal 0 0 -1
    outer loop
      vertex -92.29170989990234 -40.291099548339844 -5
      vertex -91.48639678955078 -32.121185302734375 -5
      vertex -88.51360321044922 -38.67881393432617 -5
    endloop
  endfacet
  facet normal 0 0 -1
    outer loop
      vertex -92.29170989990234 -40.291099548339844 -5
      vertex -95.20829010009766 -33.92764663696289 -5
      vertex -91.48639678955078 -32.121185302734375 -5
    endloop
  endfacet
  facet normal 0 0 -1
    outer loop
      vertex -96.07064056396484 -41.92245101928711 -5
      vertex -95.20829010009766 -33.92764663696289 -5
      vertex -92.29170989990234 -40.291099548339844 -5
    endloop
  endfacet
  facet normal 0 0 -1
    outer loop
      vertex -96.07064056396484 -41.92245101928711 -5
      vertex -98.92935943603516 -35.75254821777344 -5
      vertex -95.20829010009766 -33.92764663696289 -5
    endloop
  endfacet
  facet normal 0 0 -1
    outer loop
      vertex -99.85038757324219 -43.57286834716797 -5
      vertex -98.92935943603516 -35.75254821777344 -5
      vertex -96.07064056396484 -41.92245101928711 -5
    endloop
  endfacet
  facet normal 0 0 -1
    outer loop
      vertex -99.85038757324219 -43.57286834716797 -5
      vertex -102.64961242675781 -37.595882415771484 -5
      vertex -98.92935943603516 -35.75254821777344 -5
    endloop
  endfacet
  facet normal 0 0 -1
    outer loop
      vertex -103.63095092773438 -45.24235534667969 -5
      vertex -102.64961242675781 -37.595882415771484 -5
      vertex -99.85038757324219 -43.57286834716797 -5
    endloop
  endfacet
  facet normal 0 0 -1
    outer loop
      vertex -103.63095092773438 -45.24235534667969 -5
      vertex -106.36904907226562 -39.457645416259766 -5
      vertex -102.64961242675781 -37.595882415771484 -5
    endloop
  endfacet
  facet normal 0 0 -1
    outer loop
      vertex -107.41232299804688 -46.930912017822266 -5
      vertex -106.36904907226562 -39.457645416259766 -5
      vertex -103.63095092773438 -45.24235534667969 -5
    endloop
  endfacet
  facet normal 0 0 -1
    outer loop
      vertex -107.41232299804688 -46.930912017822266 -5
      vertex -110.08767700195312 -41.33783721923828 -5
      vertex -106.36904907226562 -39.457645416259766 -5
    endloop
  endfacet
  facet normal 0 0 -1
    outer loop
      vertex -111.19449615478516 -48.638545989990234 -5
      vertex -110.08767700195312 -41.33783721923828 -5
      vertex -107.41232299804688 -46.930912017822266 -5
    endloop
  endfacet
  facet normal 0 0 -1
    outer loop
      vertex -111.19449615478516 -48.638545989990234 -5
      vertex -113.80550384521484 -43.236454010009766 -5
      vertex -110.08767700195312 -41.33783721923828 -5
    endloop
  endfacet
  facet normal 0 0 -1
    outer loop
      vertex -114.97746276855469 -50.36526107788086 -5
      vertex -113.80550384521484 -43.236454010009766 -5
      vertex -111.19449615478516 -48.638545989990234 -5
    endloop
  endfacet
  facet normal 0 0 -1
    outer loop
      vertex -114.97746276855469 -50.36526107788086 -5
      vertex -117.52253723144531 -45.15348815917969 -5
      vertex -113.80550384521484 -43.236454010009766 -5
    endloop
  endfacet
  facet normal 0 0 -1
    outer loop
      vertex -118.76121520996094 -52.11105728149414 -5
      vertex -117.52253723144531 -45.15348815917969 -5
      vertex -114.97746276855469 -50.36526107788086 -5
    endloop
  endfacet
  facet normal 0 0 -1
    outer loop
      vertex -118.76121520996094 -52.11105728149414 -5
      vertex -121.23878479003906 -47.08894348144531 -5
      vertex -117.52253723144531 -45.15348815917969 -5
    endloop
  endfacet
  facet normal 0 0 -1
    outer loop
      vertex -122.54574584960938 -53.875938415527344 -5
      vertex -121.23878479003906 -47.08894348144531 -5
      vertex -118.76121520996094 -52.11105728149414 -5
    endloop
  endfacet
  facet normal 0 0 -1
    outer loop
      vertex -122.54574584960938 -53.875938415527344 -5
      vertex -124.95425415039062 -49.04281234741211 -5
      vertex -121.23878479003906 -47.08894348144531 -5
    endloop
  endfacet
  facet normal 0 0 -1
    outer loop
      vertex -126.3310546875 -55.65990447998047 -5
      vertex -124.95425415039062 -49.04281234741211 -5
      vertex -122.54574584960938 -53.875938415527344 -5
    endloop
  endfacet
  facet normal 0 0 -1
    outer loop
      vertex -126.3310546875 -55.65990447998047 -5
      vertex -128.6689453125 -51.01509475708008 -5
      vertex -124.95425415039062 -49.04281234741211 -5
    endloop
  endfacet
  facet normal 0 0 -1
    outer loop
      vertex -130.11712646484375 -57.46296310424805 -5
      vertex -128.6689453125 -51.01509475708008 -5
      vertex -126.3310546875 -55.65990447998047 -5
    endloop
  endfacet
  facet normal 0 0 -1
    outer loop
      vertex -130.11712646484375 -57.46296310424805 -5
      vertex -132.38287353515625 -53.00578308105469 -5
      vertex -128.6689453125 -51.01509475708008 -5
    endloop
  endfacet
  facet normal 0 0 -1
    outer loop
      vertex -133.9039764404297 -59.285118103027344 -5
      vertex -132.38287353515625 -53.00578308105469 -5
      vertex -130.11712646484375 -57.46296310424805 -5
    endloop
  endfacet
  facet normal 0 0 -1
    outer loop
      vertex -133.9039764404297 -59.285118103027344 -5
      vertex -136.0960235595703 -55.0148811340332 -5
      vertex -132.38287353515625 -53.00578308105469 -5
    endloop
  endfacet
  facet normal 0 0 -1
    outer loop
      vertex -137.6915740966797 -61.126365661621094 -5
      vertex -136.0960235595703 -55.0148811340332 -5
      vertex -133.9039764404297 -59.285118103027344 -5
    endloop
  endfacet
  facet normal 0 0 -1
    outer loop
      vertex -137.6915740966797 -61.126365661621094 -5
      vertex -139.8084259033203 -57.04238510131836 -5
      vertex -136.0960235595703 -55.0148811340332 -5
    endloop
  endfacet
  facet normal 0 0 -1
    outer loop
      vertex -141.47991943359375 -62.98670959472656 -5
      vertex -139.8084259033203 -57.04238510131836 -5
      vertex -137.6915740966797 -61.126365661621094 -5
    endloop
  endfacet
  facet normal 0 0 -1
    outer loop
      vertex -141.47991943359375 -62.98670959472656 -5
      vertex -143.52008056640625 -59.088287353515625 -5
      vertex -139.8084259033203 -57.04238510131836 -5
    endloop
  endfacet
  facet normal 0 0 -1
    outer loop
      vertex -145.2689971923828 -64.86615753173828 -5
      vertex -143.52008056640625 -59.088287353515625 -5
      vertex -141.47991943359375 -62.98670959472656 -5
    endloop
  endfacet
  facet normal 0 0 -1
    outer loop
      vertex -145.2689971923828 -64.86615753173828 -5
      vertex -147.2310028076172 -61.152591705322266 -5
      vertex -143.52008056640625 -59.088287353515625 -5
    endloop
  endfacet
  facet normal 0 0 -1
    outer loop
      vertex -149.05882263183594 -66.76470947265625 -5
      vertex -147.2310028076172 -61.152591705322266 -5
      vertex -145.2689971923828 -64.86615753173828 -5
    endloop
  endfacet
  facet normal 0 0 -1
    outer loop
      vertex -147.2310028076172 -61.152591705322266 -5
      vertex -149.05882263183594 -66.76470947265625 -5
      vertex -150.94117736816406 -63.235294342041016 -5
    endloop
  endfacet
  facet normal 0 0 1
    outer loop
      vertex 147.2310028076172 -61.152591705322266 5
      vertex 149.05882263183594 -66.76470947265625 5
      vertex 150.94117736816406 -63.235294342041016 5
    endloop
  endfacet
  facet normal 0 0 1
    outer loop
      vertex 147.2310028076172 -61.152591705322266 5
      vertex 145.2689971923828 -64.86615753173828 5
      vertex 149.05882263183594 -66.76470947265625 5
    endloop
  endfacet
  facet normal 0 0 1
    outer loop
      vertex 143.52008056640625 -59.088287353515625 5
      vertex 145.2689971923828 -64.86615753173828 5
      vertex 147.2310028076172 -61.152591705322266 5
    endloop
  endfacet
  facet normal 0 0 1
    outer loop
      vertex 143.52008056640625 -59.088287353515625 5
      vertex 141.47991943359375 -62.98670959472656 5
      vertex 145.2689971923828 -64.86615753173828 5
    endloop
  endfacet
  facet normal 0 0 1
    outer loop
      vertex 139.8084259033203 -57.04238510131836 5
      vertex 141.47991943359375 -62.98670959472656 5
      vertex 143.52008056640625 -59.088287353515625 5
    endloop
  endfacet
  facet normal 0 0 1
    outer loop
      vertex 139.8084259033203 -57.04238510131836 5
      vertex 137.6915740966797 -61.126365661621094 5
      vertex 141.47991943359375 -62.98670959472656 5
    endloop
  endfacet
  facet normal 0 0 1
    outer loop
      vertex 136.0960235595703 -55.0148811340332 5
      vertex 137.6915740966797 -61.126365661621094 5
      vertex 139.8084259033203 -57.04238510131836 5
    endloop
  endfacet
  facet normal 0 0 1
    outer loop
      vertex 136.0960235595703 -55.0148811340332 5
      vertex 133.9039764404297 -59.285118103027344 5
      vertex 137.6915740966797 -61.126365661621094 5
    endloop
  endfacet
  facet normal 0 0 1
    outer loop
      vertex 132.38287353515625 -53.00578308105469 5
      vertex 133.9039764404297 -59.285118103027344 5
      vertex 136.0960235595703 -55.0148811340332 5
    endloop
  endfacet
  facet normal 0 0 1
    outer loop
      vertex 132.38287353515625 -53.00578308105469 5
      vertex 130.11712646484375 -57.46296310424805 5
      vertex 133.9039764404297 -59.285118103027344 5
    endloop
  endfacet
  facet normal 0 0 1
    outer loop
      vertex 128.6689453125 -51.01509475708008 5
      vertex 130.11712646484375 -57.46296310424805 5
      vertex 132.38287353515625 -53.00578308105469 5
    endloop
  endfacet
  facet normal 0 0 1
    outer loop
      vertex 128.6689453125 -51.01509475708008 5
      vertex 126.3310546875 -55.65990447998047 5
      vertex 130.11712646484375 -57.46296310424805 5
    endloop
  endfacet
  facet normal 0 0 1
    outer loop
      vertex 124.95425415039062 -49.04281234741211 5
      vertex 126.3310546875 -55.65990447998047 5
      vertex 128.6689453125 -51.01509475708008 5
    endloop
  endfacet
  facet normal 0 0 1
    outer loop
      vertex 124.95425415039062 -49.04281234741211 5
      vertex 122.54574584960938 -53.875938415527344 5
      vertex 126.3310546875 -55.65990447998047 5
    endloop
  endfacet
  facet normal 0 0 1
    outer loop
      vertex 121.23878479003906 -47.08894348144531 5
      vertex 122.54574584960938 -53.875938415527344 5
      vertex 124.95425415039062 -49.04281234741211 5
    endloop
  endfacet
  facet normal 0 0 1
    outer loop
      vertex 121.23878479003906 -47.08894348144531 5
      vertex 118.76121520996094 -52.11105728149414 5
      vertex 122.54574584960938 -53.875938415527344 5
    endloop
  endfacet
  facet normal 0 0 1
    outer loop
      vertex 117.52253723144531 -45.15348815917969 5
      vertex 118.76121520996094 -52.11105728149414 5
      vertex 121.23878479003906 -47.08894348144531 5
    endloop
  endfacet
  facet normal 0 0 1
    outer loop
      vertex 117.52253723144531 -45.15348815917969 5
      vertex 114.97746276855469 -50.36526107788086 5
      vertex 118.76121520996094 -52.11105728149414 5
    endloop
  endfacet
  facet normal 0 0 1
    outer loop
      vertex 113.80550384521484 -43.236454010009766 5
      vertex 114.97746276855469 -50.36526107788086 5
      vertex 117.52253723144531 -45.15348815917969 5
    endloop
  endfacet
  facet normal 0 0 1
    outer loop
      vertex 113.80550384521484 -43.236454010009766 5
      vertex 111.19449615478516 -48.638545989990234 5
      vertex 114.97746276855469 -50.36526107788086 5
    endloop
  endfacet
  facet normal 0 0 1
    outer loop
      vertex 110.08767700195312 -41.33783721923828 5
      vertex 111.19449615478516 -48.638545989990234 5
      vertex 113.80550384521484 -43.236454010009766 5
    endloop
  endfacet
  facet normal 0 0 1
    outer loop
      vertex 110.08767700195312 -41.33783721923828 5
      vertex 107.41232299804688 -46.930912017822266 5
      vertex 111.19449615478516 -48.638545989990234 5
    endloop
  endfacet
  facet normal 0 0 1
    outer loop
      vertex 106.36904907226562 -39.457645416259766 5
      vertex 107.41232299804688 -46.930912017822266 5
      vertex 110.08767700195312 -41.33783721923828 5
    endloop
  endfacet
  facet normal 0 0 1
    outer loop
      vertex 106.36904907226562 -39.457645416259766 5
      vertex 103.63095092773438 -45.24235534667969 5
      vertex 107.41232299804688 -46.930912017822266 5
    endloop
  endfacet
  facet normal 0 0 1
    outer loop
      vertex 102.64961242675781 -37.595882415771484 5
      vertex 103.63095092773438 -45.24235534667969 5
      vertex 106.36904907226562 -39.457645416259766 5
    endloop
  endfacet
  facet normal 0 0 1
    outer loop
      vertex 102.64961242675781 -37.595882415771484 5
      vertex 99.85038757324219 -43.57286834716797 5
      vertex 103.63095092773438 -45.24235534667969 5
    endloop
  endfacet
  facet normal 0 0 1
    outer loop
      vertex 98.92935943603516 -35.75254821777344 5
      vertex 99.85038757324219 -43.57286834716797 5
      vertex 102.64961242675781 -37.595882415771484 5
    endloop
  endfacet
  facet normal 0 0 1
    outer loop
      vertex 98.92935943603516 -35.75254821777344 5
      vertex 96.07064056396484 -41.92245101928711 5
      vertex 99.85038757324219 -43.57286834716797 5
    endloop
  endfacet
  facet normal 0 0 1
    outer loop
      vertex 95.20829010009766 -33.92764663696289 5
      vertex 96.07064056396484 -41.92245101928711 5
      vertex 98.92935943603516 -35.75254821777344 5
    endloop
  endfacet
  facet normal 0 0 1
    outer loop
      vertex 95.20829010009766 -33.92764663696289 5
      vertex 92.29170989990234 -40.291099548339844 5
      vertex 96.07064056396484 -41.92245101928711 5
    endloop
  endfacet
  facet normal 0 0 1
    outer loop
      vertex 91.48639678955078 -32.121185302734375 5
      vertex 92.29170989990234 -40.291099548339844 5
      vertex 95.20829010009766 -33.92764663696289 5
    endloop
  endfacet
  facet normal 0 0 1
    outer loop
      vertex 91.48639678955078 -32.121185302734375 5
      vertex 88.51360321044922 -38.67881393432617 5
      vertex 92.29170989990234 -40.291099548339844 5
    endloop
  endfacet
  facet normal 0 0 1
    outer loop
      vertex 87.763671875 -30.333162307739258 5
      vertex 88.51360321044922 -38.67881393432617 5
      vertex 91.48639678955078 -32.121185302734375 5
    endloop
  endfacet
  facet normal 0 0 1
    outer loop
      vertex 87.763671875 -30.333162307739258 5
      vertex 84.736328125 -37.08558654785156 5
      vertex 88.51360321044922 -38.67881393432617 5
    endloop
  endfacet
  facet normal 0 0 1
    outer loop
      vertex 84.04010009765625 -28.563583374023438 5
      vertex 84.736328125 -37.08558654785156 5
      vertex 87.763671875 -30.333162307739258 5
    endloop
  endfacet
  facet normal 0 0 1
    outer loop
      vertex 84.04010009765625 -28.563583374023438 5
      vertex 80.95989990234375 -35.51141357421875 5
      vertex 84.736328125 -37.08558654785156 5
    endloop
  endfacet
  facet normal 0 0 1
    outer loop
      vertex 80.31568908691406 -26.812454223632812 5
      vertex 80.95989990234375 -35.51141357421875 5
      vertex 84.04010009765625 -28.563583374023438 5
    endloop
  endfacet
  facet normal 0 0 1
    outer loop
      vertex 80.31568908691406 -26.812454223632812 5
      vertex 77.18431091308594 -33.956295013427734 5
      vertex 80.95989990234375 -35.51141357421875 5
    endloop
  endfacet
  facet normal 0 0 1
    outer loop
      vertex 76.5904312133789 -25.079776763916016 5
      vertex 77.18431091308594 -33.956295013427734 5
      vertex 80.31568908691406 -26.812454223632812 5
    endloop
  endfacet
  facet normal 0 0 1
    outer loop
      vertex 76.5904312133789 -25.079776763916016 5
      vertex 73.4095687866211 -32.420223236083984 5
      vertex 77.18431091308594 -33.956295013427734 5
    endloop
  endfacet
  facet normal 0 0 1
    outer loop
      vertex 72.86431121826172 -23.365554809570312 5
      vertex 73.4095687866211 -32.420223236083984 5
      vertex 76.5904312133789 -25.079776763916016 5
    endloop
  endfacet
  facet normal 0 0 1
    outer loop
      vertex 72.86431121826172 -23.365554809570312 5
      vertex 69.63568878173828 -30.903194427490234 5
      vertex 73.4095687866211 -32.420223236083984 5
    endloop
  endfacet
  facet normal 0 0 1
    outer loop
      vertex 69.1373291015625 -21.66979217529297 5
      vertex 69.63568878173828 -30.903194427490234 5
      vertex 72.86431121826172 -23.365554809570312 5
    endloop
  endfacet
  facet normal 0 0 1
    outer loop
      vertex 69.1373291015625 -21.66979217529297 5
      vertex 65.8626708984375 -29.40520477294922 5
      vertex 69.63568878173828 -30.903194427490234 5
    endloop
  endfacet
  facet normal 0 0 1
    outer loop
      vertex 65.40947723388672 -19.992494583129883 5
      vertex 65.8626708984375 -29.40520477294922 5
      vertex 69.1373291015625 -21.66979217529297 5
    endloop
  endfacet
  facet normal 0 0 1
    outer loop
      vertex 65.40947723388672 -19.992494583129883 5
      vertex 62.09052276611328 -27.926254272460938 5
      vertex 65.8626708984375 -29.40520477294922 5
    endloop
  endfacet
  facet normal 0 0 1
    outer loop
      vertex 61.68075180053711 -18.333663940429688 5
      vertex 62.09052276611328 -27.926254272460938 5
      vertex 65.40947723388672 -19.992494583129883 5
    endloop
  endfacet
  facet normal 0 0 1
    outer loop
      vertex 61.68075180053711 -18.333663940429688 5
      vertex 58.31924819946289 -26.466333389282227 5
      vertex 62.09052276611328 -27.926254272460938 5
    endloop
  endfacet
  facet normal 0 0 1
    outer loop
      vertex 57.951141357421875 -16.693307876586914 5
      vertex 58.31924819946289 -26.466333389282227 5
      vertex 61.68075180053711 -18.333663940429688 5
    endloop
  endfacet
  facet normal 0 0 1
    outer loop
      vertex 57.951141357421875 -16.693307876586914 5
      vertex 54.54885482788086 -25.025440216064453 5
      vertex 58.31924819946289 -26.466333389282227 5
    endloop
  endfacet
  facet normal 0 0 1
    outer loop
      vertex 54.22064971923828 -15.071428298950195 5
      vertex 54.54885482788086 -25.025440216064453 5
      vertex 57.951141357421875 -16.693307876586914 5
    endloop
  endfacet
  facet normal 0 0 1
    outer loop
      vertex 54.22064971923828 -15.071428298950195 5
      vertex 50.77935028076172 -23.60357093811035 5
      vertex 54.54885482788086 -25.025440216064453 5
    endloop
  endfacet
  facet normal 0 0 1
    outer loop
      vertex 50.489261627197266 -13.468029022216797 5
      vertex 50.77935028076172 -23.60357093811035 5
      vertex 54.22064971923828 -15.071428298950195 5
    endloop
  endfacet
  facet normal 0 0 1
    outer loop
      vertex 50.489261627197266 -13.468029022216797 5
      vertex 47.010738372802734 -22.200719833374023 5
      vertex 50.77935028076172 -23.60357093811035 5
    endloop
  endfacet
  facet normal 0 0 1
    outer loop
      vertex 46.75697326660156 -11.883116722106934 5
      vertex 47.010738372802734 -22.200719833374023 5
      vertex 50.489261627197266 -13.468029022216797 5
    endloop
  endfacet
  facet normal 0 0 1
    outer loop
      vertex 46.75697326660156 -11.883116722106934 5
      vertex 43.24302673339844 -20.816883087158203 5
      vertex 47.010738372802734 -22.200719833374023 5
    endloop
  endfacet
  facet normal 0 0 1
    outer loop
      vertex 43.023780822753906 -10.316695213317871 5
      vertex 43.24302673339844 -20.816883087158203 5
      vertex 46.75697326660156 -11.883116722106934 5
    endloop
  endfacet
  facet normal 0 0 1
    outer loop
      vertex 43.023780822753906 -10.316695213317871 5
      vertex 39.476219177246094 -19.45205307006836 5
      vertex 43.24302673339844 -20.816883087158203 5
    endloop
  endfacet
  facet normal 0 0 1
    outer loop
      vertex 39.28968048095703 -8.768769264221191 5
      vertex 39.476219177246094 -19.45205307006836 5
      vertex 43.023780822753906 -10.316695213317871 5
    endloop
  endfacet
  facet normal 0 0 1
    outer loop
      vertex 39.28968048095703 -8.768769264221191 5
      vertex 35.71031951904297 -18.106229782104492 5
      vertex 39.476219177246094 -19.45205307006836 5
    endloop
  endfacet
  facet normal 0 0 1
    outer loop
      vertex 35.55466079711914 -7.239343643188477 5
      vertex 35.71031951904297 -18.106229782104492 5
      vertex 39.28968048095703 -8.768769264221191 5
    endloop
  endfacet
  facet normal 0 0 1
    outer loop
      vertex 35.55466079711914 -7.239343643188477 5
      vertex 31.94533920288086 -16.77940559387207 5
      vertex 35.71031951904297 -18.106229782104492 5
    endloop
  endfacet
  facet normal 0 0 1
    outer loop
      vertex 31.818721771240234 -5.728424072265625 5
      vertex 31.94533920288086 -16.77940559387207 5
      vertex 35.55466079711914 -7.239343643188477 5
    endloop
  endfacet
  facet normal 0 0 1
    outer loop
      vertex 31.818721771240234 -5.728424072265625 5
      vertex 28.181278228759766 -15.471575736999512 5
      vertex 31.94533920288086 -16.77940559387207 5
    endloop
  endfacet
  facet normal 0 0 1
    outer loop
      vertex 28.08185386657715 -4.236014366149902 5
      vertex 28.181278228759766 -15.471575736999512 5
      vertex 31.818721771240234 -5.728424072265625 5
    endloop
  endfacet
  facet normal 0 0 1
    outer loop
      vertex 28.08185386657715 -4.236014366149902 5
      vertex 24.41814422607422 -14.182734489440918 5
      vertex 28.181278228759766 -15.471575736999512 5
    endloop
  endfacet
  facet normal 0 0 1
    outer loop
      vertex 24.344053268432617 -2.7621212005615234 5
      vertex 24.41814422607422 -14.182734489440918 5
      vertex 28.08185386657715 -4.236014366149902 5
    endloop
  endfacet
  facet normal 0 0 1
    outer loop
      vertex 24.344053268432617 -2.7621212005615234 5
      vertex 20.65594482421875 -12.912878036499023 5
      vertex 24.41814422607422 -14.182734489440918 5
    endloop
  endfacet
  facet normal 0 0 1
    outer loop
      vertex 20.605316162109375 -1.3067493438720703 5
      vertex 20.65594482421875 -12.912878036499023 5
      vertex 24.344053268432617 -2.7621212005615234 5
    endloop
  endfacet
  facet normal 0 0 1
    outer loop
      vertex 20.605316162109375 -1.3067493438720703 5
      vertex 16.894683837890625 -11.661999702453613 5
      vertex 20.65594482421875 -12.912878036499023 5
    endloop
  endfacet
  facet normal 0 0 1
    outer loop
      vertex 16.865633010864258 0.1300954818725586 5
      vertex 16.894683837890625 -11.661999702453613 5
      vertex 20.605316162109375 -1.3067493438720703 5
    endloop
  endfacet
  facet normal 0 0 1
    outer loop
      vertex 16.865633010864258 0.1300954818725586 5
      vertex 13.134366035461426 -10.430095672607422 5
      vertex 16.894683837890625 -11.661999702453613 5
    endloop
  endfacet
  facet normal 0 0 1
    outer loop
      vertex 13.12500286102295 1.5484085083007812 5
      vertex 13.134366035461426 -10.430095672607422 5
      vertex 16.865633010864258 0.1300954818725586 5
    endloop
  endfacet
  facet normal 0 0 1
    outer loop
      vertex 9.374996185302734 -9.217158317565918 5
      vertex 13.12500286102295 1.5484085083007812 5
      vertex 9.383418083190918 2.948184013366699 5
    endloop
  endfacet
  facet normal 0 0 1
    outer loop
      vertex 13.12500286102295 1.5484085083007812 5
      vertex 9.374996185302734 -9.217158317565918 5
      vertex 13.134366035461426 -10.430095672607422 5
    endloop
  endfacet
  facet normal 0 0 1
    outer loop
      vertex 0 0 5
      vertex 9.383418083190918 2.948184013366699 5
      vertex 5.640873908996582 4.329416275024414 5
    endloop
  endfacet
  facet normal 0 0 1
    outer loop
      vertex 9.383418083190918 2.948184013366699 5
      vertex 5.616580963134766 -8.023183822631836 5
      vertex 9.374996185302734 -9.217158317565918 5
    endloop
  endfacet
  facet normal 0 0 1
    outer loop
      vertex 0 0 5
      vertex 5.640873908996582 4.329416275024414 5
      vertex 1.8973665237426758 5.692099571228027 5
    endloop
  endfacet
  facet normal 0 0 1
    outer loop
      vertex 9.383418083190918 2.948184013366699 5
      vertex 0 0 5
      vertex 5.616580963134766 -8.023183822631836 5
    endloop
  endfacet
  facet normal 0 0 1
    outer loop
      vertex 5.616580963134766 -8.023183822631836 5
      vertex 0 0 5
      vertex 1.8591251373291016 -6.848166465759277 5
    endloop
  endfacet
  facet normal 0 0 1
    outer loop
      vertex 0 0 5
      vertex 0 -6.276017665863037 5
      vertex 1.8591251373291016 -6.848166465759277 5
    endloop
  endfacet
  facet normal 0 0 1
    outer loop
      vertex 0 0 5
      vertex -1.8591251373291016 -6.848166465759277 5
      vertex 0 -6.276017665863037 5
    endloop
  endfacet
  facet normal 0 0 1
    outer loop
      vertex -5.640873908996582 4.329416275024414 5
      vertex 0 0 5
      vertex -1.8973665237426758 5.692099571228027 5
    endloop
  endfacet
  facet normal 0 0 1
    outer loop
      vertex -9.383418083190918 2.948184013366699 5
      vertex 0 0 5
      vertex -5.640873908996582 4.329416275024414 5
    endloop
  endfacet
  facet normal 0 0 1
    outer loop
      vertex 0 0 5
      vertex -5.616580963134766 -8.023183822631836 5
      vertex -1.8591251373291016 -6.848166465759277 5
    endloop
  endfacet
  facet normal 0 0 1
    outer loop
      vertex 0 0 5
      vertex -9.383418083190918 2.948184013366699 5
      vertex -5.616580963134766 -8.023183822631836 5
    endloop
  endfacet
  facet normal 0 0 1
    outer loop
      vertex -5.616580963134766 -8.023183822631836 5
      vertex -9.383418083190918 2.948184013366699 5
      vertex -9.374996185302734 -9.217158317565918 5
    endloop
  endfacet
  facet normal 0 0 1
    outer loop
      vertex -13.12500286102295 1.5484085083007812 5
      vertex -9.374996185302734 -9.217158317565918 5
      vertex -9.383418083190918 2.948184013366699 5
    endloop
  endfacet
  facet normal 0 0 1
    outer loop
      vertex -13.12500286102295 1.5484085083007812 5
      vertex -13.134366035461426 -10.430095672607422 5
      vertex -9.374996185302734 -9.217158317565918 5
    endloop
  endfacet
  facet normal 0 0 1
    outer loop
      vertex -16.865633010864258 0.1300954818725586 5
      vertex -13.134366035461426 -10.430095672607422 5
      vertex -13.12500286102295 1.5484085083007812 5
    endloop
  endfacet
  facet normal 0 0 1
    outer loop
      vertex -16.865633010864258 0.1300954818725586 5
      vertex -16.894683837890625 -11.661999702453613 5
      vertex -13.134366035461426 -10.430095672607422 5
    endloop
  endfacet
  facet normal 0 0 1
    outer loop
      vertex -20.605316162109375 -1.3067493438720703 5
      vertex -16.894683837890625 -11.661999702453613 5
      vertex -16.865633010864258 0.1300954818725586 5
    endloop
  endfacet
  facet normal 0 0 1
    outer loop
      vertex -20.605316162109375 -1.3067493438720703 5
      vertex -20.65594482421875 -12.912878036499023 5
      vertex -16.894683837890625 -11.661999702453613 5
    endloop
  endfacet
  facet normal 0 0 1
    outer loop
      vertex -24.344053268432617 -2.7621212005615234 5
      vertex -20.65594482421875 -12.912878036499023 5
      vertex -20.605316162109375 -1.3067493438720703 5
    endloop
  endfacet
  facet normal 0 0 1
    outer loop
      vertex -24.344053268432617 -2.7621212005615234 5
      vertex -24.41814422607422 -14.182734489440918 5
      vertex -20.65594482421875 -12.912878036499023 5
    endloop
  endfacet
  facet normal 0 0 1
    outer loop
      vertex -28.08185386657715 -4.236014366149902 5
      vertex -24.41814422607422 -14.182734489440918 5
      vertex -24.344053268432617 -2.7621212005615234 5
    endloop
  endfacet
  facet normal 0 0 1
    outer loop
      vertex -28.08185386657715 -4.236014366149902 5
      vertex -28.181278228759766 -15.471575736999512 5
      vertex -24.41814422607422 -14.182734489440918 5
    endloop
  endfacet
  facet normal 0 0 1
    outer loop
      vertex -31.818721771240234 -5.728424072265625 5
      vertex -28.181278228759766 -15.471575736999512 5
      vertex -28.08185386657715 -4.236014366149902 5
    endloop
  endfacet
  facet normal 0 0 1
    outer loop
      vertex -31.818721771240234 -5.728424072265625 5
      vertex -31.94533920288086 -16.77940559387207 5
      vertex -28.181278228759766 -15.471575736999512 5
    endloop
  endfacet
  facet normal 0 0 1
    outer loop
      vertex -35.55466079711914 -7.239343643188477 5
      vertex -31.94533920288086 -16.77940559387207 5
      vertex -31.818721771240234 -5.728424072265625 5
    endloop
  endfacet
  facet normal 0 0 1
    outer loop
      vertex -35.55466079711914 -7.239343643188477 5
      vertex -35.71031951904297 -18.106229782104492 5
      vertex -31.94533920288086 -16.77940559387207 5
    endloop
  endfacet
  facet normal 0 0 1
    outer loop
      vertex -39.28968048095703 -8.768769264221191 5
      vertex -35.71031951904297 -18.106229782104492 5
      vertex -35.55466079711914 -7.239343643188477 5
    endloop
  endfacet
  facet normal 0 0 1
    outer loop
      vertex -39.28968048095703 -8.768769264221191 5
      vertex -39.476219177246094 -19.45205307006836 5
      vertex -35.71031951904297 -18.106229782104492 5
    endloop
  endfacet
  facet normal 0 0 1
    outer loop
      vertex -43.023780822753906 -10.316695213317871 5
      vertex -39.476219177246094 -19.45205307006836 5
      vertex -39.28968048095703 -8.768769264221191 5
    endloop
  endfacet
  facet normal 0 0 1
    outer loop
      vertex -43.023780822753906 -10.316695213317871 5
      vertex -43.24302673339844 -20.816883087158203 5
      vertex -39.476219177246094 -19.45205307006836 5
    endloop
  endfacet
  facet normal 0 0 1
    outer loop
      vertex -46.75697326660156 -11.883116722106934 5
      vertex -43.24302673339844 -20.816883087158203 5
      vertex -43.023780822753906 -10.316695213317871 5
    endloop
  endfacet
  facet normal 0 0 1
    outer loop
      vertex -46.75697326660156 -11.883116722106934 5
      vertex -47.010738372802734 -22.200719833374023 5
      vertex -43.24302673339844 -20.816883087158203 5
    endloop
  endfacet
  facet normal 0 0 1
    outer loop
      vertex -50.489261627197266 -13.468029022216797 5
      vertex -47.010738372802734 -22.200719833374023 5
      vertex -46.75697326660156 -11.883116722106934 5
    endloop
  endfacet
  facet normal 0 0 1
    outer loop
      vertex -50.489261627197266 -13.468029022216797 5
      vertex -50.77935028076172 -23.60357093811035 5
      vertex -47.010738372802734 -22.200719833374023 5
    endloop
  endfacet
  facet normal 0 0 1
    outer loop
      vertex -54.22064971923828 -15.071428298950195 5
      vertex -50.77935028076172 -23.60357093811035 5
      vertex -50.489261627197266 -13.468029022216797 5
    endloop
  endfacet
  facet normal 0 0 1
    outer loop
      vertex -54.22064971923828 -15.071428298950195 5
      vertex -54.54885482788086 -25.025440216064453 5
      vertex -50.77935028076172 -23.60357093811035 5
    endloop
  endfacet
  facet normal 0 0 1
    outer loop
      vertex -57.951141357421875 -16.693307876586914 5
      vertex -54.54885482788086 -25.025440216064453 5
      vertex -54.22064971923828 -15.071428298950195 5
    endloop
  endfacet
  facet normal 0 0 1
    outer loop
      vertex -57.951141357421875 -16.693307876586914 5
      vertex -58.31924819946289 -26.466333389282227 5
      vertex -54.54885482788086 -25.025440216064453 5
    endloop
  endfacet
  facet normal 0 0 1
    outer loop
      vertex -61.68075180053711 -18.333663940429688 5
      vertex -58.31924819946289 -26.466333389282227 5
      vertex -57.951141357421875 -16.693307876586914 5
    endloop
  endfacet
  facet normal 0 0 1
    outer loop
      vertex -61.68075180053711 -18.333663940429688 5
      vertex -62.09052276611328 -27.926254272460938 5
      vertex -58.31924819946289 -26.466333389282227 5
    endloop
  endfacet
  facet normal 0 0 1
    outer loop
      vertex -65.40947723388672 -19.992494583129883 5
      vertex -62.09052276611328 -27.926254272460938 5
      vertex -61.68075180053711 -18.333663940429688 5
    endloop
  endfacet
  facet normal 0 0 1
    outer loop
      vertex -65.40947723388672 -19.992494583129883 5
      vertex -65.8626708984375 -29.40520477294922 5
      vertex -62.09052276611328 -27.926254272460938 5
    endloop
  endfacet
  facet normal 0 0 1
    outer loop
      vertex -69.1373291015625 -21.66979217529297 5
      vertex -65.8626708984375 -29.40520477294922 5
      vertex -65.40947723388672 -19.992494583129883 5
    endloop
  endfacet
  facet normal 0 0 1
    outer loop
      vertex -69.1373291015625 -21.66979217529297 5
      vertex -69.63568878173828 -30.903194427490234 5
      vertex -65.8626708984375 -29.40520477294922 5
    endloop
  endfacet
  facet normal 0 0 1
    outer loop
      vertex -72.86431121826172 -23.365554809570312 5
      vertex -69.63568878173828 -30.903194427490234 5
      vertex -69.1373291015625 -21.66979217529297 5
    endloop
  endfacet
  facet normal 0 0 1
    outer loop
      vertex -72.86431121826172 -23.365554809570312 5
      vertex -73.4095687866211 -32.420223236083984 5
      vertex -69.63568878173828 -30.903194427490234 5
    endloop
  endfacet
  facet normal 0 0 1
    outer loop
      vertex -76.5904312133789 -25.079776763916016 5
      vertex -73.4095687866211 -32.420223236083984 5
      vertex -72.86431121826172 -23.365554809570312 5
    endloop
  endfacet
  facet normal 0 0 1
    outer loop
      vertex -76.5904312133789 -25.079776763916016 5
      vertex -77.18431091308594 -33.956295013427734 5
      vertex -73.4095687866211 -32.420223236083984 5
    endloop
  endfacet
  facet normal 0 0 1
    outer loop
      vertex -80.31568908691406 -26.812454223632812 5
      vertex -77.18431091308594 -33.956295013427734 5
      vertex -76.5904312133789 -25.079776763916016 5
    endloop
  endfacet
  facet normal 0 0 1
    outer loop
      vertex -80.31568908691406 -26.812454223632812 5
      vertex -80.95989990234375 -35.51141357421875 5
      vertex -77.18431091308594 -33.956295013427734 5
    endloop
  endfacet
  facet normal 0 0 1
    outer loop
      vertex -84.04010009765625 -28.563583374023438 5
      vertex -80.95989990234375 -35.51141357421875 5
      vertex -80.31568908691406 -26.812454223632812 5
    endloop
  endfacet
  facet normal 0 0 1
    outer loop
      vertex -84.04010009765625 -28.563583374023438 5
      vertex -84.736328125 -37.08558654785156 5
      vertex -80.95989990234375 -35.51141357421875 5
    endloop
  endfacet
  facet normal 0 0 1
    outer loop
      vertex -87.763671875 -30.333162307739258 5
      vertex -84.736328125 -37.08558654785156 5
      vertex -84.04010009765625 -28.563583374023438 5
    endloop
  endfacet
  facet normal 0 0 1
    outer loop
      vertex -87.763671875 -30.333162307739258 5
      vertex -88.51360321044922 -38.67881393432617 5
      vertex -84.736328125 -37.08558654785156 5
    endloop
  endfacet
  facet normal 0 0 1
    outer loop
      vertex -91.48639678955078 -32.121185302734375 5
      vertex -88.51360321044922 -38.67881393432617 5
      vertex -87.763671875 -30.333162307739258 5
    endloop
  endfacet
  facet normal 0 0 1
    outer loop
      vertex -91.48639678955078 -32.121185302734375 5
      vertex -92.29170989990234 -40.291099548339844 5
      vertex -88.51360321044922 -38.67881393432617 5
    endloop
  endfacet
  facet normal 0 0 1
    outer loop
      vertex -95.20829010009766 -33.92764663696289 5
      vertex -92.29170989990234 -40.291099548339844 5
      vertex -91.48639678955078 -32.121185302734375 5
    endloop
  endfacet
  facet normal 0 0 1
    outer loop
      vertex -95.20829010009766 -33.92764663696289 5
      vertex -96.07064056396484 -41.92245101928711 5
      vertex -92.29170989990234 -40.291099548339844 5
    endloop
  endfacet
  facet normal 0 0 1
    outer loop
      vertex -98.92935943603516 -35.75254821777344 5
      vertex -96.07064056396484 -41.92245101928711 5
      vertex -95.20829010009766 -33.92764663696289 5
    endloop
  endfacet
  facet normal 0 0 1
    outer loop
      vertex -98.92935943603516 -35.75254821777344 5
      vertex -99.85038757324219 -43.57286834716797 5
      vertex -96.07064056396484 -41.92245101928711 5
    endloop
  endfacet
  facet normal 0 0 1
    outer loop
      vertex -102.64961242675781 -37.595882415771484 5
      vertex -99.85038757324219 -43.57286834716797 5
      vertex -98.92935943603516 -35.75254821777344 5
    endloop
  endfacet
  facet normal 0 0 1
    outer loop
      vertex -102.64961242675781 -37.595882415771484 5
      vertex -103.63095092773438 -45.24235534667969 5
      vertex -99.85038757324219 -43.57286834716797 5
    endloop
  endfacet
  facet normal 0 0 1
    outer loop
      vertex -106.36904907226562 -39.457645416259766 5
      vertex -103.63095092773438 -45.24235534667969 5
      vertex -102.64961242675781 -37.595882415771484 5
    endloop
  endfacet
  facet normal 0 0 1
    outer loop
      vertex -106.36904907226562 -39.457645416259766 5
      vertex -107.41232299804688 -46.930912017822266 5
      vertex -103.63095092773438 -45.24235534667969 5
    endloop
  endfacet
  facet normal 0 0 1
    outer loop
      vertex -110.08767700195312 -41.33783721923828 5
      vertex -107.41232299804688 -46.930912017822266 5
      vertex -106.36904907226562 -39.457645416259766 5
    endloop
  endfacet
  facet normal 0 0 1
    outer loop
      vertex -110.08767700195312 -41.33783721923828 5
      vertex -111.19449615478516 -48.638545989990234 5
      vertex -107.41232299804688 -46.930912017822266 5
    endloop
  endfacet
  facet normal 0 0 1
    outer loop
      vertex -113.80550384521484 -43.236454010009766 5
      vertex -111.19449615478516 -48.638545989990234 5
      vertex -110.08767700195312 -41.33783721923828 5
    endloop
  endfacet
  facet normal 0 0 1
    outer loop
      vertex -113.80550384521484 -43.236454010009766 5
      vertex -114.97746276855469 -50.36526107788086 5
      vertex -111.19449615478516 -48.638545989990234 5
    endloop
  endfacet
  facet normal 0 0 1
    outer loop
      vertex -117.52253723144531 -45.15348815917969 5
      vertex -114.97746276855469 -50.36526107788086 5
      vertex -113.80550384521484 -43.236454010009766 5
    endloop
  endfacet
  facet normal 0 0 1
    outer loop
      vertex -117.52253723144531 -45.15348815917969 5
      vertex -118.76121520996094 -52.11105728149414 5
      vertex -114.97746276855469 -50.36526107788086 5
    endloop
  endfacet
  facet normal 0 0 1
    outer loop
      vertex -121.23878479003906 -47.08894348144531 5
      vertex -118.76121520996094 -52.11105728149414 5
      vertex -117.52253723144531 -45.15348815917969 5
    endloop
  endfacet
  facet normal 0 0 1
    outer loop
      vertex -121.23878479003906 -47.08894348144531 5
      vertex -122.54574584960938 -53.875938415527344 5
      vertex -118.76121520996094 -52.11105728149414 5
    endloop
  endfacet
  facet normal 0 0 1
    outer loop
      vertex -124.95425415039062 -49.04281234741211 5
      vertex -122.54574584960938 -53.875938415527344 5
      vertex -121.23878479003906 -47.08894348144531 5
    endloop
  endfacet
  facet normal 0 0 1
    outer loop
      vertex -124.95425415039062 -49.04281234741211 5
      vertex -126.3310546875 -55.65990447998047 5
      vertex -122.54574584960938 -53.875938415527344 5
    endloop
  endfacet
  facet normal 0 0 1
    outer loop
      vertex -128.6689453125 -51.01509475708008 5
      vertex -126.3310546875 -55.65990447998047 5
      vertex -124.95425415039062 -49.04281234741211 5
    endloop
  endfacet
  facet normal 0 0 1
    outer loop
      vertex -128.6689453125 -51.01509475708008 5
      vertex -130.11712646484375 -57.46296310424805 5
      vertex -126.3310546875 -55.65990447998047 5
    endloop
  endfacet
  facet normal 0 0 1
    outer loop
      vertex -132.38287353515625 -53.00578308105469 5
      vertex -130.11712646484375 -57.46296310424805 5
      vertex -128.6689453125 -51.01509475708008 5
    endloop
  endfacet
  facet normal 0 0 1
    outer loop
      vertex -132.38287353515625 -53.00578308105469 5
      vertex -133.9039764404297 -59.285118103027344 5
      vertex -130.11712646484375 -57.46296310424805 5
    endloop
  endfacet
  facet normal 0 0 1
    outer loop
      vertex -136.0960235595703 -55.0148811340332 5
      vertex -133.9039764404297 -59.285118103027344 5
      vertex -132.38287353515625 -53.00578308105469 5
    endloop
  endfacet
  facet normal 0 0 1
    outer loop
      vertex -136.0960235595703 -55.0148811340332 5
      vertex -137.6915740966797 -61.126365661621094 5
      vertex -133.9039764404297 -59.285118103027344 5
    endloop
  endfacet
  facet normal 0 0 1
    outer loop
      vertex -139.8084259033203 -57.04238510131836 5
      vertex -137.6915740966797 -61.126365661621094 5
      vertex -136.0960235595703 -55.0148811340332 5
    endloop
  endfacet
  facet normal 0 0 1
    outer loop
      vertex -139.8084259033203 -57.04238510131836 5
      vertex -141.47991943359375 -62.98670959472656 5
      vertex -137.6915740966797 -61.126365661621094 5
    endloop
  endfacet
  facet normal 0 0 1
    outer loop
      vertex -143.52008056640625 -59.088287353515625 5
      vertex -141.47991943359375 -62.98670959472656 5
      vertex -139.8084259033203 -57.04238510131836 5
    endloop
  endfacet
  facet normal 0 0 1
    outer loop
      vertex -143.52008056640625 -59.088287353515625 5
      vertex -145.2689971923828 -64.86615753173828 5
      vertex -141.47991943359375 -62.98670959472656 5
    endloop
  endfacet
  facet normal 0 0 1
    outer loop
      vertex -147.2310028076172 -61.152591705322266 5
      vertex -145.2689971923828 -64.86615753173828 5
      vertex -143.52008056640625 -59.088287353515625 5
    endloop
  endfacet
  facet normal 0 0 1
    outer loop
      vertex -147.2310028076172 -61.152591705322266 5
      vertex -149.05882263183594 -66.76470947265625 5
      vertex -145.2689971923828 -64.86615753173828 5
    endloop
  endfacet
  facet normal 0 0 1
    outer loop
      vertex -149.05882263183594 -66.76470947265625 5
      vertex -147.2310028076172 -61.152591705322266 5
      vertex -150.94117736816406 -63.235294342041016 5
    endloop
  endfacet
  facet normal -0.4894985896596872 0.8720040887066857 0
    outer loop
      vertex -147.2310028076172 -61.152591705322266 -5
      vertex -150.94117736816406 -63.235294342041016 5
      vertex -147.2310028076172 -61.152591705322266 5
    endloop
  endfacet
  facet normal -0.4894985896596872 0.8720040887066857 0
    outer loop
      vertex -150.94117736816406 -63.235294342041016 5
      vertex -147.2310028076172 -61.152591705322266 -5
      vertex -150.94117736816406 -63.235294342041016 -5
    endloop
  endfacet
  facet normal -0.4861252843653579 0.8738891279222439 0
    outer loop
      vertex -143.52008056640625 -59.088287353515625 -5
      vertex -147.2310028076172 -61.152591705322266 5
      vertex -143.52008056640625 -59.088287353515625 5
    endloop
  endfacet
  facet normal -0.4861252843653579 0.8738891279222439 0
    outer loop
      vertex -147.2310028076172 -61.152591705322266 5
      vertex -143.52008056640625 -59.088287353515625 -5
      vertex -147.2310028076172 -61.152591705322266 -5
    endloop
  endfacet
  facet normal -0.48273231185310195 0.8757679573339958 0
    outer loop
      vertex -139.8084259033203 -57.04238510131836 -5
      vertex -143.52008056640625 -59.088287353515625 5
      vertex -139.8084259033203 -57.04238510131836 5
    endloop
  endfacet
  facet normal -0.48273231185310195 0.8757679573339958 0
    outer loop
      vertex -143.52008056640625 -59.088287353515625 5
      vertex -139.8084259033203 -57.04238510131836 -5
      vertex -143.52008056640625 -59.088287353515625 -5
    endloop
  endfacet
  facet normal -0.4793179906510861 0.8776413070487312 0
    outer loop
      vertex -136.0960235595703 -55.0148811340332 -5
      vertex -139.8084259033203 -57.04238510131836 5
      vertex -136.0960235595703 -55.0148811340332 5
    endloop
  endfacet
  facet normal -0.4793179906510861 0.8776413070487312 0
    outer loop
      vertex -139.8084259033203 -57.04238510131836 5
      vertex -136.0960235595703 -55.0148811340332 -5
      vertex -139.8084259033203 -57.04238510131836 -5
    endloop
  endfacet
  facet normal -0.47588175726479925 0.8795092683437546 0
    outer loop
      vertex -132.38287353515625 -53.00578308105469 -5
      vertex -136.0960235595703 -55.0148811340332 5
      vertex -132.38287353515625 -53.00578308105469 5
    endloop
  endfacet
  facet normal -0.47588175726479925 0.8795092683437546 0
    outer loop
      vertex -136.0960235595703 -55.0148811340332 5
      vertex -132.38287353515625 -53.00578308105469 -5
      vertex -136.0960235595703 -55.0148811340332 -5
    endloop
  endfacet
  facet normal -0.47242127050481275 0.8813728740860015 0
    outer loop
      vertex -128.6689453125 -51.01509475708008 -5
      vertex -132.38287353515625 -53.00578308105469 5
      vertex -128.6689453125 -51.01509475708008 5
    endloop
  endfacet
  facet normal -0.47242127050481275 0.8813728740860015 0
    outer loop
      vertex -132.38287353515625 -53.00578308105469 5
      vertex -128.6689453125 -51.01509475708008 -5
      vertex -132.38287353515625 -53.00578308105469 -5
    endloop
  endfacet
  facet normal -0.4689424712435816 0.8832287125450365 0
    outer loop
      vertex -124.95425415039062 -49.04281234741211 -5
      vertex -128.6689453125 -51.01509475708008 5
      vertex -124.95425415039062 -49.04281234741211 5
    endloop
  endfacet
  facet normal -0.4689424712435816 0.8832287125450365 0
    outer loop
      vertex -128.6689453125 -51.01509475708008 5
      vertex -124.95425415039062 -49.04281234741211 -5
      vertex -128.6689453125 -51.01509475708008 -5
    endloop
  endfacet
  facet normal -0.46544023045251176 0.8850793138901806 0
    outer loop
      vertex -121.23878479003906 -47.08894348144531 -5
      vertex -124.95425415039062 -49.04281234741211 5
      vertex -121.23878479003906 -47.08894348144531 5
    endloop
  endfacet
  facet normal -0.46544023045251176 0.8850793138901806 0
    outer loop
      vertex -124.95425415039062 -49.04281234741211 5
      vertex -121.23878479003906 -47.08894348144531 -5
      vertex -124.95425415039062 -49.04281234741211 -5
    endloop
  endfacet
  facet normal -0.4619174698528201 0.886922911557013 0
    outer loop
      vertex -117.52253723144531 -45.15348815917969 -5
      vertex -121.23878479003906 -47.08894348144531 5
      vertex -117.52253723144531 -45.15348815917969 5
    endloop
  endfacet
  facet normal -0.4619174698528201 0.886922911557013 0
    outer loop
      vertex -121.23878479003906 -47.08894348144531 5
      vertex -117.52253723144531 -45.15348815917969 -5
      vertex -121.23878479003906 -47.08894348144531 -5
    endloop
  endfacet
  facet normal -0.45837201608950756 0.888760426023819 0
    outer loop
      vertex -113.80550384521484 -43.236454010009766 -5
      vertex -117.52253723144531 -45.15348815917969 5
      vertex -113.80550384521484 -43.236454010009766 5
    endloop
  endfacet
  facet normal -0.45837201608950756 0.888760426023819 0
    outer loop
      vertex -117.52253723144531 -45.15348815917969 5
      vertex -113.80550384521484 -43.236454010009766 -5
      vertex -117.52253723144531 -45.15348815917969 -5
    endloop
  endfacet
  facet normal -0.4548060404481145 0.8905905150920416 0
    outer loop
      vertex -110.08767700195312 -41.33783721923828 -5
      vertex -113.80550384521484 -43.236454010009766 5
      vertex -110.08767700195312 -41.33783721923828 5
    endloop
  endfacet
  facet normal -0.4548060404481145 0.8905905150920416 0
    outer loop
      vertex -113.80550384521484 -43.236454010009766 5
      vertex -110.08767700195312 -41.33783721923828 -5
      vertex -113.80550384521484 -43.236454010009766 -5
    endloop
  endfacet
  facet normal -0.4512173953118627 0.892414064304221 0
    outer loop
      vertex -106.36904907226562 -39.457645416259766 -5
      vertex -110.08767700195312 -41.33783721923828 5
      vertex -106.36904907226562 -39.457645416259766 5
    endloop
  endfacet
  facet normal -0.4512173953118627 0.892414064304221 0
    outer loop
      vertex -110.08767700195312 -41.33783721923828 5
      vertex -106.36904907226562 -39.457645416259766 -5
      vertex -110.08767700195312 -41.33783721923828 -5
    endloop
  endfacet
  facet normal -0.4476068189531649 0.8942304712022671 0
    outer loop
      vertex -102.64961242675781 -37.595882415771484 -5
      vertex -106.36904907226562 -39.457645416259766 5
      vertex -102.64961242675781 -37.595882415771484 5
    endloop
  endfacet
  facet normal -0.4476068189531649 0.8942304712022671 0
    outer loop
      vertex -106.36904907226562 -39.457645416259766 5
      vertex -102.64961242675781 -37.595882415771484 -5
      vertex -106.36904907226562 -39.457645416259766 -5
    endloop
  endfacet
  facet normal -0.44397507091682015 0.89603913776375 0
    outer loop
      vertex -98.92935943603516 -35.75254821777344 -5
      vertex -102.64961242675781 -37.595882415771484 5
      vertex -98.92935943603516 -35.75254821777344 5
    endloop
  endfacet
  facet normal -0.44397507091682015 0.89603913776375 0
    outer loop
      vertex -102.64961242675781 -37.595882415771484 5
      vertex -98.92935943603516 -35.75254821777344 -5
      vertex -102.64961242675781 -37.595882415771484 -5
    endloop
  endfacet
  facet normal -0.44032217586233763 0.8978398417556757 0
    outer loop
      vertex -95.20829010009766 -33.92764663696289 -5
      vertex -98.92935943603516 -35.75254821777344 5
      vertex -95.20829010009766 -33.92764663696289 5
    endloop
  endfacet
  facet normal -0.44032217586233763 0.8978398417556757 0
    outer loop
      vertex -98.92935943603516 -35.75254821777344 5
      vertex -95.20829010009766 -33.92764663696289 -5
      vertex -98.92935943603516 -35.75254821777344 -5
    endloop
  endfacet
  facet normal -0.436646683230484 0.8996330774398067 0
    outer loop
      vertex -91.48639678955078 -32.121185302734375 -5
      vertex -95.20829010009766 -33.92764663696289 5
      vertex -91.48639678955078 -32.121185302734375 5
    endloop
  endfacet
  facet normal -0.436646683230484 0.8996330774398067 0
    outer loop
      vertex -95.20829010009766 -33.92764663696289 5
      vertex -91.48639678955078 -32.121185302734375 -5
      vertex -95.20829010009766 -33.92764663696289 -5
    endloop
  endfacet
  facet normal -0.43295049067962427 0.9014177015237013 0
    outer loop
      vertex -87.763671875 -30.333162307739258 -5
      vertex -91.48639678955078 -32.121185302734375 5
      vertex -87.763671875 -30.333162307739258 5
    endloop
  endfacet
  facet normal -0.43295049067962427 0.9014177015237013 0
    outer loop
      vertex -91.48639678955078 -32.121185302734375 5
      vertex -87.763671875 -30.333162307739258 -5
      vertex -91.48639678955078 -32.121185302734375 -5
    endloop
  endfacet
  facet normal -0.42923142883874327 0.90319454188843 0
    outer loop
      vertex -84.04010009765625 -28.563583374023438 -5
      vertex -87.763671875 -30.333162307739258 5
      vertex -84.04010009765625 -28.563583374023438 5
    endloop
  endfacet
  facet normal -0.42923142883874327 0.90319454188843 0
    outer loop
      vertex -87.763671875 -30.333162307739258 5
      vertex -84.04010009765625 -28.563583374023438 -5
      vertex -87.763671875 -30.333162307739258 -5
    endloop
  endfacet
  facet normal -0.4254916864327123 0.9049623333468894 0
    outer loop
      vertex -80.31568908691406 -26.812454223632812 -5
      vertex -84.04010009765625 -28.563583374023438 5
      vertex -80.31568908691406 -26.812454223632812 5
    endloop
  endfacet
  facet normal -0.4254916864327123 0.9049623333468894 0
    outer loop
      vertex -84.04010009765625 -28.563583374023438 5
      vertex -80.31568908691406 -26.812454223632812 -5
      vertex -84.04010009765625 -28.563583374023438 -5
    endloop
  endfacet
  facet normal -0.42173062544894746 0.9067211696869328 0
    outer loop
      vertex -76.5904312133789 -25.079776763916016 -5
      vertex -80.31568908691406 -26.812454223632812 5
      vertex -76.5904312133789 -25.079776763916016 5
    endloop
  endfacet
  facet normal -0.42173062544894746 0.9067211696869328 0
    outer loop
      vertex -80.31568908691406 -26.812454223632812 5
      vertex -76.5904312133789 -25.079776763916016 -5
      vertex -80.31568908691406 -26.812454223632812 -5
    endloop
  endfacet
  facet normal -0.4179472136517832 0.9084713130312431 0
    outer loop
      vertex -72.86431121826172 -23.365554809570312 -5
      vertex -76.5904312133789 -25.079776763916016 5
      vertex -72.86431121826172 -23.365554809570312 5
    endloop
  endfacet
  facet normal -0.4179472136517832 0.9084713130312431 0
    outer loop
      vertex -76.5904312133789 -25.079776763916016 5
      vertex -72.86431121826172 -23.365554809570312 -5
      vertex -76.5904312133789 -25.079776763916016 -5
    endloop
  endfacet
  facet normal -0.41414292351057586 0.9102118648458244 0
    outer loop
      vertex -69.1373291015625 -21.66979217529297 -5
      vertex -72.86431121826172 -23.365554809570312 5
      vertex -69.1373291015625 -21.66979217529297 5
    endloop
  endfacet
  facet normal -0.41414292351057586 0.9102118648458244 0
    outer loop
      vertex -72.86431121826172 -23.365554809570312 5
      vertex -69.1373291015625 -21.66979217529297 -5
      vertex -72.86431121826172 -23.365554809570312 -5
    endloop
  endfacet
  facet normal -0.41031671749213894 0.9119430855851017 0
    outer loop
      vertex -65.40947723388672 -19.992494583129883 -5
      vertex -69.1373291015625 -21.66979217529297 5
      vertex -65.40947723388672 -19.992494583129883 5
    endloop
  endfacet
  facet normal -0.41031671749213894 0.9119430855851017 0
    outer loop
      vertex -69.1373291015625 -21.66979217529297 5
      vertex -65.40947723388672 -19.992494583129883 -5
      vertex -69.1373291015625 -21.66979217529297 -5
    endloop
  endfacet
  facet normal -0.4064697819525432 0.9136642251721646 0
    outer loop
      vertex -61.68075180053711 -18.333663940429688 -5
      vertex -65.40947723388672 -19.992494583129883 5
      vertex -61.68075180053711 -18.333663940429688 5
    endloop
  endfacet
  facet normal -0.4064697819525432 0.9136642251721646 0
    outer loop
      vertex -65.40947723388672 -19.992494583129883 5
      vertex -61.68075180053711 -18.333663940429688 -5
      vertex -65.40947723388672 -19.992494583129883 -5
    endloop
  endfacet
  facet normal -0.4026003200544507 0.9153758694066902 0
    outer loop
      vertex -57.951141357421875 -16.693307876586914 -5
      vertex -61.68075180053711 -18.333663940429688 5
      vertex -57.951141357421875 -16.693307876586914 5
    endloop
  endfacet
  facet normal -0.4026003200544507 0.9153758694066902 0
    outer loop
      vertex -61.68075180053711 -18.333663940429688 5
      vertex -57.951141357421875 -16.693307876586914 -5
      vertex -61.68075180053711 -18.333663940429688 -5
    endloop
  endfacet
  facet normal -0.3987109548538111 0.9170766459132859 0
    outer loop
      vertex -54.22064971923828 -15.071428298950195 -5
      vertex -57.951141357421875 -16.693307876586914 5
      vertex -54.22064971923828 -15.071428298950195 5
    endloop
  endfacet
  facet normal -0.3987109548538111 0.9170766459132859 0
    outer loop
      vertex -57.951141357421875 -16.693307876586914 5
      vertex -54.22064971923828 -15.071428298950195 -5
      vertex -57.951141357421875 -16.693307876586914 -5
    endloop
  endfacet
  facet normal -0.39479965249800947 0.9187672362396533 0
    outer loop
      vertex -50.489261627197266 -13.468029022216797 -5
      vertex -54.22064971923828 -15.071428298950195 5
      vertex -50.489261627197266 -13.468029022216797 5
    endloop
  endfacet
  facet normal -0.39479965249800947 0.9187672362396533 0
    outer loop
      vertex -54.22064971923828 -15.071428298950195 5
      vertex -50.489261627197266 -13.468029022216797 -5
      vertex -54.22064971923828 -15.071428298950195 -5
    endloop
  endfacet
  facet normal -0.39086692801025014 0.9204471981530662 0
    outer loop
      vertex -46.75697326660156 -11.883116722106934 -5
      vertex -50.489261627197266 -13.468029022216797 5
      vertex -46.75697326660156 -11.883116722106934 5
    endloop
  endfacet
  facet normal -0.39086692801025014 0.9204471981530662 0
    outer loop
      vertex -50.489261627197266 -13.468029022216797 5
      vertex -46.75697326660156 -11.883116722106934 -5
      vertex -50.489261627197266 -13.468029022216797 -5
    endloop
  endfacet
  facet normal -0.3869134552464665 0.9221160329097637 0
    outer loop
      vertex -43.023780822753906 -10.316695213317871 -5
      vertex -46.75697326660156 -11.883116722106934 5
      vertex -43.023780822753906 -10.316695213317871 5
    endloop
  endfacet
  facet normal -0.3869134552464665 0.9221160329097637 0
    outer loop
      vertex -46.75697326660156 -11.883116722106934 5
      vertex -43.023780822753906 -10.316695213317871 -5
      vertex -46.75697326660156 -11.883116722106934 -5
    endloop
  endfacet
  facet normal -0.38293911986979134 0.9237735818225967 0
    outer loop
      vertex -39.28968048095703 -8.768769264221191 -5
      vertex -43.023780822753906 -10.316695213317871 5
      vertex -39.28968048095703 -8.768769264221191 5
    endloop
  endfacet
  facet normal -0.38293911986979134 0.9237735818225967 0
    outer loop
      vertex -43.023780822753906 -10.316695213317871 5
      vertex -39.28968048095703 -8.768769264221191 -5
      vertex -43.023780822753906 -10.316695213317871 -5
    endloop
  endfacet
  facet normal -0.3789433475892564 0.9254198719056383 0
    outer loop
      vertex -35.55466079711914 -7.239343643188477 -5
      vertex -39.28968048095703 -8.768769264221191 5
      vertex -35.55466079711914 -7.239343643188477 5
    endloop
  endfacet
  facet normal -0.3789433475892564 0.9254198719056383 0
    outer loop
      vertex -39.28968048095703 -8.768769264221191 5
      vertex -35.55466079711914 -7.239343643188477 -5
      vertex -39.28968048095703 -8.768769264221191 -5
    endloop
  endfacet
  facet normal -0.37492703006135003 0.9270543253387988 0
    outer loop
      vertex -31.818721771240234 -5.728424072265625 -5
      vertex -35.55466079711914 -7.239343643188477 5
      vertex -31.818721771240234 -5.728424072265625 5
    endloop
  endfacet
  facet normal -0.37492703006135003 0.9270543253387988 0
    outer loop
      vertex -35.55466079711914 -7.239343643188477 5
      vertex -31.818721771240234 -5.728424072265625 -5
      vertex -35.55466079711914 -7.239343643188477 -5
    endloop
  endfacet
  facet normal -0.3708898477391439 0.9286768656772035 0
    outer loop
      vertex -28.08185386657715 -4.236014366149902 -5
      vertex -31.818721771240234 -5.728424072265625 5
      vertex -28.08185386657715 -4.236014366149902 5
    endloop
  endfacet
  facet normal -0.3708898477391439 0.9286768656772035 0
    outer loop
      vertex -31.818721771240234 -5.728424072265625 5
      vertex -28.08185386657715 -4.236014366149902 -5
      vertex -31.818721771240234 -5.728424072265625 -5
    endloop
  endfacet
  facet normal -0.36683178801902844 0.9302872885828132 0
    outer loop
      vertex -24.344053268432617 -2.7621212005615234 -5
      vertex -28.08185386657715 -4.236014366149902 5
      vertex -24.344053268432617 -2.7621212005615234 5
    endloop
  endfacet
  facet normal -0.36683178801902844 0.9302872885828132 0
    outer loop
      vertex -28.08185386657715 -4.236014366149902 5
      vertex -24.344053268432617 -2.7621212005615234 -5
      vertex -28.08185386657715 -4.236014366149902 -5
    endloop
  endfacet
  facet normal -0.36275336600061026 0.9318851836225466 0
    outer loop
      vertex -20.605316162109375 -1.3067493438720703 -5
      vertex -24.344053268432617 -2.7621212005615234 5
      vertex -20.605316162109375 -1.3067493438720703 5
    endloop
  endfacet
  facet normal -0.36275336600061026 0.9318851836225466 0
    outer loop
      vertex -24.344053268432617 -2.7621212005615234 5
      vertex -20.605316162109375 -1.3067493438720703 -5
      vertex -24.344053268432617 -2.7621212005615234 -5
    endloop
  endfacet
  facet normal -0.3586540093311719 0.9334705681437823 0
    outer loop
      vertex -16.865633010864258 0.1300954818725586 -5
      vertex -20.605316162109375 -1.3067493438720703 5
      vertex -16.865633010864258 0.1300954818725586 5
    endloop
  endfacet
  facet normal -0.3586540093311719 0.9334705681437823 0
    outer loop
      vertex -20.605316162109375 -1.3067493438720703 5
      vertex -16.865633010864258 0.1300954818725586 -5
      vertex -20.605316162109375 -1.3067493438720703 -5
    endloop
  endfacet
  facet normal -0.3545347649625794 0.9350428334749851 0
    outer loop
      vertex -13.12500286102295 1.5484085083007812 -5
      vertex -16.865633010864258 0.1300954818725586 5
      vertex -13.12500286102295 1.5484085083007812 5
    endloop
  endfacet
  facet normal -0.3545347649625794 0.9350428334749851 0
    outer loop
      vertex -16.865633010864258 0.1300954818725586 5
      vertex -13.12500286102295 1.5484085083007812 -5
      vertex -16.865633010864258 0.1300954818725586 -5
    endloop
  endfacet
  facet normal -0.3503949923668648 0.9366020229127336 0
    outer loop
      vertex -9.383418083190918 2.948184013366699 -5
      vertex -13.12500286102295 1.5484085083007812 5
      vertex -9.383418083190918 2.948184013366699 5
    endloop
  endfacet
  facet normal -0.3503949923668648 0.9366020229127336 0
    outer loop
      vertex -13.12500286102295 1.5484085083007812 5
      vertex -9.383418083190918 2.948184013366699 -5
      vertex -13.12500286102295 1.5484085083007812 -5
    endloop
  endfacet
  facet normal -0.3462350582251995 0.9381477945695937 0
    outer loop
      vertex -5.640873908996582 4.329416275024414 -5
      vertex -9.383418083190918 2.948184013366699 5
      vertex -5.640873908996582 4.329416275024414 5
    endloop
  endfacet
  facet normal -0.3462350582251995 0.9381477945695937 0
    outer loop
      vertex -9.383418083190918 2.948184013366699 5
      vertex -5.640873908996582 4.329416275024414 -5
      vertex -9.383418083190918 2.948184013366699 -5
    endloop
  endfacet
  facet normal -0.3420551722287012 0.9396798705684791 0
    outer loop
      vertex -1.8973665237426758 5.692099571228027 -5
      vertex -5.640873908996582 4.329416275024414 5
      vertex -1.8973665237426758 5.692099571228027 5
    endloop
  endfacet
  facet normal -0.3420551722287012 0.9396798705684791 0
    outer loop
      vertex -5.640873908996582 4.329416275024414 5
      vertex -1.8973665237426758 5.692099571228027 -5
      vertex -5.640873908996582 4.329416275024414 -5
    endloop
  endfacet
  facet normal 0.9486832980505138 0.31622776601683794 0
    outer loop
      vertex 0 0 5
      vertex -1.8973665237426758 5.692099571228027 -5
      vertex -1.8973665237426758 5.692099571228027 5
    endloop
  endfacet
  facet normal 0.9486832980505138 0.31622776601683794 0
    outer loop
      vertex -1.8973665237426758 5.692099571228027 -5
      vertex 0 0 5
      vertex 0 0 -5
    endloop
  endfacet
  facet normal 0.29413764685578175 -0.9557630693336834 0
    outer loop
      vertex -1.8591251373291016 -6.848166465759277 -5
      vertex 0 -6.276017665863037 5
      vertex -1.8591251373291016 -6.848166465759277 5
    endloop
  endfacet
  facet normal 0.29413764685578175 -0.9557630693336834 0
    outer loop
      vertex 0 -6.276017665863037 5
      vertex -1.8591251373291016 -6.848166465759277 -5
      vertex 0 -6.276017665863037 -5
    endloop
  endfacet
  facet normal 0.2984629864646422 -0.9544212097971245 0
    outer loop
      vertex -5.616580963134766 -8.023183822631836 -5
      vertex -1.8591251373291016 -6.848166465759277 5
      vertex -5.616580963134766 -8.023183822631836 5
    endloop
  endfacet
  facet normal 0.2984629864646422 -0.9544212097971245 0
    outer loop
      vertex -1.8591251373291016 -6.848166465759277 5
      vertex -5.616580963134766 -8.023183822631836 -5
      vertex -1.8591251373291016 -6.848166465759277 -5
    endloop
  endfacet
  facet normal 0.3027695932986042 -0.9530637824268625 0
    outer loop
      vertex -9.374996185302734 -9.217158317565918 -5
      vertex -5.616580963134766 -8.023183822631836 5
      vertex -9.374996185302734 -9.217158317565918 5
    endloop
  endfacet
  facet normal 0.3027695932986042 -0.9530637824268625 0
    outer loop
      vertex -5.616580963134766 -8.023183822631836 5
      vertex -9.374996185302734 -9.217158317565918 -5
      vertex -5.616580963134766 -8.023183822631836 -5
    endloop
  endfacet
  facet normal 0.30705721412022363 -0.9516910566232759 0
    outer loop
      vertex -13.134366035461426 -10.430095672607422 -5
      vertex -9.374996185302734 -9.217158317565918 5
      vertex -13.134366035461426 -10.430095672607422 5
    endloop
  endfacet
  facet normal 0.30705721412022363 -0.9516910566232759 0
    outer loop
      vertex -9.374996185302734 -9.217158317565918 5
      vertex -13.134366035461426 -10.430095672607422 -5
      vertex -9.374996185302734 -9.217158317565918 -5
    endloop
  endfacet
  facet normal 0.3113254257675591 -0.9503033617064859 0
    outer loop
      vertex -16.894683837890625 -11.661999702453613 -5
      vertex -13.134366035461426 -10.430095672607422 5
      vertex -16.894683837890625 -11.661999702453613 5
    endloop
  endfacet
  facet normal 0.3113254257675591 -0.9503033617064859 0
    outer loop
      vertex -13.134366035461426 -10.430095672607422 5
      vertex -16.894683837890625 -11.661999702453613 -5
      vertex -13.134366035461426 -10.430095672607422 -5
    endloop
  endfacet
  facet normal 0.3155748354278011 -0.9489006919824204 0
    outer loop
      vertex -20.65594482421875 -12.912878036499023 -5
      vertex -16.894683837890625 -11.661999702453613 5
      vertex -20.65594482421875 -12.912878036499023 5
    endloop
  endfacet
  facet normal 0.3155748354278011 -0.9489006919824204 0
    outer loop
      vertex -16.894683837890625 -11.661999702453613 5
      vertex -20.65594482421875 -12.912878036499023 -5
      vertex -16.894683837890625 -11.661999702453613 -5
    endloop
  endfacet
  facet normal 0.319804453294819 -0.9474835680120272 0
    outer loop
      vertex -24.41814422607422 -14.182734489440918 -5
      vertex -20.65594482421875 -12.912878036499023 5
      vertex -24.41814422607422 -14.182734489440918 5
    endloop
  endfacet
  facet normal 0.319804453294819 -0.9474835680120272 0
    outer loop
      vertex -20.65594482421875 -12.912878036499023 5
      vertex -24.41814422607422 -14.182734489440918 -5
      vertex -20.65594482421875 -12.912878036499023 -5
    endloop
  endfacet
  facet normal 0.324014739144223 -0.9460520328276354 0
    outer loop
      vertex -28.181278228759766 -15.471575736999512 -5
      vertex -24.41814422607422 -14.182734489440918 5
      vertex -28.181278228759766 -15.471575736999512 5
    endloop
  endfacet
  facet normal 0.324014739144223 -0.9460520328276354 0
    outer loop
      vertex -24.41814422607422 -14.182734489440918 5
      vertex -28.181278228759766 -15.471575736999512 -5
      vertex -24.41814422607422 -14.182734489440918 -5
    endloop
  endfacet
  facet normal 0.32820523185719647 -0.9446064396252887 0
    outer loop
      vertex -31.94533920288086 -16.77940559387207 -5
      vertex -28.181278228759766 -15.471575736999512 5
      vertex -31.94533920288086 -16.77940559387207 5
    endloop
  endfacet
  facet normal 0.32820523185719647 -0.9446064396252887 0
    outer loop
      vertex -28.181278228759766 -15.471575736999512 5
      vertex -31.94533920288086 -16.77940559387207 -5
      vertex -28.181278228759766 -15.471575736999512 -5
    endloop
  endfacet
  facet normal 0.3323762614416805 -0.9431468712931469 0
    outer loop
      vertex -35.71031951904297 -18.106229782104492 -5
      vertex -31.94533920288086 -16.77940559387207 5
      vertex -35.71031951904297 -18.106229782104492 5
    endloop
  endfacet
  facet normal 0.3323762614416805 -0.9431468712931469 0
    outer loop
      vertex -31.94533920288086 -16.77940559387207 5
      vertex -35.71031951904297 -18.106229782104492 -5
      vertex -31.94533920288086 -16.77940559387207 -5
    endloop
  endfacet
  facet normal 0.3365269149420821 -0.9416738477411192 0
    outer loop
      vertex -39.476219177246094 -19.45205307006836 -5
      vertex -35.71031951904297 -18.106229782104492 5
      vertex -39.476219177246094 -19.45205307006836 5
    endloop
  endfacet
  facet normal 0.3365269149420821 -0.9416738477411192 0
    outer loop
      vertex -35.71031951904297 -18.106229782104492 5
      vertex -39.476219177246094 -19.45205307006836 -5
      vertex -35.71031951904297 -18.106229782104492 -5
    endloop
  endfacet
  facet normal 0.34065863290228815 -0.9401870536383407 0
    outer loop
      vertex -43.24302673339844 -20.816883087158203 -5
      vertex -39.476219177246094 -19.45205307006836 5
      vertex -43.24302673339844 -20.816883087158203 5
    endloop
  endfacet
  facet normal 0.34065863290228815 -0.9401870536383407 0
    outer loop
      vertex -39.476219177246094 -19.45205307006836 5
      vertex -43.24302673339844 -20.816883087158203 -5
      vertex -39.476219177246094 -19.45205307006836 -5
    endloop
  endfacet
  facet normal 0.3447690387106224 -0.9386875464959324 0
    outer loop
      vertex -47.010738372802734 -22.200719833374023 -5
      vertex -43.24302673339844 -20.816883087158203 5
      vertex -47.010738372802734 -22.200719833374023 5
    endloop
  endfacet
  facet normal 0.3447690387106224 -0.9386875464959324 0
    outer loop
      vertex -43.24302673339844 -20.816883087158203 5
      vertex -47.010738372802734 -22.200719833374023 -5
      vertex -43.24302673339844 -20.816883087158203 -5
    endloop
  endfacet
  facet normal 0.34885972595836023 -0.937174952505805 0
    outer loop
      vertex -50.77935028076172 -23.60357093811035 -5
      vertex -47.010738372802734 -22.200719833374023 5
      vertex -50.77935028076172 -23.60357093811035 5
    endloop
  endfacet
  facet normal 0.34885972595836023 -0.937174952505805 0
    outer loop
      vertex -47.010738372802734 -22.200719833374023 5
      vertex -50.77935028076172 -23.60357093811035 -5
      vertex -47.010738372802734 -22.200719833374023 -5
    endloop
  endfacet
  facet normal 0.3529300846676881 -0.9356496969146404 0
    outer loop
      vertex -54.54885482788086 -25.025440216064453 -5
      vertex -50.77935028076172 -23.60357093811035 5
      vertex -54.54885482788086 -25.025440216064453 5
    endloop
  endfacet
  facet normal 0.3529300846676881 -0.9356496969146404 0
    outer loop
      vertex -50.77935028076172 -23.60357093811035 5
      vertex -54.54885482788086 -25.025440216064453 -5
      vertex -50.77935028076172 -23.60357093811035 -5
    endloop
  endfacet
  facet normal 0.3569801428846734 -0.9341119727238476 0
    outer loop
      vertex -58.31924819946289 -26.466333389282227 -5
      vertex -54.54885482788086 -25.025440216064453 5
      vertex -58.31924819946289 -26.466333389282227 5
    endloop
  endfacet
  facet normal 0.3569801428846734 -0.9341119727238476 0
    outer loop
      vertex -54.54885482788086 -25.025440216064453 5
      vertex -58.31924819946289 -26.466333389282227 -5
      vertex -54.54885482788086 -25.025440216064453 -5
    endloop
  endfacet
  facet normal 0.36100972926843733 -0.9325620490742317 0
    outer loop
      vertex -62.09052276611328 -27.926254272460938 -5
      vertex -58.31924819946289 -26.466333389282227 5
      vertex -62.09052276611328 -27.926254272460938 5
    endloop
  endfacet
  facet normal 0.36100972926843733 -0.9325620490742317 0
    outer loop
      vertex -58.31924819946289 -26.466333389282227 5
      vertex -62.09052276611328 -27.926254272460938 -5
      vertex -58.31924819946289 -26.466333389282227 -5
    endloop
  endfacet
  facet normal 0.36501837495704675 -0.9310003146850793 0
    outer loop
      vertex -65.8626708984375 -29.40520477294922 -5
      vertex -62.09052276611328 -27.926254272460938 5
      vertex -65.8626708984375 -29.40520477294922 5
    endloop
  endfacet
  facet normal 0.36501837495704675 -0.9310003146850793 0
    outer loop
      vertex -62.09052276611328 -27.926254272460938 5
      vertex -65.8626708984375 -29.40520477294922 -5
      vertex -62.09052276611328 -27.926254272460938 -5
    endloop
  endfacet
  facet normal 0.3690073308089277 -0.9294264843489617 0
    outer loop
      vertex -69.63568878173828 -30.903194427490234 -5
      vertex -65.8626708984375 -29.40520477294922 5
      vertex -69.63568878173828 -30.903194427490234 5
    endloop
  endfacet
  facet normal 0.3690073308089277 -0.9294264843489617 0
    outer loop
      vertex -65.8626708984375 -29.40520477294922 5
      vertex -69.63568878173828 -30.903194427490234 -5
      vertex -65.8626708984375 -29.40520477294922 -5
    endloop
  endfacet
  facet normal 0.37297482370895363 -0.9278414632248738 0
    outer loop
      vertex -73.4095687866211 -32.420223236083984 -5
      vertex -69.63568878173828 -30.903194427490234 5
      vertex -73.4095687866211 -32.420223236083984 5
    endloop
  endfacet
  facet normal 0.37297482370895363 -0.9278414632248738 0
    outer loop
      vertex -69.63568878173828 -30.903194427490234 5
      vertex -73.4095687866211 -32.420223236083984 -5
      vertex -69.63568878173828 -30.903194427490234 -5
    endloop
  endfacet
  facet normal 0.37692096734470343 -0.9262454234035021 0
    outer loop
      vertex -77.18431091308594 -33.956295013427734 -5
      vertex -73.4095687866211 -32.420223236083984 5
      vertex -77.18431091308594 -33.956295013427734 5
    endloop
  endfacet
  facet normal 0.37692096734470343 -0.9262454234035021 0
    outer loop
      vertex -73.4095687866211 -32.420223236083984 5
      vertex -77.18431091308594 -33.956295013427734 -5
      vertex -73.4095687866211 -32.420223236083984 -5
    endloop
  endfacet
  facet normal 0.3808470196197242 -0.9246380630532001 0
    outer loop
      vertex -80.95989990234375 -35.51141357421875 -5
      vertex -77.18431091308594 -33.956295013427734 5
      vertex -80.95989990234375 -35.51141357421875 5
    endloop
  endfacet
  facet normal 0.3808470196197242 -0.9246380630532001 0
    outer loop
      vertex -77.18431091308594 -33.956295013427734 5
      vertex -80.95989990234375 -35.51141357421875 -5
      vertex -77.18431091308594 -33.956295013427734 -5
    endloop
  endfacet
  facet normal 0.38475308467086494 -0.923019535999241 0
    outer loop
      vertex -84.736328125 -37.08558654785156 -5
      vertex -80.95989990234375 -35.51141357421875 5
      vertex -84.736328125 -37.08558654785156 5
    endloop
  endfacet
  facet normal 0.38475308467086494 -0.923019535999241 0
    outer loop
      vertex -80.95989990234375 -35.51141357421875 5
      vertex -84.736328125 -37.08558654785156 -5
      vertex -80.95989990234375 -35.51141357421875 -5
    endloop
  endfacet
  facet normal 0.38863619927956816 -0.9213912874612674 0
    outer loop
      vertex -88.51360321044922 -38.67881393432617 -5
      vertex -84.736328125 -37.08558654785156 5
      vertex -88.51360321044922 -38.67881393432617 5
    endloop
  endfacet
  facet normal 0.38863619927956816 -0.9213912874612674 0
    outer loop
      vertex -84.736328125 -37.08558654785156 5
      vertex -88.51360321044922 -38.67881393432617 -5
      vertex -84.736328125 -37.08558654785156 -5
    endloop
  endfacet
  facet normal 0.39249911554445416 -0.9197523820555299 0
    outer loop
      vertex -92.29170989990234 -40.291099548339844 -5
      vertex -88.51360321044922 -38.67881393432617 5
      vertex -92.29170989990234 -40.291099548339844 5
    endloop
  endfacet
  facet normal 0.39249911554445416 -0.9197523820555299 0
    outer loop
      vertex -88.51360321044922 -38.67881393432617 5
      vertex -92.29170989990234 -40.291099548339844 -5
      vertex -88.51360321044922 -38.67881393432617 -5
    endloop
  endfacet
  facet normal 0.3963419227804749 -0.9181029791078319 0
    outer loop
      vertex -96.07064056396484 -41.92245101928711 -5
      vertex -92.29170989990234 -40.291099548339844 5
      vertex -96.07064056396484 -41.92245101928711 5
    endloop
  endfacet
  facet normal 0.3963419227804749 -0.9181029791078319 0
    outer loop
      vertex -92.29170989990234 -40.291099548339844 5
      vertex -96.07064056396484 -41.92245101928711 -5
      vertex -92.29170989990234 -40.291099548339844 -5
    endloop
  endfacet
  facet normal 0.4001630281331458 -0.9164439704178925 0
    outer loop
      vertex -99.85038757324219 -43.57286834716797 -5
      vertex -96.07064056396484 -41.92245101928711 5
      vertex -99.85038757324219 -43.57286834716797 5
    endloop
  endfacet
  facet normal 0.4001630281331458 -0.9164439704178925 0
    outer loop
      vertex -96.07064056396484 -41.92245101928711 5
      vertex -99.85038757324219 -43.57286834716797 -5
      vertex -96.07064056396484 -41.92245101928711 -5
    endloop
  endfacet
  facet normal 0.403962512516663 -0.9147755399447588 0
    outer loop
      vertex -103.63095092773438 -45.24235534667969 -5
      vertex -99.85038757324219 -43.57286834716797 5
      vertex -103.63095092773438 -45.24235534667969 5
    endloop
  endfacet
  facet normal 0.403962512516663 -0.9147755399447588 0
    outer loop
      vertex -99.85038757324219 -43.57286834716797 5
      vertex -103.63095092773438 -45.24235534667969 -5
      vertex -99.85038757324219 -43.57286834716797 -5
    endloop
  endfacet
  facet normal 0.4077402637026172 -0.9130979560571364 0
    outer loop
      vertex -107.41232299804688 -46.930912017822266 -5
      vertex -103.63095092773438 -45.24235534667969 5
      vertex -107.41232299804688 -46.930912017822266 5
    endloop
  endfacet
  facet normal 0.4077402637026172 -0.9130979560571364 0
    outer loop
      vertex -103.63095092773438 -45.24235534667969 5
      vertex -107.41232299804688 -46.930912017822266 -5
      vertex -103.63095092773438 -45.24235534667969 -5
    endloop
  endfacet
  facet normal 0.41149780683522336 -0.9114107498651753 0
    outer loop
      vertex -111.19449615478516 -48.638545989990234 -5
      vertex -107.41232299804688 -46.930912017822266 5
      vertex -111.19449615478516 -48.638545989990234 5
    endloop
  endfacet
  facet normal 0.41149780683522336 -0.9114107498651753 0
    outer loop
      vertex -107.41232299804688 -46.930912017822266 5
      vertex -111.19449615478516 -48.638545989990234 -5
      vertex -107.41232299804688 -46.930912017822266 -5
    endloop
  endfacet
  facet normal 0.41523435762052047 -0.9097144762239819 0
    outer loop
      vertex -114.97746276855469 -50.36526107788086 -5
      vertex -111.19449615478516 -48.638545989990234 5
      vertex -114.97746276855469 -50.36526107788086 5
    endloop
  endfacet
  facet normal 0.41523435762052047 -0.9097144762239819 0
    outer loop
      vertex -111.19449615478516 -48.638545989990234 5
      vertex -114.97746276855469 -50.36526107788086 -5
      vertex -111.19449615478516 -48.638545989990234 -5
    endloop
  endfacet
  facet normal 0.41894915274607225 -0.9080096956604308 0
    outer loop
      vertex -118.76121520996094 -52.11105728149414 -5
      vertex -114.97746276855469 -50.36526107788086 5
      vertex -118.76121520996094 -52.11105728149414 5
    endloop
  endfacet
  facet normal 0.41894915274607225 -0.9080096956604308 0
    outer loop
      vertex -114.97746276855469 -50.36526107788086 5
      vertex -118.76121520996094 -52.11105728149414 -5
      vertex -114.97746276855469 -50.36526107788086 -5
    endloop
  endfacet
  facet normal 0.4226429505328945 -0.9062962740543785 0
    outer loop
      vertex -122.54574584960938 -53.875938415527344 -5
      vertex -118.76121520996094 -52.11105728149414 5
      vertex -122.54574584960938 -53.875938415527344 5
    endloop
  endfacet
  facet normal 0.4226429505328945 -0.9062962740543785 0
    outer loop
      vertex -118.76121520996094 -52.11105728149414 5
      vertex -122.54574584960938 -53.875938415527344 -5
      vertex -118.76121520996094 -52.11105728149414 -5
    endloop
  endfacet
  facet normal 0.4263142999202483 -0.9045751033957924 0
    outer loop
      vertex -126.3310546875 -55.65990447998047 -5
      vertex -122.54574584960938 -53.875938415527344 5
      vertex -126.3310546875 -55.65990447998047 5
    endloop
  endfacet
  facet normal 0.4263142999202483 -0.9045751033957924 0
    outer loop
      vertex -122.54574584960938 -53.875938415527344 5
      vertex -126.3310546875 -55.65990447998047 -5
      vertex -122.54574584960938 -53.875938415527344 -5
    endloop
  endfacet
  facet normal 0.42996610127937224 -0.9028450319687298 0
    outer loop
      vertex -130.11712646484375 -57.46296310424805 -5
      vertex -126.3310546875 -55.65990447998047 5
      vertex -130.11712646484375 -57.46296310424805 5
    endloop
  endfacet
  facet normal 0.42996610127937224 -0.9028450319687298 0
    outer loop
      vertex -126.3310546875 -55.65990447998047 5
      vertex -130.11712646484375 -57.46296310424805 -5
      vertex -126.3310546875 -55.65990447998047 -5
    endloop
  endfacet
  facet normal 0.4335947806436444 -0.9011079658945369 0
    outer loop
      vertex -133.9039764404297 -59.285118103027344 -5
      vertex -130.11712646484375 -57.46296310424805 5
      vertex -133.9039764404297 -59.285118103027344 5
    endloop
  endfacet
  facet normal 0.4335947806436444 -0.9011079658945369 0
    outer loop
      vertex -130.11712646484375 -57.46296310424805 5
      vertex -133.9039764404297 -59.285118103027344 -5
      vertex -130.11712646484375 -57.46296310424805 -5
    endloop
  endfacet
  facet normal 0.43720312697816893 -0.8993627887346191 0
    outer loop
      vertex -137.6915740966797 -61.126365661621094 -5
      vertex -133.9039764404297 -59.285118103027344 5
      vertex -137.6915740966797 -61.126365661621094 5
    endloop
  endfacet
  facet normal 0.43720312697816893 -0.8993627887346191 0
    outer loop
      vertex -133.9039764404297 -59.285118103027344 5
      vertex -137.6915740966797 -61.126365661621094 -5
      vertex -133.9039764404297 -59.285118103027344 -5
    endloop
  endfacet
  facet normal 0.4407897995198504 -0.8976103568025773 0
    outer loop
      vertex -141.47991943359375 -62.98670959472656 -5
      vertex -137.6915740966797 -61.126365661621094 5
      vertex -141.47991943359375 -62.98670959472656 5
    endloop
  endfacet
  facet normal 0.4407897995198504 -0.8976103568025773 0
    outer loop
      vertex -137.6915740966797 -61.126365661621094 5
      vertex -141.47991943359375 -62.98670959472656 -5
      vertex -137.6915740966797 -61.126365661621094 -5
    endloop
  endfacet
  facet normal 0.44435696289984666 -0.8958498141554891 0
    outer loop
      vertex -145.2689971923828 -64.86615753173828 -5
      vertex -141.47991943359375 -62.98670959472656 5
      vertex -145.2689971923828 -64.86615753173828 5
    endloop
  endfacet
  facet normal 0.44435696289984666 -0.8958498141554891 0
    outer loop
      vertex -141.47991943359375 -62.98670959472656 5
      vertex -145.2689971923828 -64.86615753173828 -5
      vertex -141.47991943359375 -62.98670959472656 -5
    endloop
  endfacet
  facet normal 0.4479003063873943 -0.8940835059087481 0
    outer loop
      vertex -149.05882263183594 -66.76470947265625 -5
      vertex -145.2689971923828 -64.86615753173828 5
      vertex -149.05882263183594 -66.76470947265625 5
    endloop
  endfacet
  facet normal 0.4479003063873943 -0.8940835059087481 0
    outer loop
      vertex -145.2689971923828 -64.86615753173828 5
      vertex -149.05882263183594 -66.76470947265625 -5
      vertex -145.2689971923828 -64.86615753173828 -5
    endloop
  endfacet
  facet normal -0.8823529411764706 -0.47058823529411764 0
    outer loop
      vertex -149.05882263183594 -66.76470947265625 -5
      vertex -150.94117736816406 -63.235294342041016 5
      vertex -150.94117736816406 -63.235294342041016 -5
    endloop
  endfacet
  facet normal -0.8823529411764706 -0.47058823529411764 0
    outer loop
      vertex -150.94117736816406 -63.235294342041016 5
      vertex -149.05882263183594 -66.76470947265625 -5
      vertex -149.05882263183594 -66.76470947265625 5
    endloop
  endfacet
endsolid OpenSCAD_Model
